company_id,year,broad_sector,de_ratio,leverage_flag,icr,icr_flag,net_debt,net_debt_status,asset_turnover
ABB,2012-12,Industrials,0.0,NORMAL,,DEBT_FREE,,SOURCE_CASH_FIELD_UNAVAILABLE,1.822491730981257
ABB,2014-03,Industrials,0.0,NORMAL,,DEBT_FREE,,SOURCE_CASH_FIELD_UNAVAILABLE,1.9982440737489024
ABB,2015-03,Industrials,0.0,NORMAL,,DEBT_FREE,,SOURCE_CASH_FIELD_UNAVAILABLE,1.665938864628821
ABB,2016-03,Industrials,0.0,NORMAL,121.66666666666667,DEBT_FREE,,SOURCE_CASH_FIELD_UNAVAILABLE,1.6175742574257426
ABB,2017-03,Industrials,0.0,NORMAL,199.0,DEBT_FREE,,SOURCE_CASH_FIELD_UNAVAILABLE,1.40513068731849
ABB,2018-03,Industrials,0.0,NORMAL,131.25,DEBT_FREE,,SOURCE_CASH_FIELD_UNAVAILABLE,1.365066225165563
ABB,2019-03,Industrials,0.0,NORMAL,302.5,DEBT_FREE,,SOURCE_CASH_FIELD_UNAVAILABLE,1.2509350561033663
ABB,2020-03,Industrials,0.07198683669271905,NORMAL,84.11111111111111,NORMAL,,SOURCE_CASH_FIELD_UNAVAILABLE,1.153932901043135
ABB,2021-03,Industrials,0.058800922367409685,NORMAL,51.22222222222222,NORMAL,,SOURCE_CASH_FIELD_UNAVAILABLE,1.1223958333333333
ABB,2022-03,Industrials,0.05390070921985816,NORMAL,56.94736842105263,NORMAL,,SOURCE_CASH_FIELD_UNAVAILABLE,1.1631155303030303
ABB,2023-03,Industrials,0.03544542032622334,NORMAL,75.375,NORMAL,,SOURCE_CASH_FIELD_UNAVAILABLE,1.1740561896400352
ABB,2024-03,Industrials,0.022438496891051634,NORMAL,121.08333333333333,NORMAL,,SOURCE_CASH_FIELD_UNAVAILABLE,1.1263238975544
ADANIENSOL,2014-03,Energy,0.0,NORMAL,,DEBT_FREE,,SOURCE_CASH_FIELD_UNAVAILABLE,
ADANIENSOL,2015-03,Energy,8.95752539242844,HIGH_LEVERAGE,1.3835616438356164,ICR_WARNING,,SOURCE_CASH_FIELD_UNAVAILABLE,0.011399234249912982
ADANIENSOL,2016-03,Energy,3.2129491017964074,HIGH_LEVERAGE,2.013584117032393,NORMAL,,SOURCE_CASH_FIELD_UNAVAILABLE,0.18678699131619275
ADANIENSOL,2017-03,Energy,3.045469969460468,HIGH_LEVERAGE,2.1935840707964602,NORMAL,,SOURCE_CASH_FIELD_UNAVAILABLE,0.22449457497463118
ADANIENSOL,2018-03,Energy,1.7216443784051512,NORMAL,3.1896162528216703,NORMAL,,SOURCE_CASH_FIELD_UNAVAILABLE,0.22843903851723138
ADANIENSOL,2019-03,Energy,2.50366778565212,HIGH_LEVERAGE,1.9971243709561466,NORMAL,,SOURCE_CASH_FIELD_UNAVAILABLE,0.2243688187235088
ADANIENSOL,2020-03,Energy,2.8528062124955875,HIGH_LEVERAGE,1.902591599642538,NORMAL,,SOURCE_CASH_FIELD_UNAVAILABLE,0.2874770214801944
ADANIENSOL,2021-03,Energy,3.0378966251821953,HIGH_LEVERAGE,1.8658478979688238,NORMAL,,SOURCE_CASH_FIELD_UNAVAILABLE,0.22958782439746495
ADANIENSOL,2022-03,Energy,3.016443054574801,HIGH_LEVERAGE,1.7784355179704017,NORMAL,,SOURCE_CASH_FIELD_UNAVAILABLE,0.23719029158941513
ADANIENSOL,2023-03,Energy,2.916843986722274,HIGH_LEVERAGE,1.6245954692556634,NORMAL,,SOURCE_CASH_FIELD_UNAVAILABLE,0.24647704516798932
ADANIENSOL,2024-03,Energy,2.93252116130053,HIGH_LEVERAGE,2.063968196602819,NORMAL,,SOURCE_CASH_FIELD_UNAVAILABLE,0.2836960606785336
ADANIENT,2013-03,Industrials,3.240418769863526,HIGH_LEVERAGE,1.7242268041237114,NORMAL,,SOURCE_CASH_FIELD_UNAVAILABLE,0.41453996120531683
ADANIENT,2014-03,Industrials,3.0298438355011155,HIGH_LEVERAGE,1.6452744169735227,NORMAL,,SOURCE_CASH_FIELD_UNAVAILABLE,0.4652503767929417
ADANIENT,2015-03,Industrials,3.248250932835821,HIGH_LEVERAGE,1.7644557823129252,NORMAL,,SOURCE_CASH_FIELD_UNAVAILABLE,0.4931608500742055
ADANIENT,2016-03,Industrials,1.4328748691882194,NORMAL,1.2409727339719971,ICR_WARNING,,SOURCE_CASH_FIELD_UNAVAILABLE,0.8159504786583172
ADANIENT,2017-03,Industrials,1.4746745897000566,NORMAL,1.5131264916467781,NORMAL,,SOURCE_CASH_FIELD_UNAVAILABLE,0.7673226775325029
ADANIENT,2018-03,Industrials,1.1688647359003248,NORMAL,1.6304,NORMAL,,SOURCE_CASH_FIELD_UNAVAILABLE,0.6368938923854268
ADANIENT,2019-03,Industrials,0.7619273515857956,NORMAL,1.2116923076923076,ICR_WARNING,,SOURCE_CASH_FIELD_UNAVAILABLE,0.9492900131653188
ADANIENT,2020-03,Industrials,0.7328140673865581,NORMAL,1.4592875318066159,ICR_WARNING,,SOURCE_CASH_FIELD_UNAVAILABLE,0.9259306666666667
ADANIENT,2021-03,Industrials,0.9456844804475786,NORMAL,1.8198983297022513,NORMAL,,SOURCE_CASH_FIELD_UNAVAILABLE,0.7659685762442606
ADANIENT,2022-03,Industrials,1.8692546165251382,NORMAL,1.4703087885985748,ICR_WARNING,,SOURCE_CASH_FIELD_UNAVAILABLE,0.6833618805740949
ADANIENT,2023-03,Industrials,1.6096335965628876,NORMAL,2.2217183169564123,NORMAL,,SOURCE_CASH_FIELD_UNAVAILABLE,0.9027590990812441
ADANIENT,2024-03,Industrials,1.671358378544375,NORMAL,2.497694840834248,NORMAL,,SOURCE_CASH_FIELD_UNAVAILABLE,0.6004321671876751
ADANIGREEN,2017-03,Energy,3.6134663341645887,HIGH_LEVERAGE,1.2065868263473054,ICR_WARNING,,SOURCE_CASH_FIELD_UNAVAILABLE,0.08149350649350649
ADANIGREEN,2018-03,Energy,7.355704697986577,HIGH_LEVERAGE,1.5271739130434783,NORMAL,,SOURCE_CASH_FIELD_UNAVAILABLE,0.09421350818002419
ADANIGREEN,2019-03,Energy,5.764097258147957,HIGH_LEVERAGE,1.3612845673505798,ICR_WARNING,,SOURCE_CASH_FIELD_UNAVAILABLE,0.14040114613180515
ADANIGREEN,2020-03,Energy,6.307170131523122,HIGH_LEVERAGE,1.4572864321608041,ICR_WARNING,,SOURCE_CASH_FIELD_UNAVAILABLE,0.13835214937038645
ADANIGREEN,2021-03,Energy,11.004090909090909,HIGH_LEVERAGE,1.1474654377880185,ICR_WARNING,,SOURCE_CASH_FIELD_UNAVAILABLE,0.10888052418792694
ADANIGREEN,2022-03,Energy,20.211170619739864,HIGH_LEVERAGE,1.3419946503630111,ICR_WARNING,,SOURCE_CASH_FIELD_UNAVAILABLE,0.08706788343454218
ADANIGREEN,2023-03,Energy,7.423740416210296,HIGH_LEVERAGE,1.7073170731707317,NORMAL,,SOURCE_CASH_FIELD_UNAVAILABLE,0.11621754920862665
ADANIGREEN,2024-03,Energy,6.595281675818589,HIGH_LEVERAGE,1.4618457850579305,ICR_WARNING,,SOURCE_CASH_FIELD_UNAVAILABLE,0.10467043571055559
ADANIPORTS,2013-03,Industrials,1.817328745699093,NORMAL,4.394833948339484,NORMAL,,SOURCE_CASH_FIELD_UNAVAILABLE,0.17004991680532447
ADANIPORTS,2014-03,Industrials,1.4807758128921849,NORMAL,2.9877175025588536,NORMAL,,SOURCE_CASH_FIELD_UNAVAILABLE,0.19572881630668235
ADANIPORTS,2015-03,Industrials,1.651277287505806,NORMAL,3.3208510638297875,NORMAL,,SOURCE_CASH_FIELD_UNAVAILABLE,0.19175861853999127
ADANIPORTS,2016-03,Industrials,1.6543502406516104,NORMAL,4.072064056939502,NORMAL,,SOURCE_CASH_FIELD_UNAVAILABLE,0.18520255308063047
ADANIPORTS,2017-03,Industrials,1.2674883030925481,NORMAL,4.854838709677419,NORMAL,,SOURCE_CASH_FIELD_UNAVAILABLE,0.19458599460444095
ADANIPORTS,2018-03,Industrials,1.0701813136870306,NORMAL,4.532615579480684,NORMAL,,SOURCE_CASH_FIELD_UNAVAILABLE,0.23972646243092752
ADANIPORTS,2019-03,Industrials,1.1370425077958313,NORMAL,4.76245487364621,NORMAL,,SOURCE_CASH_FIELD_UNAVAILABLE,0.19401182717408677
ADANIPORTS,2020-03,Industrials,1.1879640177554307,NORMAL,3.0481804202972835,NORMAL,,SOURCE_CASH_FIELD_UNAVAILABLE,0.1917567065587803
ADANIPORTS,2021-03,Industrials,1.1778522387569397,NORMAL,3.852771618625277,NORMAL,,SOURCE_CASH_FIELD_UNAVAILABLE,0.16827116462417205
ADANIPORTS,2022-03,Industrials,1.1461944955883407,NORMAL,3.7452830188679247,NORMAL,,SOURCE_CASH_FIELD_UNAVAILABLE,0.1741009681881051
ADANIPORTS,2023-03,Industrials,1.1772455881380952,NORMAL,4.632670334320778,NORMAL,,SOURCE_CASH_FIELD_UNAVAILABLE,0.18524737258246493
ADANIPORTS,2024-03,Industrials,0.9373223691689719,NORMAL,5.7039882912550315,NORMAL,,SOURCE_CASH_FIELD_UNAVAILABLE,0.22830109659056916
ADANIPOWER,2013-03,Energy,9.735616119263918,HIGH_LEVERAGE,0.5637110980622431,ICR_WARNING,,SOURCE_CASH_FIELD_UNAVAILABLE,0.12236688121708601
ADANIPOWER,2014-03,Energy,6.747669264863212,HIGH_LEVERAGE,1.1035559827006247,ICR_WARNING,,SOURCE_CASH_FIELD_UNAVAILABLE,0.2609509865676978
ADANIPOWER,2015-03,Energy,7.815196506550218,HIGH_LEVERAGE,0.9617598684210527,ICR_WARNING,,SOURCE_CASH_FIELD_UNAVAILABLE,0.3195095256011219
ADANIPOWER,2016-03,Energy,7.06065881092662,HIGH_LEVERAGE,1.5830935251798561,NORMAL,,SOURCE_CASH_FIELD_UNAVAILABLE,0.33481542074570547
ADANIPOWER,2017-03,Energy,17.494666666666667,HIGH_LEVERAGE,1.013215859030837,ICR_WARNING,,SOURCE_CASH_FIELD_UNAVAILABLE,0.31625903707121983
ADANIPOWER,2018-03,Energy,59.43194600674916,HIGH_LEVERAGE,0.9759425493716337,ICR_WARNING,,SOURCE_CASH_FIELD_UNAVAILABLE,0.29202623403520883
ADANIPOWER,2019-03,Energy,6.091804979253112,HIGH_LEVERAGE,0.8808555771610395,ICR_WARNING,,SOURCE_CASH_FIELD_UNAVAILABLE,0.3513127895859381
ADANIPOWER,2020-03,Energy,8.517049837987965,HIGH_LEVERAGE,1.0788334901222953,ICR_WARNING,,SOURCE_CASH_FIELD_UNAVAILABLE,0.3527890703098967
ADANIPOWER,2021-03,Energy,4.005109433386716,HIGH_LEVERAGE,1.701527614571093,NORMAL,,SOURCE_CASH_FIELD_UNAVAILABLE,0.3327284724513362
ADANIPOWER,2022-03,Energy,2.662675407704394,HIGH_LEVERAGE,2.412942612942613,NORMAL,,SOURCE_CASH_FIELD_UNAVAILABLE,0.33801734548248985
ADANIPOWER,2023-03,Energy,1.4175257731958764,NORMAL,3.0281943611277744,NORMAL,,SOURCE_CASH_FIELD_UNAVAILABLE,0.4517891891262045
ADANIPOWER,2024-03,Energy,0.8023177656738903,NORMAL,5.380165289256198,NORMAL,,SOURCE_CASH_FIELD_UNAVAILABLE,0.5472399439185297
AMBUJACEM,2012-12,Materials,0.006820506991019666,NORMAL,31.705128205128204,NORMAL,,SOURCE_CASH_FIELD_UNAVAILABLE,0.7897124341838802
AMBUJACEM,2013-12,Materials,0.0050729232720355105,NORMAL,24.91044776119403,NORMAL,,SOURCE_CASH_FIELD_UNAVAILABLE,0.7070855202222909
AMBUJACEM,2014-12,Materials,0.0033763654419066533,NORMAL,29.303030303030305,NORMAL,,SOURCE_CASH_FIELD_UNAVAILABLE,0.7173223807465052
AMBUJACEM,2015-12,Materials,0.0034076526141563626,NORMAL,16.76086956521739,NORMAL,,SOURCE_CASH_FIELD_UNAVAILABLE,0.6677280124531239
AMBUJACEM,2016-12,Materials,0.00146309469754301,NORMAL,20.790849673202615,NORMAL,,SOURCE_CASH_FIELD_UNAVAILABLE,0.6121740190104802
AMBUJACEM,2017-12,Materials,0.0011609907120743034,NORMAL,18.728155339805824,NORMAL,,SOURCE_CASH_FIELD_UNAVAILABLE,0.6648736939930722
AMBUJACEM,2018-12,Materials,0.001788109074653554,NORMAL,23.594117647058823,NORMAL,,SOURCE_CASH_FIELD_UNAVAILABLE,0.6964510176245621
AMBUJACEM,2019-12,Materials,0.0017027992358169283,NORMAL,27.041176470588237,NORMAL,,SOURCE_CASH_FIELD_UNAVAILABLE,0.6745980387276619
AMBUJACEM,2020-12,Materials,0.02069692841762974,NORMAL,35.75714285714286,NORMAL,,SOURCE_CASH_FIELD_UNAVAILABLE,0.6172516239488394
AMBUJACEM,2021-12,Materials,0.01881359943204228,NORMAL,42.534246575342465,NORMAL,,SOURCE_CASH_FIELD_UNAVAILABLE,0.6407477048999004
AMBUJACEM,2024-03,Materials,0.01686125048243921,NORMAL,23.18840579710145,NORMAL,,SOURCE_CASH_FIELD_UNAVAILABLE,0.5081135747230352
APOLLOHOSP,2013-03,Healthcare,0.4415726246814707,NORMAL,5.941747572815534,NORMAL,,SOURCE_CASH_FIELD_UNAVAILABLE,0.7829248026589115
APOLLOHOSP,2014-03,Healthcare,0.4514612025529056,NORMAL,5.680672268907563,NORMAL,,SOURCE_CASH_FIELD_UNAVAILABLE,0.814392523364486
APOLLOHOSP,2015-03,Healthcare,0.6279949558638083,NORMAL,6.245762711864407,NORMAL,,SOURCE_CASH_FIELD_UNAVAILABLE,0.7940857717912989
APOLLOHOSP,2016-03,Healthcare,0.8505402160864346,NORMAL,3.8,NORMAL,,SOURCE_CASH_FIELD_UNAVAILABLE,0.8355978260869565
APOLLOHOSP,2017-03,Healthcare,0.9429692214846107,NORMAL,2.8560311284046693,NORMAL,,SOURCE_CASH_FIELD_UNAVAILABLE,0.8954708132790324
APOLLOHOSP,2018-03,Healthcare,1.0538130381303814,NORMAL,2.7152542372881356,NORMAL,,SOURCE_CASH_FIELD_UNAVAILABLE,0.9589343880874825
APOLLOHOSP,2019-03,Healthcare,1.1016796640671866,NORMAL,3.27217125382263,NORMAL,,SOURCE_CASH_FIELD_UNAVAILABLE,1.0492035784420686
APOLLOHOSP,2020-03,Healthcare,1.0766467065868264,NORMAL,2.9849906191369606,NORMAL,,SOURCE_CASH_FIELD_UNAVAILABLE,0.996279564177518
APOLLOHOSP,2021-03,Healthcare,0.9037584184227677,NORMAL,2.538975501113586,NORMAL,,SOURCE_CASH_FIELD_UNAVAILABLE,0.9269662921348315
APOLLOHOSP,2022-03,Healthcare,0.723457229237062,NORMAL,5.775725593667546,NORMAL,,SOURCE_CASH_FIELD_UNAVAILABLE,1.1057235502601614
APOLLOHOSP,2023-03,Healthcare,0.6989351403678606,NORMAL,5.41994750656168,NORMAL,,SOURCE_CASH_FIELD_UNAVAILABLE,1.152330743618202
APOLLOHOSP,2024-03,Healthcare,0.7688869665513264,NORMAL,5.33184855233853,NORMAL,,SOURCE_CASH_FIELD_UNAVAILABLE,1.1383944570541153
ASIANPAINT,2013-03,Materials,0.0741725768321513,NORMAL,41.357142857142854,NORMAL,,SOURCE_CASH_FIELD_UNAVAILABLE,1.5483490566037736
ASIANPAINT,2014-03,Materials,0.06164892300074276,NORMAL,41.75,NORMAL,,SOURCE_CASH_FIELD_UNAVAILABLE,1.513312693498452
ASIANPAINT,2015-03,Materials,0.08814846056516237,NORMAL,53.404761904761905,NORMAL,,SOURCE_CASH_FIELD_UNAVAILABLE,1.5273726722010321
ASIANPAINT,2016-03,Materials,0.04950191570881226,NORMAL,55.61224489795919,NORMAL,,SOURCE_CASH_FIELD_UNAVAILABLE,1.351548442087319
ASIANPAINT,2017-03,Materials,0.07364544976328248,NORMAL,80.91891891891892,NORMAL,,SOURCE_CASH_FIELD_UNAVAILABLE,1.2141878274889157
ASIANPAINT,2018-03,Materials,0.0633769322235434,NORMAL,78.14634146341463,NORMAL,,SOURCE_CASH_FIELD_UNAVAILABLE,1.2224805638305603
ASIANPAINT,2019-03,Materials,0.13937282229965156,NORMAL,34.22727272727273,NORMAL,,SOURCE_CASH_FIELD_UNAVAILABLE,1.1840728660225244
ASIANPAINT,2020-03,Materials,0.11036525172754195,NORMAL,40.754901960784316,NORMAL,,SOURCE_CASH_FIELD_UNAVAILABLE,1.2523856735654977
ASIANPAINT,2021-03,Materials,0.0853506168983289,NORMAL,52.78260869565217,NORMAL,,SOURCE_CASH_FIELD_UNAVAILABLE,1.0667157946450503
ASIANPAINT,2022-03,Materials,0.11490008688097307,NORMAL,50.56842105263158,NORMAL,,SOURCE_CASH_FIELD_UNAVAILABLE,1.2675755727850857
ASIANPAINT,2023-03,Materials,0.12087293646823412,NORMAL,43.47222222222222,NORMAL,,SOURCE_CASH_FIELD_UNAVAILABLE,1.3378719112455875
ASIANPAINT,2024-03,Materials,0.1321016659547202,NORMAL,37.0,NORMAL,,SOURCE_CASH_FIELD_UNAVAILABLE,1.187084044011906
ATGL,2018-03,Energy,1.3238188976377954,NORMAL,2.928,NORMAL,,SOURCE_CASH_FIELD_UNAVAILABLE,0.49018908312522297
ATGL,2019-03,Energy,0.35753176043557167,NORMAL,5.055555555555555,NORMAL,,SOURCE_CASH_FIELD_UNAVAILABLE,0.83935546875
ATGL,2020-03,Energy,0.2909585316111489,NORMAL,14.512195121951219,NORMAL,,SOURCE_CASH_FIELD_UNAVAILABLE,0.7572697899838449
ATGL,2021-03,Energy,0.27352637021716647,NORMAL,17.6,NORMAL,,SOURCE_CASH_FIELD_UNAVAILABLE,0.529338327091136
ATGL,2022-03,Energy,0.4283940397350993,NORMAL,14.584905660377359,NORMAL,,SOURCE_CASH_FIELD_UNAVAILABLE,0.6881087202718007
ATGL,2023-03,Energy,0.48350901054063244,NORMAL,11.153846153846153,NORMAL,,SOURCE_CASH_FIELD_UNAVAILABLE,0.7755535872453498
ATGL,2024-03,Energy,0.43491620111731844,NORMAL,9.945945945945946,NORMAL,,SOURCE_CASH_FIELD_UNAVAILABLE,0.6788531553398058
AXISBANK,2013-03,Financials,8.93461608058387,SECTOR_RELATIVE,1.2689665699893147,ICR_WARNING,,SOURCE_CASH_FIELD_UNAVAILABLE,0.07981900293048468
AXISBANK,2014-03,Financials,8.680070840712574,SECTOR_RELATIVE,1.3023632680621202,ICR_WARNING,,SOURCE_CASH_FIELD_UNAVAILABLE,0.0793089167852983
AXISBANK,2015-03,Financials,9.046652873256358,SECTOR_RELATIVE,1.3301852958756724,ICR_WARNING,,SOURCE_CASH_FIELD_UNAVAILABLE,0.07593265174652161
AXISBANK,2016-03,Financials,8.815511865419444,SECTOR_RELATIVE,1.4264219400277451,ICR_WARNING,,SOURCE_CASH_FIELD_UNAVAILABLE,0.07501642608627218
AXISBANK,2017-03,Financials,9.355037247250799,SECTOR_RELATIVE,2.0364382858609185,NORMAL,,SOURCE_CASH_FIELD_UNAVAILABLE,0.07284508276883928
AXISBANK,2018-03,Financials,9.522715591757908,SECTOR_RELATIVE,2.634722348864776,NORMAL,,SOURCE_CASH_FIELD_UNAVAILABLE,0.06505585452953874
AXISBANK,2019-03,Financials,10.501106162060116,SECTOR_RELATIVE,2.068164508758568,NORMAL,,SOURCE_CASH_FIELD_UNAVAILABLE,0.06754655142338394
AXISBANK,2020-03,Financials,9.234850590687978,SECTOR_RELATIVE,2.256935058248053,NORMAL,,SOURCE_CASH_FIELD_UNAVAILABLE,0.06750392295489033
AXISBANK,2021-03,Financials,8.210427244821128,SECTOR_RELATIVE,2.5887964774951078,NORMAL,,SOURCE_CASH_FIELD_UNAVAILABLE,0.06328240118680725
AXISBANK,2022-03,Financials,8.632964375406939,SECTOR_RELATIVE,1.9684646212469614,NORMAL,,SOURCE_CASH_FIELD_UNAVAILABLE,0.056345695985629454
AXISBANK,2023-03,Financials,8.876784737365254,SECTOR_RELATIVE,1.8019575048008425,NORMAL,,SOURCE_CASH_FIELD_UNAVAILABLE,0.06334636995339248
AXISBANK,2024-03,Financials,8.249122739980766,SECTOR_RELATIVE,1.6907138401212014,NORMAL,,SOURCE_CASH_FIELD_UNAVAILABLE,0.0720367478374617
BAJAJ-AUTO,2013-03,Consumer Discretionary,0.014383137011779294,NORMAL,3656.0,NORMAL,,SOURCE_CASH_FIELD_UNAVAILABLE,1.5840056953013764
BAJAJ-AUTO,2014-03,Consumer Discretionary,0.0058030884233303826,NORMAL,4163.0,NORMAL,,SOURCE_CASH_FIELD_UNAVAILABLE,1.3154559707342566
BAJAJ-AUTO,2015-03,Consumer Discretionary,0.010094637223974764,NORMAL,688.0,NORMAL,,SOURCE_CASH_FIELD_UNAVAILABLE,1.3525616935988976
BAJAJ-AUTO,2016-03,Consumer Discretionary,0.008416547788873038,NORMAL,4793.0,NORMAL,,SOURCE_CASH_FIELD_UNAVAILABLE,1.3093967517401393
BAJAJ-AUTO,2017-03,Consumer Discretionary,0.006720430107526882,NORMAL,4429.0,NORMAL,,SOURCE_CASH_FIELD_UNAVAILABLE,1.0054071540807838
BAJAJ-AUTO,2018-03,Consumer Discretionary,0.005924112607099143,NORMAL,4846.0,NORMAL,,SOURCE_CASH_FIELD_UNAVAILABLE,1.0027445209021122
BAJAJ-AUTO,2019-03,Consumer Discretionary,0.005380278052769767,NORMAL,1299.5,NORMAL,,SOURCE_CASH_FIELD_UNAVAILABLE,1.0528542692654506
BAJAJ-AUTO,2020-03,Consumer Discretionary,0.005816637429600221,NORMAL,1703.0,NORMAL,,SOURCE_CASH_FIELD_UNAVAILABLE,1.1285929837797057
BAJAJ-AUTO,2021-03,Consumer Discretionary,0.0044366223004436624,NORMAL,705.4285714285714,NORMAL,,SOURCE_CASH_FIELD_UNAVAILABLE,0.8255758585798464
BAJAJ-AUTO,2022-03,Consumer Discretionary,0.004119360996684417,NORMAL,584.3333333333334,NORMAL,,SOURCE_CASH_FIELD_UNAVAILABLE,0.9440061519182023
BAJAJ-AUTO,2023-03,Consumer Discretionary,0.004223145562291397,NORMAL,161.625,NORMAL,,SOURCE_CASH_FIELD_UNAVAILABLE,1.037539845173042
BAJAJ-AUTO,2024-03,Consumer Discretionary,0.06601754022512257,NORMAL,146.08333333333334,NORMAL,,SOURCE_CASH_FIELD_UNAVAILABLE,1.1404534363562424
BAJAJFINSV,2013-03,Financials,1.6650858754165598,SECTOR_RELATIVE,3.264950166112957,NORMAL,,SOURCE_CASH_FIELD_UNAVAILABLE,0.12322166131252868
BAJAJFINSV,2014-03,Financials,2.0948238831615122,SECTOR_RELATIVE,2.875160051216389,NORMAL,,SOURCE_CASH_FIELD_UNAVAILABLE,0.08097280292539961
BAJAJFINSV,2015-03,Financials,2.372801875732708,SECTOR_RELATIVE,2.4713004484304935,NORMAL,,SOURCE_CASH_FIELD_UNAVAILABLE,0.12847395384685134
BAJAJFINSV,2016-03,Financials,2.651812633281859,SECTOR_RELATIVE,2.3423705248522766,NORMAL,,SOURCE_CASH_FIELD_UNAVAILABLE,0.19752575732797184
BAJAJFINSV,2017-03,Financials,2.989412420283574,SECTOR_RELATIVE,2.344725511302476,NORMAL,,SOURCE_CASH_FIELD_UNAVAILABLE,0.19054690780163902
BAJAJFINSV,2018-03,Financials,3.2072938534394377,SECTOR_RELATIVE,2.3809313617303025,NORMAL,,SOURCE_CASH_FIELD_UNAVAILABLE,0.20346223856755452
BAJAJFINSV,2019-03,Financials,4.201937657961246,SECTOR_RELATIVE,2.258825296680186,NORMAL,,SOURCE_CASH_FIELD_UNAVAILABLE,0.20441111558907632
BAJAJFINSV,2020-03,Financials,4.0640214682767875,SECTOR_RELATIVE,1.9218947368421053,NORMAL,,SOURCE_CASH_FIELD_UNAVAILABLE,0.21627590488014517
BAJAJFINSV,2021-03,Financials,3.585291655037678,SECTOR_RELATIVE,2.1178563726547335,NORMAL,,SOURCE_CASH_FIELD_UNAVAILABLE,0.21651985920777572
BAJAJFINSV,2022-03,Financials,4.004745695331329,SECTOR_RELATIVE,2.228164918475439,NORMAL,,SOURCE_CASH_FIELD_UNAVAILABLE,0.20516896461745643
BAJAJFINSV,2023-03,Financials,4.573986683043507,SECTOR_RELATIVE,2.412600969305331,NORMAL,,SOURCE_CASH_FIELD_UNAVAILABLE,0.2024464665849369
BAJAJFINSV,2024-03,Financials,4.789368120938867,SECTOR_RELATIVE,2.1973450851829956,NORMAL,,SOURCE_CASH_FIELD_UNAVAILABLE,0.2053943414307379
BAJAJHLDNG,2013-03,Financials,0.0,SECTOR_RELATIVE,,DEBT_FREE,,SOURCE_CASH_FIELD_UNAVAILABLE,0.03127610208816705
BAJAJHLDNG,2014-03,Financials,0.0,SECTOR_RELATIVE,,DEBT_FREE,,SOURCE_CASH_FIELD_UNAVAILABLE,0.03398136246786632
BAJAJHLDNG,2015-03,Financials,0.0,SECTOR_RELATIVE,,DEBT_FREE,,SOURCE_CASH_FIELD_UNAVAILABLE,0.037716835816598286
BAJAJHLDNG,2016-03,Financials,0.0,SECTOR_RELATIVE,,DEBT_FREE,,SOURCE_CASH_FIELD_UNAVAILABLE,0.030377456049638055
BAJAJHLDNG,2017-03,Financials,0.0,SECTOR_RELATIVE,,DEBT_FREE,,SOURCE_CASH_FIELD_UNAVAILABLE,0.047068030633350105
BAJAJHLDNG,2018-03,Financials,0.0,SECTOR_RELATIVE,,DEBT_FREE,,SOURCE_CASH_FIELD_UNAVAILABLE,0.016621156357592308
BAJAJHLDNG,2019-03,Financials,0.0,SECTOR_RELATIVE,,DEBT_FREE,,SOURCE_CASH_FIELD_UNAVAILABLE,0.0159582345971564
BAJAJHLDNG,2020-03,Financials,0.006051219248640277,SECTOR_RELATIVE,23.153846153846153,NORMAL,,SOURCE_CASH_FIELD_UNAVAILABLE,0.013290965199058938
BAJAJHLDNG,2021-03,Financials,0.0036591600075335648,SECTOR_RELATIVE,88.0,NORMAL,,SOURCE_CASH_FIELD_UNAVAILABLE,0.010046163992086172
BAJAJHLDNG,2022-03,Financials,0.0026609401988702676,SECTOR_RELATIVE,122.33333333333333,NORMAL,,SOURCE_CASH_FIELD_UNAVAILABLE,0.009031872807344929
BAJAJHLDNG,2023-03,Financials,0.0021049296093431716,SECTOR_RELATIVE,54.285714285714285,NORMAL,,SOURCE_CASH_FIELD_UNAVAILABLE,0.009814243814394224
BAJAJHLDNG,2024-03,Financials,0.0011613545449517945,SECTOR_RELATIVE,781.0,NORMAL,,SOURCE_CASH_FIELD_UNAVAILABLE,0.026119918356071883
BAJFINANCE,2015-03,Financials,5.553125,SECTOR_RELATIVE,67.38461538461539,NORMAL,,SOURCE_CASH_FIELD_UNAVAILABLE,0.16449054301403296
BAJFINANCE,2016-03,Financials,4.985189174633096,SECTOR_RELATIVE,67.25714285714285,NORMAL,,SOURCE_CASH_FIELD_UNAVAILABLE,0.1553871372916356
BAJFINANCE,2017-03,Financials,5.130208333333333,SECTOR_RELATIVE,147.72727272727272,NORMAL,,SOURCE_CASH_FIELD_UNAVAILABLE,0.15643878175456213
BAJFINANCE,2018-03,Financials,4.1997097425542655,SECTOR_RELATIVE,411.5,NORMAL,,SOURCE_CASH_FIELD_UNAVAILABLE,0.15031014882426472
BAJFINANCE,2019-03,Financials,5.1575366807127985,SECTOR_RELATIVE,419.53846153846155,NORMAL,,SOURCE_CASH_FIELD_UNAVAILABLE,0.1488090925921454
BAJFINANCE,2020-03,Financials,4.015280871071517,SECTOR_RELATIVE,1017.6666666666666,NORMAL,,SOURCE_CASH_FIELD_UNAVAILABLE,0.1604345736688748
BAJFINANCE,2021-03,Financials,3.5655777669429547,SECTOR_RELATIVE,3613.0,NORMAL,,SOURCE_CASH_FIELD_UNAVAILABLE,0.15555490756400536
BAJFINANCE,2022-03,Financials,3.779928167821929,SECTOR_RELATIVE,-698.8235294117648,ICR_WARNING,,SOURCE_CASH_FIELD_UNAVAILABLE,0.14889461944603918
BAJFINANCE,2023-03,Financials,3.985323328183624,SECTOR_RELATIVE,-2538.6,ICR_WARNING,,SOURCE_CASH_FIELD_UNAVAILABLE,0.15046180230065473
BAJFINANCE,2024-03,Financials,3.824788776468134,SECTOR_RELATIVE,2683.1666666666665,NORMAL,,SOURCE_CASH_FIELD_UNAVAILABLE,0.14630251608816688
BANKBARODA,2013-03,Financials,15.299320954269575,SECTOR_RELATIVE,2.4273996896475283,NORMAL,,SOURCE_CASH_FIELD_UNAVAILABLE,0.06514631194503984
BANKBARODA,2014-03,Financials,16.301767643406347,SECTOR_RELATIVE,2.169036903690369,NORMAL,,SOURCE_CASH_FIELD_UNAVAILABLE,0.059847301598570636
BANKBARODA,2015-03,Financials,15.838045599504975,SECTOR_RELATIVE,2.4712791337860156,NORMAL,,SOURCE_CASH_FIELD_UNAVAILABLE,0.06119493273530382
BANKBARODA,2016-03,Financials,14.599816483542337,SECTOR_RELATIVE,4.237483311081442,NORMAL,,SOURCE_CASH_FIELD_UNAVAILABLE,0.06626271570214692
BANKBARODA,2017-03,Financials,15.057909768500243,SECTOR_RELATIVE,2.425349628323044,NORMAL,,SOURCE_CASH_FIELD_UNAVAILABLE,0.06183538742185936
BANKBARODA,2018-03,Financials,14.437808701627796,SECTOR_RELATIVE,3.26488988988989,NORMAL,,SOURCE_CASH_FIELD_UNAVAILABLE,0.061588989510508216
BANKBARODA,2019-03,Financials,13.354716706669576,SECTOR_RELATIVE,3.273107645492583,NORMAL,,SOURCE_CASH_FIELD_UNAVAILABLE,0.06454548781826833
BANKBARODA,2020-03,Financials,14.046318196152633,SECTOR_RELATIVE,3.3289311787384137,NORMAL,,SOURCE_CASH_FIELD_UNAVAILABLE,0.06574939475888278
BANKBARODA,2021-03,Financials,12.95270057045758,SECTOR_RELATIVE,2.5920882413018314,NORMAL,,SOURCE_CASH_FIELD_UNAVAILABLE,0.061791002829544674
BANKBARODA,2022-03,Financials,12.902404510770772,SECTOR_RELATIVE,2.606321639458145,NORMAL,,SOURCE_CASH_FIELD_UNAVAILABLE,0.05475998062861488
BANKBARODA,2023-03,Financials,12.77989624482414,SECTOR_RELATIVE,2.349062980030722,NORMAL,,SOURCE_CASH_FIELD_UNAVAILABLE,0.06193380698630487
BANKBARODA,2024-03,Financials,12.143718727289434,SECTOR_RELATIVE,1.8966195136544297,NORMAL,,SOURCE_CASH_FIELD_UNAVAILABLE,0.07153782236255685
BEL,2013-03,Industrials,4.0,HIGH_LEVERAGE,95.57142857142857,NORMAL,,SOURCE_CASH_FIELD_UNAVAILABLE,139.4
BEL,2014-03,Industrials,3.0,HIGH_LEVERAGE,132.14285714285714,NORMAL,,SOURCE_CASH_FIELD_UNAVAILABLE,141.69565217391303
BEL,2015-03,Industrials,3.7142857142857144,HIGH_LEVERAGE,168.42857142857142,NORMAL,,SOURCE_CASH_FIELD_UNAVAILABLE,144.75510204081633
BEL,2016-03,Industrials,2.0833333333333335,HIGH_LEVERAGE,139.3,NORMAL,,SOURCE_CASH_FIELD_UNAVAILABLE,141.42307692307693
BEL,2017-03,Industrials,1.9333333333333333,NORMAL,99.55555555555556,NORMAL,,SOURCE_CASH_FIELD_UNAVAILABLE,112.41558441558442
BEL,2018-03,Industrials,1.5483870967741935,NORMAL,339.8333333333333,NORMAL,,SOURCE_CASH_FIELD_UNAVAILABLE,85.95867768595042
BEL,2019-03,Industrials,0.9591836734693877,NORMAL,181.8125,NORMAL,,SOURCE_CASH_FIELD_UNAVAILABLE,96.53968253968254
BEL,2020-03,Industrials,0.8,NORMAL,344.875,NORMAL,,SOURCE_CASH_FIELD_UNAVAILABLE,106.29508196721312
BEL,2021-03,Industrials,0.8305084745762712,NORMAL,321.4,NORMAL,,SOURCE_CASH_FIELD_UNAVAILABLE,92.82236842105263
BEL,2022-03,Industrials,0.8405797101449275,NORMAL,371.55555555555554,NORMAL,,SOURCE_CASH_FIELD_UNAVAILABLE,94.28220858895706
BEL,2023-03,Industrials,0.52,NORMAL,215.26315789473685,NORMAL,,SOURCE_CASH_FIELD_UNAVAILABLE,123.15277777777777
BEL,2024-03,Industrials,0.5119047619047619,NORMAL,420.9166666666667,NORMAL,,SOURCE_CASH_FIELD_UNAVAILABLE,125.88819875776397
BHARTIARTL,2013-03,Communication Services,1.326179404634156,NORMAL,5.080770081876522,NORMAL,,SOURCE_CASH_FIELD_UNAVAILABLE,0.48709881623092993
BHARTIARTL,2014-03,Communication Services,1.2700984001606532,NORMAL,4.509610477972444,NORMAL,,SOURCE_CASH_FIELD_UNAVAILABLE,0.47310074273246205
BHARTIARTL,2015-03,Communication Services,2.097066143751414,HIGH_LEVERAGE,7.557804768331084,NORMAL,,SOURCE_CASH_FIELD_UNAVAILABLE,0.5282045081043647
BHARTIARTL,2016-03,Communication Services,1.5073536019170286,NORMAL,3.97659723847414,NORMAL,,SOURCE_CASH_FIELD_UNAVAILABLE,0.4300402722834028
BHARTIARTL,2017-03,Communication Services,1.5904650369865247,NORMAL,3.7006389441709437,NORMAL,,SOURCE_CASH_FIELD_UNAVAILABLE,0.41092965797470754
BHARTIARTL,2018-03,Communication Services,1.60112173725462,NORMAL,3.2252841518335837,NORMAL,,SOURCE_CASH_FIELD_UNAVAILABLE,0.33119056111509654
BHARTIARTL,2019-03,Communication Services,1.7561289780602887,NORMAL,2.425531914893617,NORMAL,,SOURCE_CASH_FIELD_UNAVAILABLE,0.29478954551757863
BHARTIARTL,2020-03,Communication Services,1.9214207012768163,NORMAL,2.616495140080046,NORMAL,,SOURCE_CASH_FIELD_UNAVAILABLE,0.2437794319545742
BHARTIARTL,2021-03,Communication Services,2.7612674503417978,HIGH_LEVERAGE,3.0003975879663374,NORMAL,,SOURCE_CASH_FIELD_UNAVAILABLE,0.2921342442446221
BHARTIARTL,2022-03,Communication Services,2.5494786188658836,HIGH_LEVERAGE,3.4625662012518057,NORMAL,,SOURCE_CASH_FIELD_UNAVAILABLE,0.32265985985875134
BHARTIARTL,2023-03,Communication Services,2.914018281912768,HIGH_LEVERAGE,3.692953367875648,NORMAL,,SOURCE_CASH_FIELD_UNAVAILABLE,0.3129969835139251
BHARTIARTL,2024-03,Communication Services,2.6094723973904306,HIGH_LEVERAGE,3.456905687036383,NORMAL,,SOURCE_CASH_FIELD_UNAVAILABLE,0.3393112060793767
BHEL,2013-03,Industrials,0.08831712985695113,NORMAL,74.0859375,NORMAL,,SOURCE_CASH_FIELD_UNAVAILABLE,0.6809295719735999
BHEL,2014-03,Industrials,0.14147900274336017,NORMAL,34.42857142857143,NORMAL,,SOURCE_CASH_FIELD_UNAVAILABLE,0.5251622837875509
BHEL,2015-03,Industrials,0.055222615254187736,NORMAL,23.27173913043478,NORMAL,,SOURCE_CASH_FIELD_UNAVAILABLE,0.44127467140019444
BHEL,2016-03,Industrials,0.006529475475785239,NORMAL,-3.7694444444444444,ICR_WARNING,,SOURCE_CASH_FIELD_UNAVAILABLE,0.3889320950943166
BHEL,2017-03,Industrials,0.0048164500293309456,NORMAL,2.651331719128329,NORMAL,,SOURCE_CASH_FIELD_UNAVAILABLE,0.4613601737495543
BHEL,2018-03,Industrials,0.0034018865006958405,NORMAL,5.009090909090909,NORMAL,,SOURCE_CASH_FIELD_UNAVAILABLE,0.450844541757898
BHEL,2019-03,Industrials,0.08406678747087756,NORMAL,5.375661375661376,NORMAL,,SOURCE_CASH_FIELD_UNAVAILABLE,0.47202667080167465
BHEL,2020-03,Industrials,0.17725052337752967,NORMAL,-0.2169657422512235,ICR_WARNING,,SOURCE_CASH_FIELD_UNAVAILABLE,0.35599011461080426
BHEL,2021-03,Industrials,0.1905476657814725,NORMAL,-6.528907922912206,ICR_WARNING,,SOURCE_CASH_FIELD_UNAVAILABLE,0.30931022158684773
BHEL,2022-03,Industrials,0.18222289292990265,NORMAL,1.8482142857142858,NORMAL,,SOURCE_CASH_FIELD_UNAVAILABLE,0.3721815725289958
BHEL,2023-03,Industrials,0.22372631060792517,NORMAL,1.7058823529411764,NORMAL,,SOURCE_CASH_FIELD_UNAVAILABLE,0.4051921476137625
BHEL,2024-03,Industrials,0.36238644733611586,NORMAL,0.8586956521739131,ICR_WARNING,,SOURCE_CASH_FIELD_UNAVAILABLE,0.399628688031043
BOSCHLTD,2012-12,Consumer Discretionary,0.041270410909743406,NORMAL,225.0,NORMAL,,SOURCE_CASH_FIELD_UNAVAILABLE,1.0957985320172108
BOSCHLTD,2013-12,Consumer Discretionary,0.029075309818875118,NORMAL,,DEBT_FREE,,SOURCE_CASH_FIELD_UNAVAILABLE,0.9849285794623777
BOSCHLTD,2015-03,Consumer Discretionary,0.015108207431604737,NORMAL,141.5,NORMAL,,SOURCE_CASH_FIELD_UNAVAILABLE,1.1586616815262198
BOSCHLTD,2016-03,Consumer Discretionary,0.005243838489774515,NORMAL,144.46153846153845,NORMAL,,SOURCE_CASH_FIELD_UNAVAILABLE,0.7802622054210568
BOSCHLTD,2017-03,Consumer Discretionary,0.0,NORMAL,72.70370370370371,DEBT_FREE,,SOURCE_CASH_FIELD_UNAVAILABLE,0.8843220338983051
BOSCHLTD,2018-03,Consumer Discretionary,0.0,NORMAL,697.6666666666666,DEBT_FREE,,SOURCE_CASH_FIELD_UNAVAILABLE,0.8393767501974582
BOSCHLTD,2019-03,Consumer Discretionary,0.0,NORMAL,165.69230769230768,DEBT_FREE,,SOURCE_CASH_FIELD_UNAVAILABLE,0.9508261211644374
BOSCHLTD,2020-03,Consumer Discretionary,0.007982740021574973,NORMAL,148.3,NORMAL,,SOURCE_CASH_FIELD_UNAVAILABLE,0.7388888888888889
BOSCHLTD,2021-03,Consumer Discretionary,0.005497302249821846,NORMAL,83.07142857142857,NORMAL,,SOURCE_CASH_FIELD_UNAVAILABLE,0.6577771761202111
BOSCHLTD,2022-03,Consumer Discretionary,0.0068300898203592815,NORMAL,50.41379310344828,NORMAL,,SOURCE_CASH_FIELD_UNAVAILABLE,0.764568462037638
BOSCHLTD,2023-03,Consumer Discretionary,0.004812494324888767,NORMAL,150.83333333333334,NORMAL,,SOURCE_CASH_FIELD_UNAVAILABLE,0.9181991512393136
BOSCHLTD,2024-03,Consumer Discretionary,0.003232758620689655,NORMAL,41.07843137254902,NORMAL,,SOURCE_CASH_FIELD_UNAVAILABLE,0.9638144626908672
BPCL,2013-03,Energy,1.9765722801788375,NORMAL,2.664416203335981,NORMAL,,SOURCE_CASH_FIELD_UNAVAILABLE,3.0414050334053346
BPCL,2014-03,Energy,1.705349794238683,NORMAL,4.749747729566095,NORMAL,,SOURCE_CASH_FIELD_UNAVAILABLE,2.9891589418946416
BPCL,2015-03,Energy,1.1298643737257335,NORMAL,8.288135593220339,NORMAL,,SOURCE_CASH_FIELD_UNAVAILABLE,2.81038437478279
BPCL,2016-03,Energy,0.8414765776786357,NORMAL,19.075,NORMAL,,SOURCE_CASH_FIELD_UNAVAILABLE,2.173231353127676
BPCL,2017-03,Energy,1.1591875141957884,NORMAL,19.80316091954023,NORMAL,,SOURCE_CASH_FIELD_UNAVAILABLE,1.844883853106723
BPCL,2018-03,Energy,1.0284005570878505,NORMAL,12.914839797639123,NORMAL,,SOURCE_CASH_FIELD_UNAVAILABLE,1.9599770680315065
BPCL,2019-03,Energy,1.1566877337804722,NORMAL,8.566893424036282,NORMAL,,SOURCE_CASH_FIELD_UNAVAILABLE,2.1780085593678336
BPCL,2020-03,Energy,1.792291689477718,NORMAL,3.403488813045127,NORMAL,,SOURCE_CASH_FIELD_UNAVAILABLE,1.8863316982632905
BPCL,2021-03,Energy,1.0182429278312015,NORMAL,12.188624492164829,NORMAL,,SOURCE_CASH_FIELD_UNAVAILABLE,1.4298289207220862
BPCL,2022-03,Energy,1.243309893073885,NORMAL,7.343438219493477,NORMAL,,SOURCE_CASH_FIELD_UNAVAILABLE,1.849265980195063
BPCL,2023-03,Energy,1.2962146407084938,NORMAL,2.9102803738317755,NORMAL,,SOURCE_CASH_FIELD_UNAVAILABLE,2.5154936765386027
BPCL,2024-03,Energy,0.7218747934157467,NORMAL,10.62472885032538,NORMAL,,SOURCE_CASH_FIELD_UNAVAILABLE,2.213651947949293
BRITANNIA,2013-03,Consumer Staples,0.6810035842293907,NORMAL,10.268292682926829,NORMAL,,SOURCE_CASH_FIELD_UNAVAILABLE,3.2846521508231548
BRITANNIA,2014-03,Consumer Staples,0.18796992481203006,NORMAL,78.375,NORMAL,,SOURCE_CASH_FIELD_UNAVAILABLE,3.280968201233982
BRITANNIA,2015-03,Consumer Staples,0.11646586345381527,NORMAL,217.5,NORMAL,,SOURCE_CASH_FIELD_UNAVAILABLE,2.8134622269960614
BRITANNIA,2016-03,Consumer Staples,0.06261950286806883,NORMAL,244.8,NORMAL,,SOURCE_CASH_FIELD_UNAVAILABLE,2.403262736119061
BRITANNIA,2017-03,Consumer Staples,0.046364985163204746,NORMAL,255.6,NORMAL,,SOURCE_CASH_FIELD_UNAVAILABLE,2.2034558286687758
BRITANNIA,2018-03,Consumer Staples,0.05901350557839107,NORMAL,187.625,NORMAL,,SOURCE_CASH_FIELD_UNAVAILABLE,1.9109483423284503
BRITANNIA,2019-03,Consumer Staples,0.03667999059487421,NORMAL,192.44444444444446,NORMAL,,SOURCE_CASH_FIELD_UNAVAILABLE,1.7722026290477717
BRITANNIA,2020-03,Consumer Staples,0.3493072904837611,NORMAL,23.935064935064936,NORMAL,,SOURCE_CASH_FIELD_UNAVAILABLE,1.4814814814814814
BRITANNIA,2021-03,Consumer Staples,0.5980834272829764,NORMAL,22.603603603603602,NORMAL,,SOURCE_CASH_FIELD_UNAVAILABLE,1.642
BRITANNIA,2022-03,Consumer Staples,0.9698983580922595,NORMAL,15.284722222222221,NORMAL,,SOURCE_CASH_FIELD_UNAVAILABLE,1.8780390593862097
BRITANNIA,2023-03,Consumer Staples,0.8480475382003395,NORMAL,16.75147928994083,NORMAL,,SOURCE_CASH_FIELD_UNAVAILABLE,1.743236017538231
BRITANNIA,2024-03,Consumer Staples,0.5239786856127886,NORMAL,19.3109756097561,NORMAL,,SOURCE_CASH_FIELD_UNAVAILABLE,1.8484347442680775
CANBK,2013-03,Financials,14.936447410231967,SECTOR_RELATIVE,2.1816807738814994,NORMAL,,SOURCE_CASH_FIELD_UNAVAILABLE,0.08124982114069311
CANBK,2014-03,Financials,14.843352332979851,SECTOR_RELATIVE,2.3252895752895753,NORMAL,,SOURCE_CASH_FIELD_UNAVAILABLE,0.07896785008681076
CANBK,2015-03,Financials,15.37264557429521,SECTOR_RELATIVE,2.1766321571941685,NORMAL,,SOURCE_CASH_FIELD_UNAVAILABLE,0.07843948166528812
CANBK,2016-03,Financials,15.634433816723234,SECTOR_RELATIVE,3.3773262438283327,NORMAL,,SOURCE_CASH_FIELD_UNAVAILABLE,0.07812142445341257
CANBK,2017-03,Financials,15.420441112873,SECTOR_RELATIVE,1.9983443708609272,NORMAL,,SOURCE_CASH_FIELD_UNAVAILABLE,0.06954017300753658
CANBK,2018-03,Financials,15.279182589370409,SECTOR_RELATIVE,3.457961611246283,NORMAL,,SOURCE_CASH_FIELD_UNAVAILABLE,0.06547784015773594
CANBK,2019-03,Financials,16.98548648146674,SECTOR_RELATIVE,2.74573533864944,NORMAL,,SOURCE_CASH_FIELD_UNAVAILABLE,0.06736744204343177
CANBK,2020-03,Financials,16.215356986846576,SECTOR_RELATIVE,2.2721417069243155,NORMAL,,SOURCE_CASH_FIELD_UNAVAILABLE,0.0671112969356927
CANBK,2021-03,Financials,17.000448646050312,SECTOR_RELATIVE,1.881529931560253,NORMAL,,SOURCE_CASH_FIELD_UNAVAILABLE,0.05955965885006019
CANBK,2022-03,Financials,16.18939123225797,SECTOR_RELATIVE,1.7440680116736456,NORMAL,,SOURCE_CASH_FIELD_UNAVAILABLE,0.056096772374083344
CANBK,2023-03,Financials,15.850052527737208,SECTOR_RELATIVE,1.6889239881539981,NORMAL,,SOURCE_CASH_FIELD_UNAVAILABLE,0.06218909075110606
CANBK,2024-03,Financials,14.867419925542423,SECTOR_RELATIVE,1.6109055365496054,NORMAL,,SOURCE_CASH_FIELD_UNAVAILABLE,0.0719985042520674
CHOLAFIN,2013-03,Financials,7.822233606557377,SECTOR_RELATIVE,688.0,NORMAL,,SOURCE_CASH_FIELD_UNAVAILABLE,0.14099188062321702
CHOLAFIN,2014-03,Financials,7.903366856143419,SECTOR_RELATIVE,932.0,NORMAL,,SOURCE_CASH_FIELD_UNAVAILABLE,0.1522001485332343
CHOLAFIN,2015-03,Financials,7.457943925233645,SECTOR_RELATIVE,,DEBT_FREE,,SOURCE_CASH_FIELD_UNAVAILABLE,0.15564772917714095
CHOLAFIN,2016-03,Financials,6.143324250681199,SECTOR_RELATIVE,633.0,NORMAL,,SOURCE_CASH_FIELD_UNAVAILABLE,0.15109899960557927
CHOLAFIN,2017-03,Financials,5.600511865984179,SECTOR_RELATIVE,440.6666666666667,NORMAL,,SOURCE_CASH_FIELD_UNAVAILABLE,0.15340871952415192
CHOLAFIN,2018-03,Financials,7.479024390243903,SECTOR_RELATIVE,,DEBT_FREE,,SOURCE_CASH_FIELD_UNAVAILABLE,0.12586320103244503
CHOLAFIN,2019-03,Financials,8.145457474226804,SECTOR_RELATIVE,1632.0,NORMAL,,SOURCE_CASH_FIELD_UNAVAILABLE,0.12363889372064707
CHOLAFIN,2020-03,Financials,6.707926829268293,SECTOR_RELATIVE,,DEBT_FREE,,SOURCE_CASH_FIELD_UNAVAILABLE,0.13600174841549845
CHOLAFIN,2021-03,Financials,6.638541666666667,SECTOR_RELATIVE,52.017857142857146,NORMAL,,SOURCE_CASH_FIELD_UNAVAILABLE,0.12838272332672418
CHOLAFIN,2022-03,Financials,5.87764465969921,SECTOR_RELATIVE,34.833333333333336,NORMAL,,SOURCE_CASH_FIELD_UNAVAILABLE,0.12303887097165304
CHOLAFIN,2023-03,Financials,6.786421302105117,SECTOR_RELATIVE,16.45909090909091,NORMAL,,SOURCE_CASH_FIELD_UNAVAILABLE,0.113388543215961
CHOLAFIN,2024-03,Financials,6.863420609401317,SECTOR_RELATIVE,21.11764705882353,NORMAL,,SOURCE_CASH_FIELD_UNAVAILABLE,0.12230192869816066
CIPLA,2013-03,Healthcare,0.10721809513249805,NORMAL,24.755102040816325,NORMAL,,SOURCE_CASH_FIELD_UNAVAILABLE,0.7101561159718648
CIPLA,2014-03,Healthcare,0.1241667495771565,NORMAL,31.97609561752988,NORMAL,,SOURCE_CASH_FIELD_UNAVAILABLE,0.7591791044776119
CIPLA,2015-03,Healthcare,0.15765598963154973,NORMAL,55.99390243902439,NORMAL,,SOURCE_CASH_FIELD_UNAVAILABLE,0.7239948947032546
CIPLA,2016-03,Healthcare,0.45168012503256055,NORMAL,54.375,NORMAL,,SOURCE_CASH_FIELD_UNAVAILABLE,0.6551380113069505
CIPLA,2017-03,Healthcare,0.3278858418367347,NORMAL,57.20192307692308,NORMAL,,SOURCE_CASH_FIELD_UNAVAILABLE,0.6897311802194642
CIPLA,2018-03,Healthcare,0.2880033733923677,NORMAL,44.03214285714286,NORMAL,,SOURCE_CASH_FIELD_UNAVAILABLE,0.668460283156177
CIPLA,2019-03,Healthcare,0.2875033306687983,NORMAL,27.80922431865828,NORMAL,,SOURCE_CASH_FIELD_UNAVAILABLE,0.6885784024913728
CIPLA,2020-03,Healthcare,0.17864619678995114,NORMAL,40.48255813953488,NORMAL,,SOURCE_CASH_FIELD_UNAVAILABLE,0.731417837168595
CIPLA,2021-03,Healthcare,0.10989850485648806,NORMAL,56.04135338345865,NORMAL,,SOURCE_CASH_FIELD_UNAVAILABLE,0.7708710521021928
CIPLA,2022-03,Healthcare,0.05066935367784655,NORMAL,173.84848484848484,NORMAL,,SOURCE_CASH_FIELD_UNAVAILABLE,0.8103287783445656
CIPLA,2023-03,Healthcare,0.03430597684453369,NORMAL,60.49829351535836,NORMAL,,SOURCE_CASH_FIELD_UNAVAILABLE,0.7765529010238907
CIPLA,2024-03,Healthcare,0.020931625851868495,NORMAL,35.29528985507246,NORMAL,,SOURCE_CASH_FIELD_UNAVAILABLE,0.7922417237881536
COALINDIA,2013-03,Materials,0.026922759531275788,NORMAL,5.737659963436928,NORMAL,,SOURCE_CASH_FIELD_UNAVAILABLE,0.6154365983979528
COALINDIA,2014-03,Materials,0.0041977171964908975,NORMAL,7.370902496861487,NORMAL,,SOURCE_CASH_FIELD_UNAVAILABLE,0.6728544473879815
COALINDIA,2015-03,Materials,0.010110772433276337,NORMAL,8.641856925418569,NORMAL,,SOURCE_CASH_FIELD_UNAVAILABLE,0.6661453980065968
COALINDIA,2016-03,Materials,0.034421382022794475,NORMAL,9.959084020878937,NORMAL,,SOURCE_CASH_FIELD_UNAVAILABLE,0.6856375484325467
COALINDIA,2017-03,Materials,0.12293009217717596,NORMAL,12.361926260346126,NORMAL,,SOURCE_CASH_FIELD_UNAVAILABLE,0.6591278976616324
COALINDIA,2018-03,Materials,0.07622162751511548,NORMAL,15.26753768844221,NORMAL,,SOURCE_CASH_FIELD_UNAVAILABLE,0.6793920507527635
COALINDIA,2019-03,Materials,0.08353808353808354,NORMAL,12.783510455947892,NORMAL,,SOURCE_CASH_FIELD_UNAVAILABLE,0.7486487096022433
COALINDIA,2020-03,Materials,0.20008085331343098,NORMAL,11.561142147734326,NORMAL,,SOURCE_CASH_FIELD_UNAVAILABLE,0.64044794027463
COALINDIA,2021-03,Materials,0.16112602004490936,NORMAL,19.08017103153394,NORMAL,,SOURCE_CASH_FIELD_UNAVAILABLE,0.5589906302972351
COALINDIA,2022-03,Materials,0.08145006142363767,NORMAL,21.985256078634247,NORMAL,,SOURCE_CASH_FIELD_UNAVAILABLE,0.6114436344992086
COALINDIA,2023-03,Materials,0.07118320924346268,NORMAL,14.332317073170731,NORMAL,,SOURCE_CASH_FIELD_UNAVAILABLE,0.6244557263907207
COALINDIA,2024-03,Materials,0.0788468512027076,NORMAL,11.237732253454025,NORMAL,,SOURCE_CASH_FIELD_UNAVAILABLE,0.6018691588785047
DABUR,2013-03,Consumer Staples,0.5494033412887828,NORMAL,16.8135593220339,NORMAL,,SOURCE_CASH_FIELD_UNAVAILABLE,1.3038861754087916
DABUR,2014-03,Consumer Staples,0.26656626506024095,NORMAL,21.51851851851852,NORMAL,,SOURCE_CASH_FIELD_UNAVAILABLE,1.3286897590361446
DABUR,2015-03,Consumer Staples,0.21884317233154443,NORMAL,33.0,NORMAL,,SOURCE_CASH_FIELD_UNAVAILABLE,1.2766131673763512
DABUR,2016-03,Consumer Staples,0.19299928074802206,NORMAL,31.625,NORMAL,,SOURCE_CASH_FIELD_UNAVAILABLE,1.122331217541835
DABUR,2017-03,Consumer Staples,0.20115535382710956,NORMAL,28.0,NORMAL,,SOURCE_CASH_FIELD_UNAVAILABLE,0.9847387480600104
DABUR,2018-03,Consumer Staples,0.16438836312653346,NORMAL,30.50943396226415,NORMAL,,SOURCE_CASH_FIELD_UNAVAILABLE,0.8873822109859802
DABUR,2019-03,Consumer Staples,0.12411221590909091,NORMAL,29.0,NORMAL,,SOURCE_CASH_FIELD_UNAVAILABLE,1.0092449922958397
DABUR,2020-03,Consumer Staples,0.07901907356948229,NORMAL,35.84,NORMAL,,SOURCE_CASH_FIELD_UNAVAILABLE,0.9301702902431188
DABUR,2021-03,Consumer Staples,0.06641440501043841,NORMAL,64.58064516129032,NORMAL,,SOURCE_CASH_FIELD_UNAVAILABLE,0.8826733130250162
DABUR,2022-03,Consumer Staples,0.12288236697685516,NORMAL,57.743589743589745,NORMAL,,SOURCE_CASH_FIELD_UNAVAILABLE,0.8864376424617388
DABUR,2023-03,Consumer Staples,0.13083695531037556,NORMAL,27.71794871794872,NORMAL,,SOURCE_CASH_FIELD_UNAVAILABLE,0.8445648989159098
DABUR,2024-03,Consumer Staples,0.13835394283397526,NORMAL,19.35483870967742,NORMAL,,SOURCE_CASH_FIELD_UNAVAILABLE,0.8205874569992061
DIVISLAB,2013-03,Healthcare,0.013194722111155539,NORMAL,272.0,NORMAL,,SOURCE_CASH_FIELD_UNAVAILABLE,0.6833386428798981
DIVISLAB,2014-03,Healthcare,0.006072874493927126,NORMAL,339.3333333333333,NORMAL,,SOURCE_CASH_FIELD_UNAVAILABLE,0.6824797843665769
DIVISLAB,2015-03,Healthcare,0.007723112128146453,NORMAL,391.0,NORMAL,,SOURCE_CASH_FIELD_UNAVAILABLE,0.7071509648127128
DIVISLAB,2016-03,Healthcare,0.009783368273934312,NORMAL,284.6,NORMAL,,SOURCE_CASH_FIELD_UNAVAILABLE,0.7709269089424254
DIVISLAB,2017-03,Healthcare,0.006720179204778794,NORMAL,483.3333333333333,NORMAL,,SOURCE_CASH_FIELD_UNAVAILABLE,0.6602761982128351
DIVISLAB,2018-03,Healthcare,0.010632911392405063,NORMAL,634.5,NORMAL,,SOURCE_CASH_FIELD_UNAVAILABLE,0.5734708916728076
DIVISLAB,2019-03,Healthcare,0.015236452493891045,NORMAL,374.8,NORMAL,,SOURCE_CASH_FIELD_UNAVAILABLE,0.6154803384768541
DIVISLAB,2020-03,Healthcare,0.00533515731874145,NORMAL,260.85714285714283,NORMAL,,SOURCE_CASH_FIELD_UNAVAILABLE,0.6322822646817489
DIVISLAB,2021-03,Healthcare,0.0005379236148466917,NORMAL,1433.5,NORMAL,,SOURCE_CASH_FIELD_UNAVAILABLE,0.6470151332281125
DIVISLAB,2022-03,Healthcare,0.00034106412005457026,NORMAL,1942.5,NORMAL,,SOURCE_CASH_FIELD_UNAVAILABLE,0.6706586826347305
DIVISLAB,2023-03,Healthcare,0.0003133077465340331,NORMAL,1185.0,NORMAL,,SOURCE_CASH_FIELD_UNAVAILABLE,0.5384402079722703
DIVISLAB,2024-03,Healthcare,0.0002210596124088129,NORMAL,552.5,NORMAL,,SOURCE_CASH_FIELD_UNAVAILABLE,0.5074385510996119
DLF,2013-03,Real Estate,1.0338528508686695,NORMAL,1.137856525496975,ICR_WARNING,,SOURCE_CASH_FIELD_UNAVAILABLE,0.1202375980323913
DLF,2014-03,Real Estate,0.8809271764920606,NORMAL,1.0121802679658953,ICR_WARNING,,SOURCE_CASH_FIELD_UNAVAILABLE,0.12860131731886865
DLF,2015-03,Real Estate,0.8949906828894004,NORMAL,1.3081597222222223,ICR_WARNING,,SOURCE_CASH_FIELD_UNAVAILABLE,0.11543569466662643
DLF,2016-03,Real Estate,1.049648926004404,NORMAL,1.4798507462686568,ICR_WARNING,,SOURCE_CASH_FIELD_UNAVAILABLE,0.1607996241636832
DLF,2017-03,Real Estate,1.1883774874862654,NORMAL,1.1563758389261745,ICR_WARNING,,SOURCE_CASH_FIELD_UNAVAILABLE,0.12854551709040873
DLF,2018-03,Real Estate,0.49534139503270935,NORMAL,0.8058285327007794,ICR_WARNING,,SOURCE_CASH_FIELD_UNAVAILABLE,0.11070396962944623
DLF,2019-03,Real Estate,0.5129258994519895,NORMAL,1.0417070805043647,ICR_WARNING,,SOURCE_CASH_FIELD_UNAVAILABLE,0.12583668005354753
DLF,2020-03,Real Estate,0.23523093447905477,NORMAL,0.803083391730904,ICR_WARNING,,SOURCE_CASH_FIELD_UNAVAILABLE,0.10883879048130256
DLF,2021-03,Real Estate,0.19482797645993663,NORMAL,1.7221570926143024,NORMAL,,SOURCE_CASH_FIELD_UNAVAILABLE,0.10121896500149566
DLF,2022-03,Real Estate,0.1150101754578956,NORMAL,2.7888,NORMAL,,SOURCE_CASH_FIELD_UNAVAILABLE,0.111732171125921
DLF,2023-03,Real Estate,0.08846551861384562,NORMAL,4.403061224489796,NORMAL,,SOURCE_CASH_FIELD_UNAVAILABLE,0.10832762687362094
DLF,2024-03,Real Estate,0.12259389820192235,NORMAL,5.966292134831461,NORMAL,,SOURCE_CASH_FIELD_UNAVAILABLE,0.10880495691479457
DMART,2013-03,Consumer Discretionary,0.6666666666666666,NORMAL,5.0,NORMAL,,SOURCE_CASH_FIELD_UNAVAILABLE,2.2392761394101877
DMART,2014-03,Consumer Discretionary,0.6705020920502092,NORMAL,6.089285714285714,NORMAL,,SOURCE_CASH_FIELD_UNAVAILABLE,2.5918141592920354
DMART,2015-03,Consumer Discretionary,0.7533333333333333,NORMAL,6.333333333333333,NORMAL,,SOURCE_CASH_FIELD_UNAVAILABLE,2.7341825902335457
DMART,2016-03,Consumer Discretionary,0.7836949375410914,NORMAL,7.2967032967032965,NORMAL,,SOURCE_CASH_FIELD_UNAVAILABLE,2.7672469374597033
DMART,2017-03,Consumer Discretionary,0.3896408120770432,NORMAL,7.942622950819672,NORMAL,,SOURCE_CASH_FIELD_UNAVAILABLE,2.044681216703901
DMART,2018-03,Consumer Discretionary,0.09402441636324695,NORMAL,22.55,NORMAL,,SOURCE_CASH_FIELD_UNAVAILABLE,2.6616501416430594
DMART,2019-03,Consumer Discretionary,0.12529085376767496,NORMAL,34.744680851063826,NORMAL,,SOURCE_CASH_FIELD_UNAVAILABLE,2.8554096488723952
DMART,2020-03,Consumer Discretionary,0.030054151624548737,NORMAL,30.840579710144926,NORMAL,,SOURCE_CASH_FIELD_UNAVAILABLE,2.0594567737661476
DMART,2021-03,Consumer Discretionary,0.032255416940249505,NORMAL,41.54761904761905,NORMAL,,SOURCE_CASH_FIELD_UNAVAILABLE,1.7680703039179788
DMART,2022-03,Consumer Discretionary,0.04730223716917678,NORMAL,46.333333333333336,NORMAL,,SOURCE_CASH_FIELD_UNAVAILABLE,2.0021976601383233
DMART,2023-03,Consumer Discretionary,0.039992536385122526,NORMAL,54.3134328358209,NORMAL,,SOURCE_CASH_FIELD_UNAVAILABLE,2.3661971830985915
DMART,2024-03,Consumer Discretionary,0.031661140228901485,NORMAL,70.79310344827586,NORMAL,,SOURCE_CASH_FIELD_UNAVAILABLE,2.398875873795579
DRREDDY,2013-03,Healthcare,0.5781127335531481,NORMAL,26.69,NORMAL,,SOURCE_CASH_FIELD_UNAVAILABLE,0.8843796711509716
DRREDDY,2014-03,Healthcare,0.5692307692307692,NORMAL,25.598425196850393,NORMAL,,SOURCE_CASH_FIELD_UNAVAILABLE,0.84339243052936
DRREDDY,2015-03,Healthcare,0.4378361920227342,NORMAL,32.48148148148148,NORMAL,,SOURCE_CASH_FIELD_UNAVAILABLE,0.8139459283740587
DRREDDY,2016-03,Healthcare,0.2666878828864667,NORMAL,43.19277108433735,NORMAL,,SOURCE_CASH_FIELD_UNAVAILABLE,0.7657648794884407
DRREDDY,2017-03,Healthcare,0.4010764964932311,NORMAL,31.29113924050633,NORMAL,,SOURCE_CASH_FIELD_UNAVAILABLE,0.655583264062067
DRREDDY,2018-03,Healthcare,0.40335666560610883,NORMAL,29.759493670886076,NORMAL,,SOURCE_CASH_FIELD_UNAVAILABLE,0.6389995078079556
DRREDDY,2019-03,Healthcare,0.27367370222475756,NORMAL,35.70786516853933,NORMAL,,SOURCE_CASH_FIELD_UNAVAILABLE,0.6890891248104202
DRREDDY,2020-03,Healthcare,0.14167574844541317,NORMAL,25.275510204081634,NORMAL,,SOURCE_CASH_FIELD_UNAVAILABLE,0.7542953106833742
DRREDDY,2021-03,Healthcare,0.17181565670880336,NORMAL,39.93814432989691,NORMAL,,SOURCE_CASH_FIELD_UNAVAILABLE,0.7164134195877839
DRREDDY,2022-03,Healthcare,0.17613991255465333,NORMAL,39.25,NORMAL,,SOURCE_CASH_FIELD_UNAVAILABLE,0.7242990654205608
DRREDDY,2023-03,Healthcare,0.05784591600103066,NORMAL,45.24475524475525,NORMAL,,SOURCE_CASH_FIELD_UNAVAILABLE,0.7659349871154025
DRREDDY,2024-03,Healthcare,0.07085722375592836,NORMAL,46.39181286549707,NORMAL,,SOURCE_CASH_FIELD_UNAVAILABLE,0.7223053120165034
EICHERMOT,2012-12,Consumer Discretionary,0.013105413105413105,NORMAL,137.5,NORMAL,,SOURCE_CASH_FIELD_UNAVAILABLE,1.4292104674569448
EICHERMOT,2013-12,Consumer Discretionary,0.040875912408759124,NORMAL,89.375,NORMAL,,SOURCE_CASH_FIELD_UNAVAILABLE,1.2759977515458123
EICHERMOT,2014-12,Consumer Discretionary,0.023052464228934817,NORMAL,111.8,NORMAL,,SOURCE_CASH_FIELD_UNAVAILABLE,1.3646728096204903
EICHERMOT,2016-03,Consumer Discretionary,0.006296194908294552,NORMAL,845.0,NORMAL,,SOURCE_CASH_FIELD_UNAVAILABLE,1.2498481473982588
EICHERMOT,2017-03,Consumer Discretionary,0.02095416276894294,NORMAL,543.5,NORMAL,,SOURCE_CASH_FIELD_UNAVAILABLE,1.003424168925667
EICHERMOT,2018-03,Consumer Discretionary,0.021479374110953058,NORMAL,561.8,NORMAL,,SOURCE_CASH_FIELD_UNAVAILABLE,0.9415038857382902
EICHERMOT,2019-03,Consumer Discretionary,0.020968827091276072,NORMAL,414.85714285714283,NORMAL,,SOURCE_CASH_FIELD_UNAVAILABLE,0.8603670852726794
EICHERMOT,2020-03,Consumer Discretionary,0.024947400060114217,NORMAL,114.89473684210526,NORMAL,,SOURCE_CASH_FIELD_UNAVAILABLE,0.7352610441767068
EICHERMOT,2021-03,Consumer Discretionary,0.01914670396922539,NORMAL,111.4375,NORMAL,,SOURCE_CASH_FIELD_UNAVAILABLE,0.5989422350436157
EICHERMOT,2022-03,Consumer Discretionary,0.008565989847715736,NORMAL,114.63157894736842,NORMAL,,SOURCE_CASH_FIELD_UNAVAILABLE,0.6380421313506816
EICHERMOT,2023-03,Consumer Discretionary,0.019212808539026016,NORMAL,123.07142857142857,NORMAL,,SOURCE_CASH_FIELD_UNAVAILABLE,0.7522658610271903
EICHERMOT,2024-03,Consumer Discretionary,0.023219728456636186,NORMAL,84.88235294117646,NORMAL,,SOURCE_CASH_FIELD_UNAVAILABLE,0.7153796236210254
GAIL,2013-03,Energy,0.5720636243661874,NORMAL,16.9954233409611,NORMAL,,SOURCE_CASH_FIELD_UNAVAILABLE,0.8522797572271732
GAIL,2014-03,Energy,0.5711424698052748,NORMAL,11.940209267563528,NORMAL,,SOURCE_CASH_FIELD_UNAVAILABLE,0.9237269124355044
GAIL,2015-03,Energy,0.5376227147140086,NORMAL,8.636503067484663,NORMAL,,SOURCE_CASH_FIELD_UNAVAILABLE,0.8692101221490189
GAIL,2016-03,Energy,0.24866082465730846,NORMAL,5.518248175182482,NORMAL,,SOURCE_CASH_FIELD_UNAVAILABLE,0.8813131740683676
GAIL,2017-03,Energy,0.16672179112072255,NORMAL,11.829076620825147,NORMAL,,SOURCE_CASH_FIELD_UNAVAILABLE,0.8329244651833044
GAIL,2018-03,Energy,0.09299647304397898,NORMAL,26.447457627118645,NORMAL,,SOURCE_CASH_FIELD_UNAVAILABLE,0.8882369240297948
GAIL,2019-03,Energy,0.04834362229371359,NORMAL,62.503144654088054,NORMAL,,SOURCE_CASH_FIELD_UNAVAILABLE,1.1134656417151376
GAIL,2020-03,Energy,0.14029390273605585,NORMAL,29.197411003236247,NORMAL,,SOURCE_CASH_FIELD_UNAVAILABLE,0.9677582939653562
GAIL,2021-03,Energy,0.14803881012372608,NORMAL,40.47486033519553,NORMAL,,SOURCE_CASH_FIELD_UNAVAILABLE,0.7080340614587189
GAIL,2022-03,Energy,0.14374395607823565,NORMAL,75.05445544554455,NORMAL,,SOURCE_CASH_FIELD_UNAVAILABLE,0.9605110577321295
GAIL,2023-03,Energy,0.274400480539683,NORMAL,20.54794520547945,NORMAL,,SOURCE_CASH_FIELD_UNAVAILABLE,1.3512174759983304
GAIL,2024-03,Energy,0.28304998896060884,NORMAL,19.908205841446453,NORMAL,,SOURCE_CASH_FIELD_UNAVAILABLE,1.0680883472962681
GODREJCP,2013-03,Consumer Staples,0.7413220645940235,NORMAL,11.436781609195402,NORMAL,,SOURCE_CASH_FIELD_UNAVAILABLE,0.8332683560753736
GODREJCP,2014-03,Consumer Staples,0.6286092715231788,NORMAL,9.741666666666667,NORMAL,,SOURCE_CASH_FIELD_UNAVAILABLE,0.9133413461538461
GODREJCP,2015-03,Consumer Staples,0.6302482022732545,NORMAL,12.3125,NORMAL,,SOURCE_CASH_FIELD_UNAVAILABLE,0.9066301369863013
GODREJCP,2016-03,Consumer Staples,0.67752519334427,NORMAL,12.9453125,NORMAL,,SOURCE_CASH_FIELD_UNAVAILABLE,0.8703378448186796
GODREJCP,2017-03,Consumer Staples,0.7546208977744248,NORMAL,12.383116883116884,NORMAL,,SOURCE_CASH_FIELD_UNAVAILABLE,0.7162287480680062
GODREJCP,2018-03,Consumer Staples,0.5605624800255673,NORMAL,12.046242774566474,NORMAL,,SOURCE_CASH_FIELD_UNAVAILABLE,0.7102567801500288
GODREJCP,2019-03,Consumer Staples,0.4653914958029448,NORMAL,8.957983193277311,NORMAL,,SOURCE_CASH_FIELD_UNAVAILABLE,0.7318007662835249
GODREJCP,2020-03,Consumer Staples,0.45264623955431754,NORMAL,9.447368421052632,NORMAL,,SOURCE_CASH_FIELD_UNAVAILABLE,0.6660618279569892
GODREJCP,2021-03,Consumer Staples,0.1974785464561924,NORMAL,17.384057971014492,NORMAL,,SOURCE_CASH_FIELD_UNAVAILABLE,0.7742909295141814
GODREJCP,2022-03,Consumer Staples,0.1474558670820353,NORMAL,19.74590163934426,NORMAL,,SOURCE_CASH_FIELD_UNAVAILABLE,0.7633378932968536
GODREJCP,2023-03,Consumer Staples,0.08191967522111063,NORMAL,12.99468085106383,NORMAL,,SOURCE_CASH_FIELD_UNAVAILABLE,0.7636634742214831
GODREJCP,2024-03,Consumer Staples,0.2557548817272583,NORMAL,9.538709677419355,NORMAL,,SOURCE_CASH_FIELD_UNAVAILABLE,0.7664201826881253
GRASIM,2013-03,Industrials,0.48583201912804597,NORMAL,18.28395061728395,NORMAL,,SOURCE_CASH_FIELD_UNAVAILABLE,0.6325272533599257
GRASIM,2014-03,Industrials,0.44788341429562806,NORMAL,10.995525727069351,NORMAL,,SOURCE_CASH_FIELD_UNAVAILABLE,0.5934933802580862
GRASIM,2015-03,Industrials,0.5155574762316335,NORMAL,7.712143928035982,NORMAL,,SOURCE_CASH_FIELD_UNAVAILABLE,0.5873077563711065
GRASIM,2016-03,Industrials,0.45590433482810166,NORMAL,8.232590529247911,NORMAL,,SOURCE_CASH_FIELD_UNAVAILABLE,0.5788740432388881
GRASIM,2017-03,Industrials,0.29352916812693153,NORMAL,10.522792022792023,NORMAL,,SOURCE_CASH_FIELD_UNAVAILABLE,0.5748163258801218
GRASIM,2018-03,Industrials,1.1692613448161644,NORMAL,3.17007917007917,NORMAL,,SOURCE_CASH_FIELD_UNAVAILABLE,0.26885170202838876
GRASIM,2019-03,Industrials,1.4561702861082386,NORMAL,2.745874587458746,NORMAL,,SOURCE_CASH_FIELD_UNAVAILABLE,0.3201632334827705
GRASIM,2020-03,Industrials,1.4969540727137889,NORMAL,1.5055152394775035,NORMAL,,SOURCE_CASH_FIELD_UNAVAILABLE,0.27951396709817716
GRASIM,2021-03,Industrials,1.2074083122118056,NORMAL,3.2561593569806044,NORMAL,,SOURCE_CASH_FIELD_UNAVAILABLE,0.28578375082756996
GRASIM,2022-03,Industrials,0.9873842454986196,NORMAL,4.277847571189279,NORMAL,,SOURCE_CASH_FIELD_UNAVAILABLE,0.3309746877907238
GRASIM,2023-03,Industrials,1.3085646795864976,NORMAL,3.5719722038385173,NORMAL,,SOURCE_CASH_FIELD_UNAVAILABLE,0.34922496385341856
GRASIM,2024-03,Industrials,1.5470993649397087,NORMAL,2.9314433545327154,NORMAL,,SOURCE_CASH_FIELD_UNAVAILABLE,0.3178182841724175
HAL,2013-03,Industrials,,NORMAL,153.6,NORMAL,,SOURCE_CASH_FIELD_UNAVAILABLE,
HAL,2014-03,Industrials,,NORMAL,196.25,NORMAL,,SOURCE_CASH_FIELD_UNAVAILABLE,
HAL,2015-03,Industrials,,NORMAL,156.73333333333332,NORMAL,,SOURCE_CASH_FIELD_UNAVAILABLE,
HAL,2016-03,Industrials,0.15,NORMAL,413.0,NORMAL,,SOURCE_CASH_FIELD_UNAVAILABLE,95.2159090909091
HAL,2017-03,Industrials,0.015037593984962405,NORMAL,202.25,NORMAL,,SOURCE_CASH_FIELD_UNAVAILABLE,105.58823529411765
HAL,2018-03,Industrials,0.023076923076923078,NORMAL,98.85714285714286,NORMAL,,SOURCE_CASH_FIELD_UNAVAILABLE,111.56024096385542
HAL,2019-03,Industrials,0.06015037593984962,NORMAL,25.8135593220339,NORMAL,,SOURCE_CASH_FIELD_UNAVAILABLE,114.33142857142857
HAL,2020-03,Industrials,0.014492753623188406,NORMAL,13.593314763231199,NORMAL,,SOURCE_CASH_FIELD_UNAVAILABLE,123.95953757225433
HAL,2021-03,Industrials,0.041666666666666664,NORMAL,20.00374531835206,NORMAL,,SOURCE_CASH_FIELD_UNAVAILABLE,123.02150537634408
HAL,2022-03,Industrials,0.0784313725490196,NORMAL,83.38461538461539,NORMAL,,SOURCE_CASH_FIELD_UNAVAILABLE,121.88118811881188
HAL,2023-03,Industrials,0.2655367231638418,NORMAL,104.203125,NORMAL,,SOURCE_CASH_FIELD_UNAVAILABLE,99.36531365313652
HAL,2024-03,Industrials,0.6180904522613065,NORMAL,226.72093023255815,NORMAL,,SOURCE_CASH_FIELD_UNAVAILABLE,67.51333333333334
HAVELLS,2013-03,Industrials,0.680998613037448,NORMAL,5.479674796747967,NORMAL,,SOURCE_CASH_FIELD_UNAVAILABLE,1.6004934948407357
HAVELLS,2014-03,Industrials,0.6326530612244898,NORMAL,7.617647058823529,NORMAL,,SOURCE_CASH_FIELD_UNAVAILABLE,1.5099399849962492
HAVELLS,2015-03,Industrials,0.23322332233223322,NORMAL,7.864583333333333,NORMAL,,SOURCE_CASH_FIELD_UNAVAILABLE,1.7685881370091896
HAVELLS,2016-03,Industrials,0.04426825239511067,NORMAL,8.747252747252746,NORMAL,,SOURCE_CASH_FIELD_UNAVAILABLE,1.7310234784590837
HAVELLS,2017-03,Industrials,0.06349206349206349,NORMAL,62.69230769230769,NORMAL,,SOURCE_CASH_FIELD_UNAVAILABLE,1.1861455108359134
HAVELLS,2018-03,Industrials,0.030831099195710455,NORMAL,41.32,NORMAL,,SOURCE_CASH_FIELD_UNAVAILABLE,1.2282082324455206
HAVELLS,2019-03,Industrials,0.022391615054787994,NORMAL,74.3125,NORMAL,,SOURCE_CASH_FIELD_UNAVAILABLE,1.409205372132065
HAVELLS,2020-03,Industrials,0.016697588126159554,NORMAL,20.92156862745098,NORMAL,,SOURCE_CASH_FIELD_UNAVAILABLE,1.3346529054149583
HAVELLS,2021-03,Industrials,0.10063743480780375,NORMAL,17.655555555555555,NORMAL,,SOURCE_CASH_FIELD_UNAVAILABLE,1.1813149570718482
HAVELLS,2022-03,Industrials,0.10261535898717308,NORMAL,26.492537313432837,NORMAL,,SOURCE_CASH_FIELD_UNAVAILABLE,1.324527226076214
HAVELLS,2023-03,Industrials,0.03365529731361304,NORMAL,29.472727272727273,NORMAL,,SOURCE_CASH_FIELD_UNAVAILABLE,1.5157300349556333
HAVELLS,2024-03,Industrials,0.040687525177924,NORMAL,22.392857142857142,NORMAL,,SOURCE_CASH_FIELD_UNAVAILABLE,1.4952143489101584
HCLTECH,2013-06,Information Technology,0.07930720145852324,NORMAL,53.58490566037736,NORMAL,,SOURCE_CASH_FIELD_UNAVAILABLE,1.1420599133889906
HCLTECH,2014-06,Information Technology,0.05207161125319693,NORMAL,70.48245614035088,NORMAL,,SOURCE_CASH_FIELD_UNAVAILABLE,1.0721814543028685
HCLTECH,2015-06,Information Technology,0.026750330250990752,NORMAL,93.25274725274726,NORMAL,,SOURCE_CASH_FIELD_UNAVAILABLE,1.0413108242303872
HCLTECH,2017-03,Information Technology,0.01766366202312665,NORMAL,116.74157303370787,NORMAL,,SOURCE_CASH_FIELD_UNAVAILABLE,1.039465058345352
HCLTECH,2018-03,Information Technology,0.015308085527400648,NORMAL,162.9855072463768,NORMAL,,SOURCE_CASH_FIELD_UNAVAILABLE,1.0537623205317885
HCLTECH,2019-03,Information Technology,0.10141178745829908,NORMAL,80.03448275862068,NORMAL,,SOURCE_CASH_FIELD_UNAVAILABLE,1.035613292430033
HCLTECH,2020-03,Information Technology,0.15577271929311254,NORMAL,34.28910891089109,NORMAL,,SOURCE_CASH_FIELD_UNAVAILABLE,0.8533790555307357
HCLTECH,2021-03,Information Technology,0.11456612087526914,NORMAL,39.23287671232877,NORMAL,,SOURCE_CASH_FIELD_UNAVAILABLE,0.8760212442037492
HCLTECH,2022-03,Information Technology,0.10244855767677746,NORMAL,64.35423197492163,NORMAL,,SOURCE_CASH_FIELD_UNAVAILABLE,0.9632257846852824
HCLTECH,2023-03,Information Technology,0.07329714853604465,NORMAL,64.10198300283287,NORMAL,,SOURCE_CASH_FIELD_UNAVAILABLE,1.088
HCLTECH,2024-03,Information Technology,0.08435023365512796,NORMAL,43.75768535262206,NORMAL,,SOURCE_CASH_FIELD_UNAVAILABLE,1.1101650405025958
HDFCBANK,2013-03,Financials,9.158311273640258,SECTOR_RELATIVE,1.770783681480443,NORMAL,,SOURCE_CASH_FIELD_UNAVAILABLE,0.08795432192934909
HDFCBANK,2014-03,Financials,9.434125025471506,SECTOR_RELATIVE,1.6278621354543263,NORMAL,,SOURCE_CASH_FIELD_UNAVAILABLE,0.08449823279456734
HDFCBANK,2015-03,Financials,8.071729423314437,SECTOR_RELATIVE,1.6932746700188561,NORMAL,,SOURCE_CASH_FIELD_UNAVAILABLE,0.08345618574955897
HDFCBANK,2016-03,Financials,8.742288436692506,SECTOR_RELATIVE,1.7887085265786657,NORMAL,,SOURCE_CASH_FIELD_UNAVAILABLE,0.08286670899959592
HDFCBANK,2017-03,Financials,8.078414711201168,SECTOR_RELATIVE,1.8485858194498257,NORMAL,,SOURCE_CASH_FIELD_UNAVAILABLE,0.08211071066763491
HDFCBANK,2018-03,Financials,8.620671721457313,SECTOR_RELATIVE,1.8391978576321852,NORMAL,,SOURCE_CASH_FIELD_UNAVAILABLE,0.07731062576936255
HDFCBANK,2019-03,Financials,7.02943913374503,SECTOR_RELATIVE,1.8396579933498707,NORMAL,,SOURCE_CASH_FIELD_UNAVAILABLE,0.0813432177759076
HDFCBANK,2020-03,Financials,7.558721464294219,SECTOR_RELATIVE,1.8272036657421922,NORMAL,,SOURCE_CASH_FIELD_UNAVAILABLE,0.07729420620813117
HDFCBANK,2021-03,Financials,7.20374624660407,SECTOR_RELATIVE,1.9191819412431859,NORMAL,,SOURCE_CASH_FIELD_UNAVAILABLE,0.0714373436724614
HDFCBANK,2022-03,Financials,7.217044641304831,SECTOR_RELATIVE,1.7808180358323624,NORMAL,,SOURCE_CASH_FIELD_UNAVAILABLE,0.06403213665615605
HDFCBANK,2023-03,Financials,7.39091618930479,SECTOR_RELATIVE,1.8589879688605804,NORMAL,,SOURCE_CASH_FIELD_UNAVAILABLE,0.06748017729778946
HDFCBANK,2024-03,Financials,6.808786667718385,SECTOR_RELATIVE,1.4008974956974893,ICR_WARNING,,SOURCE_CASH_FIELD_UNAVAILABLE,0.07038097917866981
HDFCLIFE,2013-03,Financials,0.0,SECTOR_RELATIVE,483.39285714285717,DEBT_FREE,,SOURCE_CASH_FIELD_UNAVAILABLE,0.33541676606708337
HDFCLIFE,2014-03,Financials,0.0,SECTOR_RELATIVE,68.71784232365145,DEBT_FREE,,SOURCE_CASH_FIELD_UNAVAILABLE,0.3283787661406026
HDFCLIFE,2015-03,Financials,0.0,SECTOR_RELATIVE,333.43037974683546,DEBT_FREE,,SOURCE_CASH_FIELD_UNAVAILABLE,0.3926618476676911
HDFCLIFE,2016-03,Financials,0.0,SECTOR_RELATIVE,159.13888888888889,DEBT_FREE,,SOURCE_CASH_FIELD_UNAVAILABLE,0.23700094063545152
HDFCLIFE,2017-03,Financials,0.0,SECTOR_RELATIVE,213.4820143884892,DEBT_FREE,,SOURCE_CASH_FIELD_UNAVAILABLE,0.32227094440413473
HDFCLIFE,2018-03,Financials,0.0,SECTOR_RELATIVE,110.58865248226951,DEBT_FREE,,SOURCE_CASH_FIELD_UNAVAILABLE,0.2919906229917725
HDFCLIFE,2019-03,Financials,0.0,SECTOR_RELATIVE,276.7647058823529,DEBT_FREE,,SOURCE_CASH_FIELD_UNAVAILABLE,0.2988386402091986
HDFCLIFE,2020-03,Financials,0.0,SECTOR_RELATIVE,76.52845528455285,DEBT_FREE,,SOURCE_CASH_FIELD_UNAVAILABLE,0.2221986931268151
HDFCLIFE,2021-03,Financials,0.06944444444444445,SECTOR_RELATIVE,157.96404494382023,NORMAL,,SOURCE_CASH_FIELD_UNAVAILABLE,0.3981408811332832
HDFCLIFE,2022-03,Financials,0.038427052645062125,SECTOR_RELATIVE,86.61618798955614,NORMAL,,SOURCE_CASH_FIELD_UNAVAILABLE,0.2909237476921477
HDFCLIFE,2023-03,Financials,0.07311629338874778,SECTOR_RELATIVE,48.80097425191371,NORMAL,,SOURCE_CASH_FIELD_UNAVAILABLE,0.28301400013705863
HDFCLIFE,2024-03,Financials,0.06477567162143734,SECTOR_RELATIVE,192.28761904761905,NORMAL,,SOURCE_CASH_FIELD_UNAVAILABLE,0.33527042786773137
HEROMOTOCO,2014-03,Consumer Discretionary,0.050506846878890274,NORMAL,50.51627906976744,NORMAL,,SOURCE_CASH_FIELD_UNAVAILABLE,2.497036158861885
HEROMOTOCO,2015-03,Consumer Discretionary,0.01529051987767584,NORMAL,73.90153846153846,NORMAL,,SOURCE_CASH_FIELD_UNAVAILABLE,2.5847568988173455
HEROMOTOCO,2016-03,Consumer Discretionary,0.026262168892913742,NORMAL,57.0855106888361,NORMAL,,SOURCE_CASH_FIELD_UNAVAILABLE,2.2066532258064515
HEROMOTOCO,2017-03,Consumer Discretionary,0.025300504071345483,NORMAL,28.94578313253012,NORMAL,,SOURCE_CASH_FIELD_UNAVAILABLE,1.8684691745036572
HEROMOTOCO,2018-03,Consumer Discretionary,0.019044437019712663,NORMAL,48.09219858156028,NORMAL,,SOURCE_CASH_FIELD_UNAVAILABLE,1.8657239753980572
HEROMOTOCO,2019-03,Consumer Discretionary,0.02378048780487805,NORMAL,39.063427800269906,NORMAL,,SOURCE_CASH_FIELD_UNAVAILABLE,1.8358733246865542
HEROMOTOCO,2020-03,Consumer Discretionary,0.031445231153685964,NORMAL,17.562064156206414,NORMAL,,SOURCE_CASH_FIELD_UNAVAILABLE,1.4869370743112738
HEROMOTOCO,2021-03,Consumer Discretionary,0.03788271925272444,NORMAL,48.64737793851718,NORMAL,,SOURCE_CASH_FIELD_UNAVAILABLE,1.3404485625216487
HEROMOTOCO,2022-03,Consumer Discretionary,0.038177573042216195,NORMAL,48.24770642201835,NORMAL,,SOURCE_CASH_FIELD_UNAVAILABLE,1.314663226265682
HEROMOTOCO,2023-03,Consumer Discretionary,0.034101825168107586,NORMAL,53.01587301587302,NORMAL,,SOURCE_CASH_FIELD_UNAVAILABLE,1.4281891541581302
HEROMOTOCO,2024-03,Consumer Discretionary,0.03423922255494661,NORMAL,47.24818577648767,NORMAL,,SOURCE_CASH_FIELD_UNAVAILABLE,1.4449202768324858
HINDALCO,2013-03,Materials,1.6119728276252476,NORMAL,65.25112511251125,NORMAL,,SOURCE_CASH_FIELD_UNAVAILABLE,0.665005390165022
HINDALCO,2014-03,Materials,1.5948182445079302,NORMAL,117.68242245199409,NORMAL,,SOURCE_CASH_FIELD_UNAVAILABLE,0.6355539128292096
HINDALCO,2015-03,Materials,1.7863236713715462,NORMAL,-114.7079326923077,ICR_WARNING,,SOURCE_CASH_FIELD_UNAVAILABLE,0.7356891905238948
HINDALCO,2016-03,Materials,1.663473614223448,NORMAL,60.654,NORMAL,,SOURCE_CASH_FIELD_UNAVAILABLE,0.6996939339407422
HINDALCO,2017-03,Materials,1.3855489697996048,NORMAL,73.34474123539232,NORMAL,,SOURCE_CASH_FIELD_UNAVAILABLE,0.685515655791548
HINDALCO,2018-03,Materials,0.9493546269962809,NORMAL,35.251128864188956,NORMAL,,SOURCE_CASH_FIELD_UNAVAILABLE,0.7834832056810916
HINDALCO,2019-03,Materials,0.9115493643588807,NORMAL,102.06832298136646,NORMAL,,SOURCE_CASH_FIELD_UNAVAILABLE,0.858987181849288
HINDALCO,2020-03,Materials,1.172882692868289,NORMAL,114.61147902869757,NORMAL,,SOURCE_CASH_FIELD_UNAVAILABLE,0.7006606649349417
HINDALCO,2021-03,Materials,1.010115281138683,NORMAL,-115.9564336372847,ICR_WARNING,,SOURCE_CASH_FIELD_UNAVAILABLE,0.6991134507631526
HINDALCO,2022-03,Materials,0.8247240731030425,NORMAL,133.05027932960894,NORMAL,,SOURCE_CASH_FIELD_UNAVAILABLE,0.8792184084199139
HINDALCO,2023-03,Materials,0.6359407632428328,NORMAL,153.43228768171386,NORMAL,,SOURCE_CASH_FIELD_UNAVAILABLE,0.9987158204654368
HINDALCO,2024-03,Materials,0.5309290976579428,NORMAL,126.45819618169848,NORMAL,,SOURCE_CASH_FIELD_UNAVAILABLE,0.9360228499109322
HINDUNILVR,2013-03,Consumer Staples,0.008726003490401396,NORMAL,20.288512911843277,NORMAL,,SOURCE_CASH_FIELD_UNAVAILABLE,2.2332120410188554
HINDUNILVR,2014-03,Consumer Staples,0.013005371783997738,NORMAL,30.90277777777778,NORMAL,,SOURCE_CASH_FIELD_UNAVAILABLE,2.125490766322524
HINDUNILVR,2015-03,Consumer Staples,0.010677924012912838,NORMAL,21.299117882919006,NORMAL,,SOURCE_CASH_FIELD_UNAVAILABLE,2.2156618156618157
HINDUNILVR,2016-03,Consumer Staples,0.026928343222272933,NORMAL,54.065843621399175,NORMAL,,SOURCE_CASH_FIELD_UNAVAILABLE,2.175758804840127
HINDUNILVR,2017-03,Consumer Staples,0.041073546856465006,NORMAL,44.28052805280528,NORMAL,,SOURCE_CASH_FIELD_UNAVAILABLE,2.111422386349166
HINDUNILVR,2018-03,Consumer Staples,0.0,NORMAL,79.45042492917847,DEBT_FREE,,SOURCE_CASH_FIELD_UNAVAILABLE,1.989978725786586
HINDUNILVR,2019-03,Consumer Staples,0.01258421253336723,NORMAL,94.5031055900621,NORMAL,,SOURCE_CASH_FIELD_UNAVAILABLE,2.1101508400880347
HINDUNILVR,2020-03,Consumer Staples,0.0,NORMAL,70.57075471698113,DEBT_FREE,,SOURCE_CASH_FIELD_UNAVAILABLE,1.974048528755024
HINDUNILVR,2021-03,Consumer Staples,0.0,NORMAL,208.24705882352941,DEBT_FREE,,SOURCE_CASH_FIELD_UNAVAILABLE,0.6841431480942682
HINDUNILVR,2022-03,Consumer Staples,0.02125924869040582,NORMAL,180.7716894977169,NORMAL,,SOURCE_CASH_FIELD_UNAVAILABLE,0.7438515870989703
HINDUNILVR,2023-03,Consumer Staples,0.024232665394402036,NORMAL,103.64508928571429,NORMAL,,SOURCE_CASH_FIELD_UNAVAILABLE,0.8289886010646305
HINDUNILVR,2024-03,Consumer Staples,0.028974188761763442,NORMAL,57.817625458996325,NORMAL,,SOURCE_CASH_FIELD_UNAVAILABLE,0.7885945801322478
ICICIBANK,2013-03,Financials,7.091880807992671,SECTOR_RELATIVE,1.0806275579809004,ICR_WARNING,,SOURCE_CASH_FIELD_UNAVAILABLE,0.06651383624126066
ICICIBANK,2014-03,Financials,7.1052597147716865,SECTOR_RELATIVE,1.091972743892305,ICR_WARNING,,SOURCE_CASH_FIELD_UNAVAILABLE,0.06616944963771895
ICICIBANK,2015-03,Financials,7.050433858686028,SECTOR_RELATIVE,1.0996822875297856,ICR_WARNING,,SOURCE_CASH_FIELD_UNAVAILABLE,0.06653600926787874
ICICIBANK,2016-03,Financials,7.1347132641242785,SECTOR_RELATIVE,1.241081183791744,ICR_WARNING,,SOURCE_CASH_FIELD_UNAVAILABLE,0.06453726560697291
ICICIBANK,2017-03,Financials,6.698467008181054,SECTOR_RELATIVE,1.2169926417324335,ICR_WARNING,,SOURCE_CASH_FIELD_UNAVAILABLE,0.06182251642192295
ICICIBANK,2018-03,Financials,7.368688420862334,SECTOR_RELATIVE,1.2816378263242205,ICR_WARNING,,SOURCE_CASH_FIELD_UNAVAILABLE,0.05529044785067078
ICICIBANK,2019-03,Financials,7.804092671527225,SECTOR_RELATIVE,1.4121365360303413,ICR_WARNING,,SOURCE_CASH_FIELD_UNAVAILABLE,0.05810651327016437
ICICIBANK,2020-03,Financials,8.251756668835394,SECTOR_RELATIVE,1.3142571208622016,ICR_WARNING,,SOURCE_CASH_FIELD_UNAVAILABLE,0.06159623376887399
ICICIBANK,2021-03,Financials,7.004638707507599,SECTOR_RELATIVE,1.2651231745503921,ICR_WARNING,,SOURCE_CASH_FIELD_UNAVAILABLE,0.05665416199647734
ICICIBANK,2022-03,Financials,6.882435334765151,SECTOR_RELATIVE,1.3004876949572663,ICR_WARNING,,SOURCE_CASH_FIELD_UNAVAILABLE,0.05443625805001264
ICICIBANK,2023-03,Financials,6.526373206276982,SECTOR_RELATIVE,1.3494286767416144,ICR_WARNING,,SOURCE_CASH_FIELD_UNAVAILABLE,0.061816501488391566
ICICIBANK,2024-03,Financials,6.445624336310825,SECTOR_RELATIVE,1.301063746373592,ICR_WARNING,,SOURCE_CASH_FIELD_UNAVAILABLE,0.06747535915921023
ICICIGI,2013-03,Financials,0.0,SECTOR_RELATIVE,7.151877133105802,DEBT_FREE,,SOURCE_CASH_FIELD_UNAVAILABLE,0.3174804146553771
ICICIGI,2014-03,Financials,0.0,SECTOR_RELATIVE,5.603427172582619,DEBT_FREE,,SOURCE_CASH_FIELD_UNAVAILABLE,0.2951709169831796
ICICIGI,2015-03,Financials,0.0,SECTOR_RELATIVE,4.491935483870968,DEBT_FREE,,SOURCE_CASH_FIELD_UNAVAILABLE,0.2890891711047385
ICICIGI,2016-03,Financials,0.0,SECTOR_RELATIVE,,DEBT_FREE,,SOURCE_CASH_FIELD_UNAVAILABLE,0.3848558305690227
ICICIGI,2017-03,Financials,0.12432709561650859,SECTOR_RELATIVE,-3300.5,ICR_WARNING,,SOURCE_CASH_FIELD_UNAVAILABLE,0.3220418825746221
ICICIGI,2018-03,Financials,0.1068046685752037,SECTOR_RELATIVE,4.572339069471001,NORMAL,,SOURCE_CASH_FIELD_UNAVAILABLE,0.2323361344537815
ICICIGI,2019-03,Financials,0.08981481481481482,SECTOR_RELATIVE,-4747.0,ICR_WARNING,,SOURCE_CASH_FIELD_UNAVAILABLE,0.3341915396820645
ICICIGI,2020-03,Financials,0.07906749266384089,SECTOR_RELATIVE,649.6666666666666,NORMAL,,SOURCE_CASH_FIELD_UNAVAILABLE,0.3109173370768317
ICICIGI,2021-03,Financials,0.06382418739307803,SECTOR_RELATIVE,840.8333333333334,NORMAL,,SOURCE_CASH_FIELD_UNAVAILABLE,0.3094559519568426
ICICIGI,2022-03,Financials,0.02773849668225824,SECTOR_RELATIVE,18.553770086526576,NORMAL,,SOURCE_CASH_FIELD_UNAVAILABLE,0.3151746381371932
ICICIGI,2023-03,Financials,0.003351206434316354,SECTOR_RELATIVE,16.762865792129162,NORMAL,,SOURCE_CASH_FIELD_UNAVAILABLE,0.3245107649856588
ICICIGI,2024-03,Financials,0.0028676771814829987,SECTOR_RELATIVE,159.91071428571428,NORMAL,,SOURCE_CASH_FIELD_UNAVAILABLE,0.3236083907247109
ICICIPRULI,2013-03,Financials,0.0,SECTOR_RELATIVE,21.42222222222222,DEBT_FREE,,SOURCE_CASH_FIELD_UNAVAILABLE,0.2662190906673757
ICICIPRULI,2014-03,Financials,0.0,SECTOR_RELATIVE,158.015503875969,DEBT_FREE,,SOURCE_CASH_FIELD_UNAVAILABLE,0.2686501215111569
ICICIPRULI,2015-03,Financials,0.0,SECTOR_RELATIVE,762.7441860465116,DEBT_FREE,,SOURCE_CASH_FIELD_UNAVAILABLE,0.34039421034431655
ICICIPRULI,2016-03,Financials,0.19331204208153296,SECTOR_RELATIVE,,DEBT_FREE,,SOURCE_CASH_FIELD_UNAVAILABLE,0.1990073020569847
ICICIPRULI,2017-03,Financials,0.0,SECTOR_RELATIVE,277.0,DEBT_FREE,,SOURCE_CASH_FIELD_UNAVAILABLE,0.3031561395210877
ICICIPRULI,2018-03,Financials,0.0,SECTOR_RELATIVE,280.77272727272725,DEBT_FREE,,SOURCE_CASH_FIELD_UNAVAILABLE,0.27381380492035623
ICICIPRULI,2019-03,Financials,0.0,SECTOR_RELATIVE,50.334563345633455,DEBT_FREE,,SOURCE_CASH_FIELD_UNAVAILABLE,0.25424009418343696
ICICIPRULI,2020-03,Financials,0.0,SECTOR_RELATIVE,13.52598225602028,DEBT_FREE,,SOURCE_CASH_FIELD_UNAVAILABLE,0.13474886400779332
ICICIPRULI,2021-03,Financials,0.1317378416950269,SECTOR_RELATIVE,50.07309766327142,NORMAL,,SOURCE_CASH_FIELD_UNAVAILABLE,0.382938955897247
ICICIPRULI,2022-03,Financials,0.1310329766324525,SECTOR_RELATIVE,20.59793168285804,NORMAL,,SOURCE_CASH_FIELD_UNAVAILABLE,0.26004246492961375
ICICIPRULI,2023-03,Financials,0.11892963330029732,SECTOR_RELATIVE,17.85811965811966,NORMAL,,SOURCE_CASH_FIELD_UNAVAILABLE,0.1972945190755557
ICICIPRULI,2024-03,Financials,0.10904134484325306,SECTOR_RELATIVE,31.022222222222222,NORMAL,,SOURCE_CASH_FIELD_UNAVAILABLE,0.3020290902037117
INDIGO,2013-03,Consumer Discretionary,2.5,HIGH_LEVERAGE,28.2027027027027,NORMAL,,SOURCE_CASH_FIELD_UNAVAILABLE,353.96153846153845
INDIGO,2014-03,Consumer Discretionary,3.1818181818181817,HIGH_LEVERAGE,27.324808184143222,NORMAL,,SOURCE_CASH_FIELD_UNAVAILABLE,317.62857142857143
INDIGO,2015-03,Consumer Discretionary,0.15151515151515152,NORMAL,30.435443037974682,NORMAL,,SOURCE_CASH_FIELD_UNAVAILABLE,228.27868852459017
INDIGO,2016-03,Consumer Discretionary,0.061823802163833076,NORMAL,25.19611650485437,NORMAL,,SOURCE_CASH_FIELD_UNAVAILABLE,82.34693877551021
INDIGO,2017-03,Consumer Discretionary,0.5306122448979592,NORMAL,20.73764258555133,NORMAL,,SOURCE_CASH_FIELD_UNAVAILABLE,75.52845528455285
INDIGO,2018-03,Consumer Discretionary,0.54,NORMAL,21.109820485744457,NORMAL,,SOURCE_CASH_FIELD_UNAVAILABLE,82.51254480286738
INDIGO,2019-03,Consumer Discretionary,0.6821705426356589,NORMAL,21.6211320754717,NORMAL,,SOURCE_CASH_FIELD_UNAVAILABLE,76.39946380697052
INDIGO,2020-03,Consumer Discretionary,0.41899441340782123,NORMAL,20.696930111038537,NORMAL,,SOURCE_CASH_FIELD_UNAVAILABLE,84.72985781990522
INDIGO,2021-03,Consumer Discretionary,0.015957446808510637,NORMAL,14.12934362934363,NORMAL,,SOURCE_CASH_FIELD_UNAVAILABLE,18.053020961775587
INDIGO,2022-03,Consumer Discretionary,0.018461538461538463,NORMAL,34.997241379310346,NORMAL,,SOURCE_CASH_FIELD_UNAVAILABLE,28.18586956521739
INDIGO,2023-03,Consumer Discretionary,0.015444015444015444,NORMAL,33.49126484975542,NORMAL,,SOURCE_CASH_FIELD_UNAVAILABLE,51.26741996233522
INDIGO,2024-03,Consumer Discretionary,0.018579234972677595,NORMAL,22.60232158211522,NORMAL,,SOURCE_CASH_FIELD_UNAVAILABLE,56.38625204582652
INDUSINDBK,2013-03,Financials,8.332372214941023,SECTOR_RELATIVE,1.4284666177549523,ICR_WARNING,,SOURCE_CASH_FIELD_UNAVAILABLE,0.09525693317145702
INDUSINDBK,2014-03,Financials,8.3229016919164,SECTOR_RELATIVE,1.351136964569011,ICR_WARNING,,SOURCE_CASH_FIELD_UNAVAILABLE,0.09484521867028245
INDUSINDBK,2015-03,Financials,8.901916572717024,SECTOR_RELATIVE,1.2295918367346939,ICR_WARNING,,SOURCE_CASH_FIELD_UNAVAILABLE,0.08670060024868724
INDUSINDBK,2016-03,Financials,6.667947558770344,SECTOR_RELATIVE,1.27024567788899,ICR_WARNING,,SOURCE_CASH_FIELD_UNAVAILABLE,0.08308082045109415
INDUSINDBK,2017-03,Financials,7.218153637508476,SECTOR_RELATIVE,1.3627427475425558,ICR_WARNING,,SOURCE_CASH_FIELD_UNAVAILABLE,0.08063902198737181
INDUSINDBK,2018-03,Financials,7.966444360555346,SECTOR_RELATIVE,1.38,ICR_WARNING,,SOURCE_CASH_FIELD_UNAVAILABLE,0.07797370344634655
INDUSINDBK,2019-03,Financials,9.075507756876265,SECTOR_RELATIVE,1.6438817071011156,NORMAL,,SOURCE_CASH_FIELD_UNAVAILABLE,0.08012770904797728
INDUSINDBK,2020-03,Financials,7.57175785864523,SECTOR_RELATIVE,1.814271327866494,NORMAL,,SOURCE_CASH_FIELD_UNAVAILABLE,0.09373799086817475
INDUSINDBK,2021-03,Financials,7.091617664014758,SECTOR_RELATIVE,2.4389388626314985,NORMAL,,SOURCE_CASH_FIELD_UNAVAILABLE,0.07989574982161207
INDUSINDBK,2022-03,Financials,7.149251540945113,SECTOR_RELATIVE,2.1598036542132535,NORMAL,,SOURCE_CASH_FIELD_UNAVAILABLE,0.07667641022451645
INDUSINDBK,2023-03,Financials,7.056662150781737,SECTOR_RELATIVE,1.9011756061719325,NORMAL,,SOURCE_CASH_FIELD_UNAVAILABLE,0.07944010974128667
INDUSINDBK,2024-03,Financials,6.885742949503957,SECTOR_RELATIVE,1.8787814230933106,NORMAL,,SOURCE_CASH_FIELD_UNAVAILABLE,0.08884228106460039
INFY,2013-03,Information Technology,0.0,NORMAL,2307.6,DEBT_FREE,,SOURCE_CASH_FIELD_UNAVAILABLE,0.8720043219881145
INFY,2014-03,Information Technology,0.0,NORMAL,1487.7777777777778,DEBT_FREE,,SOURCE_CASH_FIELD_UNAVAILABLE,0.8800512586455078
INFY,2015-03,Information Technology,0.0,NORMAL,1240.25,DEBT_FREE,,SOURCE_CASH_FIELD_UNAVAILABLE,0.804341595136448
INFY,2016-03,Information Technology,0.0,NORMAL,,DEBT_FREE,,SOURCE_CASH_FIELD_UNAVAILABLE,0.8314602253056007
INFY,2017-03,Information Technology,0.0,NORMAL,,DEBT_FREE,,SOURCE_CASH_FIELD_UNAVAILABLE,0.8236397748592871
INFY,2018-03,Information Technology,0.0,NORMAL,,DEBT_FREE,,SOURCE_CASH_FIELD_UNAVAILABLE,0.888757262221326
INFY,2019-03,Information Technology,0.0,NORMAL,,DEBT_FREE,,SOURCE_CASH_FIELD_UNAVAILABLE,0.9834534770299527
INFY,2020-03,Information Technology,0.0707868601986249,NORMAL,130.98235294117646,NORMAL,,SOURCE_CASH_FIELD_UNAVAILABLE,0.98900871459695
INFY,2021-03,Information Technology,0.06974368377624393,NORMAL,143.02051282051283,NORMAL,,SOURCE_CASH_FIELD_UNAVAILABLE,0.9345276297309113
INFY,2022-03,Information Technology,0.07264764432647644,NORMAL,157.455,NORMAL,,SOURCE_CASH_FIELD_UNAVAILABLE,1.0420803742000702
INFY,2023-03,Information Technology,0.11005609558794277,NORMAL,123.69718309859155,NORMAL,,SOURCE_CASH_FIELD_UNAVAILABLE,1.1779431121384314
INFY,2024-03,Information Technology,0.09486358890553362,NORMAL,77.5,NORMAL,,SOURCE_CASH_FIELD_UNAVAILABLE,1.129760329363329
IOC,2013-03,Energy,1.422513761758967,NORMAL,1.9348129536571748,NORMAL,,SOURCE_CASH_FIELD_UNAVAILABLE,1.9091442793474396
IOC,2014-03,Energy,1.39761165019952,NORMAL,2.8954270342972426,NORMAL,,SOURCE_CASH_FIELD_UNAVAILABLE,1.8362079013961115
IOC,2015-03,Energy,0.942773709902371,NORMAL,2.5172577957629136,NORMAL,,SOURCE_CASH_FIELD_UNAVAILABLE,1.9219310509955834
IOC,2016-03,Energy,0.6507223827517226,NORMAL,6.320045884714655,NORMAL,,SOURCE_CASH_FIELD_UNAVAILABLE,1.4934078501607577
IOC,2017-03,Energy,0.6197206550697383,NORMAL,9.123430403419716,NORMAL,,SOURCE_CASH_FIELD_UNAVAILABLE,1.2983351539352401
IOC,2018-03,Energy,0.5765143931011468,NORMAL,10.750451612903225,NORMAL,,SOURCE_CASH_FIELD_UNAVAILABLE,1.424633272493747
IOC,2019-03,Energy,0.8603704131805209,NORMAL,7.159796954314721,NORMAL,,SOURCE_CASH_FIELD_UNAVAILABLE,1.5748845281083483
IOC,2020-03,Energy,1.3605107025304515,NORMAL,2.7715814917127073,NORMAL,,SOURCE_CASH_FIELD_UNAVAILABLE,1.4661173104781762
IOC,2021-03,Energy,1.043017578998194,NORMAL,13.613706102966246,NORMAL,,SOURCE_CASH_FIELD_UNAVAILABLE,1.0247926903095919
IOC,2022-03,Energy,0.9886546598270116,NORMAL,8.756508984231756,NORMAL,,SOURCE_CASH_FIELD_UNAVAILABLE,1.434282835461276
IOC,2023-03,Energy,1.0662463051366653,NORMAL,4.043621507643648,NORMAL,,SOURCE_CASH_FIELD_UNAVAILABLE,1.9044468828832906
IOC,2024-03,Energy,0.7230954600718581,NORMAL,9.59852810557036,NORMAL,,SOURCE_CASH_FIELD_UNAVAILABLE,1.6084096601703395
IRCTC,2015-03,Consumer Discretionary,0.0,NORMAL,,DEBT_FREE,,SOURCE_CASH_FIELD_UNAVAILABLE,0.9113597246127366
IRCTC,2016-03,Consumer Discretionary,0.0,NORMAL,,DEBT_FREE,,SOURCE_CASH_FIELD_UNAVAILABLE,0.9512874043145442
IRCTC,2017-03,Consumer Discretionary,0.0,NORMAL,104.66666666666667,DEBT_FREE,,SOURCE_CASH_FIELD_UNAVAILABLE,0.8324205914567361
IRCTC,2018-03,Consumer Discretionary,0.0,NORMAL,91.33333333333333,DEBT_FREE,,SOURCE_CASH_FIELD_UNAVAILABLE,0.6321690383786115
IRCTC,2019-03,Consumer Discretionary,0.0,NORMAL,191.5,DEBT_FREE,,SOURCE_CASH_FIELD_UNAVAILABLE,0.7208943716268311
IRCTC,2020-03,Consumer Discretionary,0.0,NORMAL,70.3,DEBT_FREE,,SOURCE_CASH_FIELD_UNAVAILABLE,0.6985498302992903
IRCTC,2021-03,Consumer Discretionary,0.05425824175824176,NORMAL,23.5,NORMAL,,SOURCE_CASH_FIELD_UNAVAILABLE,0.24643196955280686
IRCTC,2022-03,Consumer Discretionary,0.05614973262032086,NORMAL,79.45454545454545,NORMAL,,SOURCE_CASH_FIELD_UNAVAILABLE,0.4837796086508754
IRCTC,2023-03,Consumer Discretionary,0.03389830508474576,NORMAL,79.75,NORMAL,,SOURCE_CASH_FIELD_UNAVAILABLE,0.6958145018667715
IRCTC,2024-03,Consumer Discretionary,0.018575851393188854,NORMAL,77.15789473684211,NORMAL,,SOURCE_CASH_FIELD_UNAVAILABLE,0.7010343129207027
IRFC,2013-03,Financials,9.188770722552393,SECTOR_RELATIVE,1.356564417177914,ICR_WARNING,,SOURCE_CASH_FIELD_UNAVAILABLE,0.07843968624125504
IRFC,2014-03,Financials,9.245834435334567,SECTOR_RELATIVE,1.3410028217929237,ICR_WARNING,,SOURCE_CASH_FIELD_UNAVAILABLE,0.07383533897295365
IRFC,2015-03,Financials,8.208938032711357,SECTOR_RELATIVE,1.383213141025641,ICR_WARNING,,SOURCE_CASH_FIELD_UNAVAILABLE,0.07916985179184684
IRFC,2016-03,Financials,7.592451193058569,SECTOR_RELATIVE,1.3531436854502628,ICR_WARNING,,SOURCE_CASH_FIELD_UNAVAILABLE,0.06925276752767527
IRFC,2017-03,Financials,8.85960529602798,SECTOR_RELATIVE,1.3096689895470384,ICR_WARNING,,SOURCE_CASH_FIELD_UNAVAILABLE,0.06978017740069417
IRFC,2018-03,Financials,9.621338311315336,SECTOR_RELATIVE,1.3903284121723412,ICR_WARNING,,SOURCE_CASH_FIELD_UNAVAILABLE,0.057392176778061285
IRFC,2019-03,Financials,6.94953651909861,SECTOR_RELATIVE,1.354637663448613,ICR_WARNING,,SOURCE_CASH_FIELD_UNAVAILABLE,0.05389053454918588
IRFC,2020-03,Financials,7.7354698174857255,SECTOR_RELATIVE,1.3140804880448687,ICR_WARNING,,SOURCE_CASH_FIELD_UNAVAILABLE,0.04871435623439224
IRFC,2021-03,Financials,8.997744612128974,SECTOR_RELATIVE,1.3933434190620273,ICR_WARNING,,SOURCE_CASH_FIELD_UNAVAILABLE,0.041450055455974265
IRFC,2022-03,Financials,9.474839622411396,SECTOR_RELATIVE,1.4335346358792185,ICR_WARNING,,SOURCE_CASH_FIELD_UNAVAILABLE,0.045110893817503
IRFC,2023-03,Financials,9.376133031937513,SECTOR_RELATIVE,1.3519802831432337,ICR_WARNING,,SOURCE_CASH_FIELD_UNAVAILABLE,0.048376801486258024
IRFC,2024-03,Financials,8.378352548852153,SECTOR_RELATIVE,1.3189891050196507,ICR_WARNING,,SOURCE_CASH_FIELD_UNAVAILABLE,0.05492885738906
ITC,2013-03,Consumer Staples,0.0044045254339753,NORMAL,103.89814814814815,NORMAL,,SOURCE_CASH_FIELD_UNAVAILABLE,0.8949588157038127
ITC,2014-03,Consumer Staples,0.00888497264750156,NORMAL,451.0344827586207,NORMAL,,SOURCE_CASH_FIELD_UNAVAILABLE,0.8643262828045437
ITC,2015-03,Consumer Staples,0.008476178472397277,NORMAL,156.6153846153846,NORMAL,,SOURCE_CASH_FIELD_UNAVAILABLE,0.844729282729805
ITC,2016-03,Consumer Staples,0.0019681349578256793,NORMAL,186.2948717948718,NORMAL,,SOURCE_CASH_FIELD_UNAVAILABLE,0.7587849218795377
ITC,2017-03,Consumer Staples,0.0009911016310085537,NORMAL,315.7142857142857,NORMAL,,SOURCE_CASH_FIELD_UNAVAILABLE,0.7651078750581416
ITC,2018-03,Consumer Staples,0.0006855836983431727,NORMAL,143.66086956521738,NORMAL,,SOURCE_CASH_FIELD_UNAVAILABLE,0.6763437679986302
ITC,2019-03,Consumer Staples,0.00021981366564650582,NORMAL,261.0845070422535,NORMAL,,SOURCE_CASH_FIELD_UNAVAILABLE,0.6738315281785361
ITC,2020-03,Consumer Staples,0.004243714859130115,NORMAL,238.8148148148148,NORMAL,,SOURCE_CASH_FIELD_UNAVAILABLE,0.6388224185432863
ITC,2021-03,Consumer Staples,0.004490695477819941,NORMAL,294.2241379310345,NORMAL,,SOURCE_CASH_FIELD_UNAVAILABLE,0.6677919225607029
ITC,2022-03,Consumer Staples,0.003986870546793691,NORMAL,343.71666666666664,NORMAL,,SOURCE_CASH_FIELD_UNAVAILABLE,0.7855976993626613
ITC,2023-03,Consumer Staples,0.004424842744559323,NORMAL,329.53846153846155,NORMAL,,SOURCE_CASH_FIELD_UNAVAILABLE,0.8262632382239518
ITC,2024-03,Consumer Staples,0.004066731984914169,NORMAL,327.9125,NORMAL,,SOURCE_CASH_FIELD_UNAVAILABLE,0.7723477995509732
JINDALSTEL,2013-03,Materials,1.1583850931677018,NORMAL,5.722586691658857,NORMAL,,SOURCE_CASH_FIELD_UNAVAILABLE,0.3470467646698088
JINDALSTEL,2014-03,Materials,1.6084918177797434,NORMAL,3.2091864969562813,NORMAL,,SOURCE_CASH_FIELD_UNAVAILABLE,0.27986011347641226
JINDALSTEL,2015-03,Materials,2.162389506700884,HIGH_LEVERAGE,1.9005217391304348,NORMAL,,SOURCE_CASH_FIELD_UNAVAILABLE,0.2568410183089082
JINDALSTEL,2016-03,Materials,1.4427487976322604,NORMAL,1.056238475722188,ICR_WARNING,,SOURCE_CASH_FIELD_UNAVAILABLE,0.2107080239832031
JINDALSTEL,2017-03,Materials,1.5257395760540415,NORMAL,1.3684975297878523,ICR_WARNING,,SOURCE_CASH_FIELD_UNAVAILABLE,0.23850952249516974
JINDALSTEL,2018-03,Materials,1.413921342767813,NORMAL,1.673305742369374,NORMAL,,SOURCE_CASH_FIELD_UNAVAILABLE,0.3730359744480556
JINDALSTEL,2019-03,Materials,1.2329437431821724,NORMAL,1.972795497185741,NORMAL,,SOURCE_CASH_FIELD_UNAVAILABLE,0.5277019359333042
JINDALSTEL,2020-03,Materials,1.1458443538600367,NORMAL,1.8128980891719746,NORMAL,,SOURCE_CASH_FIELD_UNAVAILABLE,0.4225780570970114
JINDALSTEL,2021-03,Materials,0.9401225836869401,NORMAL,3.971304031965129,NORMAL,,SOURCE_CASH_FIELD_UNAVAILABLE,0.44423175745118193
JINDALSTEL,2022-03,Materials,0.37900350877192984,NORMAL,8.217690677966102,NORMAL,,SOURCE_CASH_FIELD_UNAVAILABLE,0.6675799801680496
JINDALSTEL,2023-03,Materials,0.3370536867669095,NORMAL,6.875518672199171,NORMAL,,SOURCE_CASH_FIELD_UNAVAILABLE,0.7664453310671641
JINDALSTEL,2024-03,Materials,0.3716941962270963,NORMAL,7.884080370942813,NORMAL,,SOURCE_CASH_FIELD_UNAVAILABLE,0.6400172860847018
JIOFIN,2023-03,Financials,0.006510690501226779,SECTOR_RELATIVE,,DEBT_FREE,,SOURCE_CASH_FIELD_UNAVAILABLE,0.00039154267815191856
JIOFIN,2024-03,Financials,0.0,SECTOR_RELATIVE,155.9,DEBT_FREE,,SOURCE_CASH_FIELD_UNAVAILABLE,0.012805202156520298
JSWENERGY,2013-03,Energy,1.6726305609284333,NORMAL,2.908618899273105,NORMAL,,SOURCE_CASH_FIELD_UNAVAILABLE,0.43527333398763374
JSWENERGY,2014-03,Energy,1.5379698676000608,NORMAL,2.699004975124378,NORMAL,,SOURCE_CASH_FIELD_UNAVAILABLE,0.4493868218665558
JSWENERGY,2015-03,Energy,1.2362330407023145,NORMAL,3.187335092348285,NORMAL,,SOURCE_CASH_FIELD_UNAVAILABLE,0.48130792996910404
JSWENERGY,2016-03,Energy,1.5315333882934872,NORMAL,2.6895861148197597,NORMAL,,SOURCE_CASH_FIELD_UNAVAILABLE,0.3442307018465959
JSWENERGY,2017-03,Energy,1.3838364355289807,NORMAL,1.972700296735905,NORMAL,,SOURCE_CASH_FIELD_UNAVAILABLE,0.2910634400648138
JSWENERGY,2018-03,Energy,1.0695769576957697,NORMAL,1.8633241758241759,NORMAL,,SOURCE_CASH_FIELD_UNAVAILABLE,0.30122375659593575
JSWENERGY,2019-03,Energy,0.8928269328370834,NORMAL,2.3951342281879193,NORMAL,,SOURCE_CASH_FIELD_UNAVAILABLE,0.3524647072436936
JSWENERGY,2020-03,Energy,0.844925296239052,NORMAL,2.813510941960038,NORMAL,,SOURCE_CASH_FIELD_UNAVAILABLE,0.3318358669929004
JSWENERGY,2021-03,Energy,0.5770317777624595,NORMAL,3.2511160714285716,NORMAL,,SOURCE_CASH_FIELD_UNAVAILABLE,0.2641279047582707
JSWENERGY,2022-03,Energy,0.5135228251507321,NORMAL,4.597168597168597,NORMAL,,SOURCE_CASH_FIELD_UNAVAILABLE,0.2676476371501606
JSWENERGY,2023-03,Energy,1.3447313328681088,NORMAL,3.8886255924170614,NORMAL,,SOURCE_CASH_FIELD_UNAVAILABLE,0.2133961211971002
JSWENERGY,2024-03,Energy,1.5156009984639016,NORMAL,2.621529469069654,NORMAL,,SOURCE_CASH_FIELD_UNAVAILABLE,0.19883324389357246
JSWSTEEL,2013-03,Materials,1.2672135950776442,NORMAL,3.3106253177427556,NORMAL,,SOURCE_CASH_FIELD_UNAVAILABLE,0.6643715333924504
JSWSTEEL,2014-03,Materials,1.6778596391801266,NORMAL,3.0082020997375327,NORMAL,,SOURCE_CASH_FIELD_UNAVAILABLE,0.6597114889232355
JSWSTEEL,2015-03,Materials,1.7386271870794079,NORMAL,2.6807901517320354,NORMAL,,SOURCE_CASH_FIELD_UNAVAILABLE,0.6184416372848903
JSWSTEEL,2016-03,Materials,2.225245175577349,HIGH_LEVERAGE,1.7833935018050542,NORMAL,,SOURCE_CASH_FIELD_UNAVAILABLE,0.5072338139597348
JSWSTEEL,2017-03,Materials,1.9134543206605732,NORMAL,3.2664543524416136,NORMAL,,SOURCE_CASH_FIELD_UNAVAILABLE,0.6318277370603943
JSWSTEEL,2018-03,Materials,1.4069933566683335,NORMAL,4.0302620913266685,NORMAL,,SOURCE_CASH_FIELD_UNAVAILABLE,0.7821354789605306
JSWSTEEL,2019-03,Materials,1.3621497341572064,NORMAL,4.832780188920092,NORMAL,,SOURCE_CASH_FIELD_UNAVAILABLE,0.7383206878228525
JSWSTEEL,2020-03,Materials,1.678269898084647,NORMAL,2.7697538100820633,NORMAL,,SOURCE_CASH_FIELD_UNAVAILABLE,0.5562585343650432
JSWSTEEL,2021-03,Materials,1.3341886921563595,NORMAL,5.09931766489765,NORMAL,,SOURCE_CASH_FIELD_UNAVAILABLE,0.5382997228908352
JSWSTEEL,2022-03,Materials,1.0734059467732588,NORMAL,7.8731884057971016,NORMAL,,SOURCE_CASH_FIELD_UNAVAILABLE,0.7449474514593989
JSWSTEEL,2023-03,Materials,1.2307329324910572,NORMAL,2.6760359316140248,NORMAL,,SOURCE_CASH_FIELD_UNAVAILABLE,0.7882625071839422
JSWSTEEL,2024-03,Materials,1.1328071688833383,NORMAL,3.4740283775447254,NORMAL,,SOURCE_CASH_FIELD_UNAVAILABLE,0.7679137157851319
KOTAKBANK,2013-03,Financials,5.60430994956442,SECTOR_RELATIVE,1.2916666666666667,ICR_WARNING,,SOURCE_CASH_FIELD_UNAVAILABLE,0.09356412137954849
KOTAKBANK,2014-03,Financials,4.503091595053448,SECTOR_RELATIVE,1.335289663006437,ICR_WARNING,,SOURCE_CASH_FIELD_UNAVAILABLE,0.09808751442343101
KOTAKBANK,2015-03,Financials,4.70563278570139,SECTOR_RELATIVE,1.1921000981354268,ICR_WARNING,,SOURCE_CASH_FIELD_UNAVAILABLE,0.08971198405000538
KOTAKBANK,2016-03,Financials,5.38541541781561,SECTOR_RELATIVE,1.512383698073647,NORMAL,,SOURCE_CASH_FIELD_UNAVAILABLE,0.08472450623743792
KOTAKBANK,2017-03,Financials,5.331757248259379,SECTOR_RELATIVE,1.2720411663807891,ICR_WARNING,,SOURCE_CASH_FIELD_UNAVAILABLE,0.08082900053586688
KOTAKBANK,2018-03,Financials,4.948502614482649,SECTOR_RELATIVE,1.2282561029089314,ICR_WARNING,,SOURCE_CASH_FIELD_UNAVAILABLE,0.07441371550396779
KOTAKBANK,2019-03,Financials,5.049462626122774,SECTOR_RELATIVE,1.2235570968540996,ICR_WARNING,,SOURCE_CASH_FIELD_UNAVAILABLE,0.07548883900893537
KOTAKBANK,2020-03,Financials,4.899335204165854,SECTOR_RELATIVE,1.3366090457021076,ICR_WARNING,,SOURCE_CASH_FIELD_UNAVAILABLE,0.07553257982774221
KOTAKBANK,2021-03,Financials,3.878514091938486,SECTOR_RELATIVE,1.2638629811768696,ICR_WARNING,,SOURCE_CASH_FIELD_UNAVAILABLE,0.06853863599343432
KOTAKBANK,2022-03,Financials,3.783654890601562,SECTOR_RELATIVE,1.2308648410248186,ICR_WARNING,,SOURCE_CASH_FIELD_UNAVAILABLE,0.061740390632719605
KOTAKBANK,2023-03,Financials,3.745568533457349,SECTOR_RELATIVE,1.2883305759686046,ICR_WARNING,,SOURCE_CASH_FIELD_UNAVAILABLE,0.06793836532727301
KOTAKBANK,2024-03,Financials,4.003739266919029,SECTOR_RELATIVE,1.237006073034151,ICR_WARNING,,SOURCE_CASH_FIELD_UNAVAILABLE,0.07325702420450533
LICI,2019-03,Financials,332.59382716049384,SECTOR_RELATIVE,,DEBT_FREE,,SOURCE_CASH_FIELD_UNAVAILABLE,0.16675415179930025
LICI,2020-03,Financials,252.90818363273453,SECTOR_RELATIVE,,DEBT_FREE,,SOURCE_CASH_FIELD_UNAVAILABLE,0.1794493681700332
LICI,2021-03,Financials,0.0005810575246949448,SECTOR_RELATIVE,,DEBT_FREE,,SOURCE_CASH_FIELD_UNAVAILABLE,0.18041772293371186
LICI,2022-03,Financials,8.819897689186806e-05,SECTOR_RELATIVE,,DEBT_FREE,,SOURCE_CASH_FIELD_UNAVAILABLE,0.17009778190664493
LICI,2023-03,Financials,0.0,SECTOR_RELATIVE,444.24675324675326,DEBT_FREE,,SOURCE_CASH_FIELD_UNAVAILABLE,0.17137262036771503
LICI,2024-03,Financials,0.0,SECTOR_RELATIVE,256.0859375,DEBT_FREE,,SOURCE_CASH_FIELD_UNAVAILABLE,0.15913440945875762
LODHA,2011-03,Real Estate,7.521505376344086,HIGH_LEVERAGE,1.802120141342756,NORMAL,,SOURCE_CASH_FIELD_UNAVAILABLE,0.22926777801223888
LODHA,2012-03,Real Estate,3.782415630550622,HIGH_LEVERAGE,2.8503937007874014,NORMAL,,SOURCE_CASH_FIELD_UNAVAILABLE,0.3187311178247734
LODHA,2015-03,Real Estate,3.5980570734669097,HIGH_LEVERAGE,2.981707317073171,NORMAL,,SOURCE_CASH_FIELD_UNAVAILABLE,0.22273019501392957
LODHA,2016-03,Real Estate,3.4822552227535866,HIGH_LEVERAGE,2.151821862348178,NORMAL,,SOURCE_CASH_FIELD_UNAVAILABLE,0.26625996578548144
LODHA,2017-03,Real Estate,4.012645673196132,HIGH_LEVERAGE,2.192934782608696,NORMAL,,SOURCE_CASH_FIELD_UNAVAILABLE,0.23359170080457398
LODHA,2018-03,Real Estate,4.3897515527950315,HIGH_LEVERAGE,4.312820512820513,NORMAL,,SOURCE_CASH_FIELD_UNAVAILABLE,0.2404163871705051
LODHA,2019-03,Real Estate,6.675605311116897,HIGH_LEVERAGE,5.596830985915493,NORMAL,,SOURCE_CASH_FIELD_UNAVAILABLE,0.23878950746029198
LODHA,2020-03,Real Estate,4.047231985940246,HIGH_LEVERAGE,2.5905405405405406,NORMAL,,SOURCE_CASH_FIELD_UNAVAILABLE,0.30577740643353896
LODHA,2021-03,Real Estate,3.9558599695586,HIGH_LEVERAGE,1.2174295774647887,ICR_WARNING,,SOURCE_CASH_FIELD_UNAVAILABLE,0.13862318103185103
LODHA,2022-03,Real Estate,0.9529985131339831,NORMAL,3.177325581395349,NORMAL,,SOURCE_CASH_FIELD_UNAVAILABLE,0.24041766482658056
LODHA,2023-03,Real Estate,0.7154702677090736,NORMAL,4.282157676348548,NORMAL,,SOURCE_CASH_FIELD_UNAVAILABLE,0.24206328919789377
LODHA,2024-03,Real Estate,0.4406663232010991,NORMAL,5.529045643153527,NORMAL,,SOURCE_CASH_FIELD_UNAVAILABLE,0.21856858341455146
LT,2013-03,Industrials,0.17475728155339806,NORMAL,2.4545454545454546,NORMAL,,SOURCE_CASH_FIELD_UNAVAILABLE,31.969931271477662
LT,2014-03,Industrials,0.06832298136645963,NORMAL,2.169079149984601,NORMAL,,SOURCE_CASH_FIELD_UNAVAILABLE,31.903225806451612
LT,2015-03,Industrials,0.10760118460019744,NORMAL,2.1585466556564823,NORMAL,,SOURCE_CASH_FIELD_UNAVAILABLE,30.869375419744795
LT,2016-03,Industrials,0.02588235294117647,NORMAL,2.2446731410349328,NORMAL,,SOURCE_CASH_FIELD_UNAVAILABLE,32.23525661459993
LT,2017-03,Industrials,0.0,NORMAL,2.4337384682969687,DEBT_FREE,,SOURCE_CASH_FIELD_UNAVAILABLE,24.748019017432647
LT,2018-03,Industrials,0.0,NORMAL,2.6070780399274045,DEBT_FREE,,SOURCE_CASH_FIELD_UNAVAILABLE,22.42514521266629
LT,2019-03,Industrials,0.0,NORMAL,2.448442017346611,DEBT_FREE,,SOURCE_CASH_FIELD_UNAVAILABLE,20.29111644657863
LT,2020-03,Industrials,0.1687638786084382,NORMAL,2.227837764268215,NORMAL,,SOURCE_CASH_FIELD_UNAVAILABLE,16.500510493477027
LT,2021-03,Industrials,0.1092552026286966,NORMAL,1.996595744680851,NORMAL,,SOURCE_CASH_FIELD_UNAVAILABLE,12.701195591257239
LT,2022-03,Industrials,0.018057110862262037,NORMAL,2.632809962100704,NORMAL,,SOURCE_CASH_FIELD_UNAVAILABLE,7.608448376433988
LT,2023-03,Industrials,0.09287608486017358,NORMAL,2.876230809952356,NORMAL,,SOURCE_CASH_FIELD_UNAVAILABLE,7.8080575784676975
LT,2024-03,Industrials,0.10345688880007993,NORMAL,3.139718250630782,NORMAL,,SOURCE_CASH_FIELD_UNAVAILABLE,8.027628521638107
LTIM,2013-03,Information Technology,0.17475728155339806,NORMAL,41.42857142857143,NORMAL,,SOURCE_CASH_FIELD_UNAVAILABLE,1.654209621993127
LTIM,2014-03,Information Technology,0.06832298136645963,NORMAL,37.0,NORMAL,,SOURCE_CASH_FIELD_UNAVAILABLE,1.8454613653413354
LTIM,2015-03,Information Technology,0.10760118460019744,NORMAL,100.5,NORMAL,,SOURCE_CASH_FIELD_UNAVAILABLE,1.671591672263264
LTIM,2016-03,Information Technology,0.02588235294117647,NORMAL,171.33333333333334,NORMAL,,SOURCE_CASH_FIELD_UNAVAILABLE,1.8635639145680587
LTIM,2017-03,Information Technology,0.0,NORMAL,410.0,DEBT_FREE,,SOURCE_CASH_FIELD_UNAVAILABLE,1.4718134480416571
LTIM,2018-03,Information Technology,0.0,NORMAL,74.1875,DEBT_FREE,,SOURCE_CASH_FIELD_UNAVAILABLE,1.3689338579726438
LTIM,2019-03,Information Technology,0.0,NORMAL,171.1818181818182,DEBT_FREE,,SOURCE_CASH_FIELD_UNAVAILABLE,1.4174669867947178
LTIM,2020-03,Information Technology,0.1687638786084382,NORMAL,24.44578313253012,NORMAL,,SOURCE_CASH_FIELD_UNAVAILABLE,1.2341463414634146
LTIM,2021-03,Information Technology,0.1092552026286966,NORMAL,34.49367088607595,NORMAL,,SOURCE_CASH_FIELD_UNAVAILABLE,1.1554268634410612
LTIM,2022-03,Information Technology,0.018057110862262037,NORMAL,42.67479674796748,NORMAL,,SOURCE_CASH_FIELD_UNAVAILABLE,1.2691522457709508
LTIM,2023-03,Information Technology,0.09287608486017358,NORMAL,40.72,NORMAL,,SOURCE_CASH_FIELD_UNAVAILABLE,1.4131851284016865
LTIM,2024-03,Information Technology,0.10345688880007993,NORMAL,28.77027027027027,NORMAL,,SOURCE_CASH_FIELD_UNAVAILABLE,1.2894641301190821
M&M,2013-03,Consumer Discretionary,1.438354791844096,NORMAL,3.9686547670875054,NORMAL,,SOURCE_CASH_FIELD_UNAVAILABLE,0.9022999829241701
M&M,2014-03,Consumer Discretionary,1.5088599991418887,NORMAL,3.4427894380501014,NORMAL,,SOURCE_CASH_FIELD_UNAVAILABLE,0.8419825006542343
M&M,2015-03,Consumer Discretionary,1.4661793711567468,NORMAL,2.7852391510928096,NORMAL,,SOURCE_CASH_FIELD_UNAVAILABLE,0.7570568788675087
M&M,2016-03,Consumer Discretionary,1.5685112486788464,NORMAL,2.9934679334916865,NORMAL,,SOURCE_CASH_FIELD_UNAVAILABLE,0.7595341104835156
M&M,2017-03,Consumer Discretionary,1.6375176304654442,NORMAL,2.943515217987387,NORMAL,,SOURCE_CASH_FIELD_UNAVAILABLE,0.7359160187991391
M&M,2018-03,Consumer Discretionary,1.52,NORMAL,3.3172811637822925,NORMAL,,SOURCE_CASH_FIELD_UNAVAILABLE,0.675329437042143
M&M,2019-03,Consumer Discretionary,1.771953080059025,NORMAL,3.02867954590719,NORMAL,,SOURCE_CASH_FIELD_UNAVAILABLE,0.6468691510850026
M&M,2020-03,Consumer Discretionary,2.053891766118742,HIGH_LEVERAGE,1.6870951669157948,NORMAL,,SOURCE_CASH_FIELD_UNAVAILABLE,0.4548866735861353
M&M,2021-03,Consumer Discretionary,1.9389399259294888,NORMAL,1.8824975417895773,NORMAL,,SOURCE_CASH_FIELD_UNAVAILABLE,0.45025701954318414
M&M,2022-03,Consumer Discretionary,1.6468603442055896,NORMAL,2.9260661618174573,NORMAL,,SOURCE_CASH_FIELD_UNAVAILABLE,0.5230700512796714
M&M,2023-03,Consumer Discretionary,1.6365716921548452,NORMAL,3.479416809605489,NORMAL,,SOURCE_CASH_FIELD_UNAVAILABLE,0.5936323629474797
M&M,2024-03,Consumer Discretionary,1.6414413053331318,NORMAL,3.3242521367521367,NORMAL,,SOURCE_CASH_FIELD_UNAVAILABLE,0.5925222177725139
MARUTI,2013-03,Consumer Discretionary,0.08245743115408871,NORMAL,22.025252525252526,NORMAL,,SOURCE_CASH_FIELD_UNAVAILABLE,1.6100592361085875
MARUTI,2014-03,Consumer Discretionary,0.09322664681801265,NORMAL,28.858695652173914,NORMAL,,SOURCE_CASH_FIELD_UNAVAILABLE,1.4151099250222392
MARUTI,2015-03,Consumer Discretionary,0.027387120651369355,NORMAL,31.61467889908257,NORMAL,,SOURCE_CASH_FIELD_UNAVAILABLE,1.4734750703367463
MARUTI,2016-03,Consumer Discretionary,0.0075450744708649075,NORMAL,110.04878048780488,NORMAL,,SOURCE_CASH_FIELD_UNAVAILABLE,1.347867808828348
MARUTI,2017-03,Consumer Discretionary,0.013054619015509103,NORMAL,117.08988764044943,NORMAL,,SOURCE_CASH_FIELD_UNAVAILABLE,1.3103348729792148
MARUTI,2018-03,Consumer Discretionary,0.002843111915223572,NORMAL,35.02312138728324,NORMAL,,SOURCE_CASH_FIELD_UNAVAILABLE,1.32467467799761
MARUTI,2019-03,Consumer Discretionary,0.00339760468869447,NORMAL,145.47368421052633,NORMAL,,SOURCE_CASH_FIELD_UNAVAILABLE,1.345464209226344
MARUTI,2020-03,Consumer Discretionary,0.0037237164308987513,NORMAL,54.88805970149254,NORMAL,,SOURCE_CASH_FIELD_UNAVAILABLE,1.1890991387439491
MARUTI,2021-03,Consumer Discretionary,0.010304565627321384,NORMAL,53.049019607843135,NORMAL,,SOURCE_CASH_FIELD_UNAVAILABLE,0.985933647164313
MARUTI,2022-03,Consumer Discretionary,0.007698841559286501,NORMAL,45.29133858267716,NORMAL,,SOURCE_CASH_FIELD_UNAVAILABLE,1.1831600942991856
MARUTI,2023-03,Consumer Discretionary,0.016729222520107237,NORMAL,52.07142857142857,NORMAL,,SOURCE_CASH_FIELD_UNAVAILABLE,1.1828461830459713
MARUTI,2024-03,Consumer Discretionary,0.001389602503619973,NORMAL,96.01030927835052,NORMAL,,SOURCE_CASH_FIELD_UNAVAILABLE,1.230295566502463
MOTHERSON,2013-03,Consumer Discretionary,2.142420270860638,HIGH_LEVERAGE,5.92,NORMAL,,SOURCE_CASH_FIELD_UNAVAILABLE,1.9858701624931314
MOTHERSON,2014-03,Consumer Discretionary,1.6356877323420074,NORMAL,8.153061224489797,NORMAL,,SOURCE_CASH_FIELD_UNAVAILABLE,1.9951456310679612
MOTHERSON,2015-03,Consumer Discretionary,1.5436221419975933,NORMAL,8.943396226415095,NORMAL,,SOURCE_CASH_FIELD_UNAVAILABLE,1.9891535150645625
MOTHERSON,2016-03,Consumer Discretionary,1.3802592676825107,NORMAL,10.284057971014493,NORMAL,,SOURCE_CASH_FIELD_UNAVAILABLE,1.8924993643529113
MOTHERSON,2017-03,Consumer Discretionary,1.251088007736944,NORMAL,11.122666666666667,NORMAL,,SOURCE_CASH_FIELD_UNAVAILABLE,1.3265715001252192
MOTHERSON,2018-03,Consumer Discretionary,1.0495750708215297,NORMAL,12.476885644768856,NORMAL,,SOURCE_CASH_FIELD_UNAVAILABLE,1.5227727592362201
MOTHERSON,2019-03,Consumer Discretionary,1.0520842834990423,NORMAL,12.643026004728132,NORMAL,,SOURCE_CASH_FIELD_UNAVAILABLE,1.4857791083875194
MOTHERSON,2020-03,Consumer Discretionary,1.166503862889619,NORMAL,7.8482293423271505,NORMAL,,SOURCE_CASH_FIELD_UNAVAILABLE,1.3485444007727667
MOTHERSON,2021-03,Consumer Discretionary,0.949765146087095,NORMAL,8.53515625,NORMAL,,SOURCE_CASH_FIELD_UNAVAILABLE,1.201491130704308
MOTHERSON,2022-03,Consumer Discretionary,0.6863221293957645,NORMAL,8.681399631675875,NORMAL,,SOURCE_CASH_FIELD_UNAVAILABLE,1.144420916627786
MOTHERSON,2023-03,Consumer Discretionary,0.6142882593978265,NORMAL,8.003841229193341,NORMAL,,SOURCE_CASH_FIELD_UNAVAILABLE,1.2846567748247186
MOTHERSON,2024-03,Consumer Discretionary,0.7616899254444657,NORMAL,5.147432357813363,NORMAL,,SOURCE_CASH_FIELD_UNAVAILABLE,1.1724203473591674
NAUKRI,2013-03,Communication Services,0.001644736842105263,NORMAL,40.333333333333336,NORMAL,,SOURCE_CASH_FIELD_UNAVAILABLE,0.5721212121212121
NAUKRI,2014-03,Communication Services,0.001488095238095238,NORMAL,32.333333333333336,NORMAL,,SOURCE_CASH_FIELD_UNAVAILABLE,0.5349056603773585
NAUKRI,2015-03,Communication Services,0.0007067137809187279,NORMAL,5.25,NORMAL,,SOURCE_CASH_FIELD_UNAVAILABLE,0.3301759133964817
NAUKRI,2016-03,Communication Services,0.0006480881399870382,NORMAL,30.333333333333332,NORMAL,,SOURCE_CASH_FIELD_UNAVAILABLE,0.38857142857142857
NAUKRI,2017-03,Communication Services,0.000628140703517588,NORMAL,-2.25,ICR_WARNING,,SOURCE_CASH_FIELD_UNAVAILABLE,0.43253774963468095
NAUKRI,2018-03,Communication Services,0.0004889975550122249,NORMAL,43.8,NORMAL,,SOURCE_CASH_FIELD_UNAVAILABLE,0.38058551617873654
NAUKRI,2019-03,Communication Services,0.00039323633503735744,NORMAL,1.2857142857142858,ICR_WARNING,,SOURCE_CASH_FIELD_UNAVAILABLE,0.36092819065537785
NAUKRI,2020-03,Communication Services,0.03507972665148064,NORMAL,-25.0,ICR_WARNING,,SOURCE_CASH_FIELD_UNAVAILABLE,0.4535084687175942
NAUKRI,2021-03,Communication Services,0.012045959970348406,NORMAL,6.7272727272727275,NORMAL,,SOURCE_CASH_FIELD_UNAVAILABLE,0.1792752701843611
NAUKRI,2022-03,Communication Services,0.0037118663728105787,NORMAL,40.54545454545455,NORMAL,,SOURCE_CASH_FIELD_UNAVAILABLE,0.0775765268759459
NAUKRI,2023-03,Communication Services,0.00806090461262875,NORMAL,19.333333333333332,NORMAL,,SOURCE_CASH_FIELD_UNAVAILABLE,0.14083323328130629
NAUKRI,2024-03,Communication Services,0.008129006675038002,NORMAL,20.314285714285713,NORMAL,,SOURCE_CASH_FIELD_UNAVAILABLE,0.07027071960985341
NESTLEIND,2013-12,Consumer Staples,0.5021114864864865,NORMAL,52.648648648648646,NORMAL,,SOURCE_CASH_FIELD_UNAVAILABLE,1.441400063351283
NESTLEIND,2014-12,Consumer Staples,0.007049700387733521,NORMAL,145.64285714285714,NORMAL,,SOURCE_CASH_FIELD_UNAVAILABLE,1.693298969072165
NESTLEIND,2015-12,Consumer Staples,0.006389776357827476,NORMAL,518.3333333333334,NORMAL,,SOURCE_CASH_FIELD_UNAVAILABLE,1.343246795925074
NESTLEIND,2016-12,Consumer Staples,0.010054844606946984,NORMAL,20.32967032967033,NORMAL,,SOURCE_CASH_FIELD_UNAVAILABLE,1.3422907488986784
NESTLEIND,2017-12,Consumer Staples,0.01023391812865497,NORMAL,22.793478260869566,NORMAL,,SOURCE_CASH_FIELD_UNAVAILABLE,1.3595002037213093
NESTLEIND,2018-12,Consumer Staples,0.00952899537163082,NORMAL,23.375,NORMAL,,SOURCE_CASH_FIELD_UNAVAILABLE,1.3961424332344214
NESTLEIND,2019-12,Consumer Staples,0.09854014598540146,NORMAL,22.68217054263566,NORMAL,,SOURCE_CASH_FIELD_UNAVAILABLE,1.7243831033040569
NESTLEIND,2020-12,Consumer Staples,0.07280832095096583,NORMAL,19.524390243902438,NORMAL,,SOURCE_CASH_FIELD_UNAVAILABLE,1.6898734177215189
NESTLEIND,2021-12,Consumer Staples,0.1366906474820144,NORMAL,17.633663366336634,NORMAL,,SOURCE_CASH_FIELD_UNAVAILABLE,1.790259897983969
NESTLEIND,2022-12,Consumer Staples,0.11020740138267589,NORMAL,23.90967741935484,NORMAL,,SOURCE_CASH_FIELD_UNAVAILABLE,1.8818353936964027
NESTLEIND,2023-12,Consumer Staples,0.11020740138267589,NORMAL,37.57142857142857,NORMAL,,SOURCE_CASH_FIELD_UNAVAILABLE,2.130081300813008
NESTLEIND,2024-03,Consumer Staples,0.10329341317365269,NORMAL,40.08965517241379,NORMAL,,SOURCE_CASH_FIELD_UNAVAILABLE,2.318160220469448
NHPC,2013-03,Energy,0.6826648766571572,NORMAL,6.795417348608838,NORMAL,,SOURCE_CASH_FIELD_UNAVAILABLE,0.10232356761437437
NHPC,2014-03,Energy,0.7370601147065071,NORMAL,3.6093100581878637,NORMAL,,SOURCE_CASH_FIELD_UNAVAILABLE,0.1202891236752568
NHPC,2015-03,Energy,0.669224266857403,NORMAL,3.9614197530864197,NORMAL,,SOURCE_CASH_FIELD_UNAVAILABLE,0.13381405039390584
NHPC,2016-03,Energy,0.6300919634674336,NORMAL,4.123275862068965,NORMAL,,SOURCE_CASH_FIELD_UNAVAILABLE,0.13297677602152078
NHPC,2017-03,Energy,0.6626572462519387,NORMAL,4.310679611650485,NORMAL,,SOURCE_CASH_FIELD_UNAVAILABLE,0.14327014139265953
NHPC,2018-03,Energy,0.6192203987883226,NORMAL,4.597402597402597,NORMAL,,SOURCE_CASH_FIELD_UNAVAILABLE,0.12322628827483197
NHPC,2019-03,Energy,0.6190661731281252,NORMAL,5.559151785714286,NORMAL,,SOURCE_CASH_FIELD_UNAVAILABLE,0.13460904486468667
NHPC,2020-03,Energy,0.7401293776488959,NORMAL,6.209806157354618,NORMAL,,SOURCE_CASH_FIELD_UNAVAILABLE,0.1404099499137169
NHPC,2021-03,Energy,0.7068949868393186,NORMAL,9.145580589254767,NORMAL,,SOURCE_CASH_FIELD_UNAVAILABLE,0.13191861737037847
NHPC,2022-03,Energy,0.7472867329114287,NORMAL,6.848122866894198,NORMAL,,SOURCE_CASH_FIELD_UNAVAILABLE,0.11831073387848048
NHPC,2023-03,Energy,0.7992208003030221,NORMAL,13.018947368421053,NORMAL,,SOURCE_CASH_FIELD_UNAVAILABLE,0.12303534351764855
NHPC,2024-03,Energy,0.8413260296625498,NORMAL,7.90625,NORMAL,,SOURCE_CASH_FIELD_UNAVAILABLE,0.10324018993108032
NTPC,2013-03,Energy,0.8668020679468242,NORMAL,7.285828984343637,NORMAL,,SOURCE_CASH_FIELD_UNAVAILABLE,0.4000425112990558
NTPC,2014-03,Energy,0.9327371205441491,NORMAL,6.045663499846767,NORMAL,,SOURCE_CASH_FIELD_UNAVAILABLE,0.3914190627529757
NTPC,2015-03,Energy,1.2455477866835578,NORMAL,4.7293540474243665,NORMAL,,SOURCE_CASH_FIELD_UNAVAILABLE,0.3639173099330032
NTPC,2016-03,Energy,1.0857111657111658,NORMAL,5.516339869281046,NORMAL,,SOURCE_CASH_FIELD_UNAVAILABLE,0.32669085082233545
NTPC,2017-03,Energy,1.1628712770089331,NORMAL,5.754862776445511,NORMAL,,SOURCE_CASH_FIELD_UNAVAILABLE,0.33001476261157436
NTPC,2018-03,Energy,1.2557477091239149,NORMAL,5.056217674836969,NORMAL,,SOURCE_CASH_FIELD_UNAVAILABLE,0.3118070600229387
NTPC,2019-03,Energy,1.5540828147310004,NORMAL,4.051739518287244,NORMAL,,SOURCE_CASH_FIELD_UNAVAILABLE,0.2890756738526993
NTPC,2020-03,Energy,1.7080444294850219,NORMAL,3.857125412138234,NORMAL,,SOURCE_CASH_FIELD_UNAVAILABLE,0.28991786931660174
NTPC,2021-03,Energy,1.6717804340737559,NORMAL,3.6908065915004338,NORMAL,,SOURCE_CASH_FIELD_UNAVAILABLE,0.2802131540467612
NTPC,2022-03,Energy,1.5564805649533884,NORMAL,4.304820819112628,NORMAL,,SOURCE_CASH_FIELD_UNAVAILABLE,0.3190454776098944
NTPC,2023-03,Energy,1.5161777408976826,NORMAL,4.157945313182493,NORMAL,,SOURCE_CASH_FIELD_UNAVAILABLE,0.39403250079943825
NTPC,2024-03,Energy,1.475521125007778,NORMAL,4.183074546784814,NORMAL,,SOURCE_CASH_FIELD_UNAVAILABLE,0.37243729109201756
ONGC,2013-03,Energy,0.1356210007342914,NORMAL,89.87809917355372,NORMAL,,SOURCE_CASH_FIELD_UNAVAILABLE,0.6391817665256645
ONGC,2014-03,Energy,0.285288582183187,NORMAL,78.73397435897436,NORMAL,,SOURCE_CASH_FIELD_UNAVAILABLE,0.5357964895869234
ONGC,2015-03,Energy,0.2989332520572996,NORMAL,14.773743016759777,NORMAL,,SOURCE_CASH_FIELD_UNAVAILABLE,0.47631916222432047
ONGC,2016-03,Energy,0.23001405360591262,NORMAL,10.391662241104621,NORMAL,,SOURCE_CASH_FIELD_UNAVAILABLE,0.36292030944606346
ONGC,2017-03,Energy,0.41170145998168595,NORMAL,14.704539125591758,NORMAL,,SOURCE_CASH_FIELD_UNAVAILABLE,0.6355233113998088
ONGC,2018-03,Energy,0.5222552801454766,NORMAL,11.380076015203041,NORMAL,,SOURCE_CASH_FIELD_UNAVAILABLE,0.7027079994425476
ONGC,2019-03,Energy,0.4966579697050716,NORMAL,12.81805722117526,NORMAL,,SOURCE_CASH_FIELD_UNAVAILABLE,0.8563623327639471
ONGC,2020-03,Energy,0.6312553631328497,NORMAL,6.957537721992256,NORMAL,,SOURCE_CASH_FIELD_UNAVAILABLE,0.7804014446341597
ONGC,2021-03,Energy,0.6027079251157339,NORMAL,9.740696987595983,NORMAL,,SOURCE_CASH_FIELD_UNAVAILABLE,0.5608677835451169
ONGC,2022-03,Energy,0.4700754904567577,NORMAL,14.022823033707866,NORMAL,,SOURCE_CASH_FIELD_UNAVAILABLE,0.8422418818365738
ONGC,2023-03,Energy,0.5068823112308345,NORMAL,9.573710229433388,NORMAL,,SOURCE_CASH_FIELD_UNAVAILABLE,1.0312763510923726
ONGC,2024-03,Energy,0.45444863084819176,NORMAL,10.087796743182263,NORMAL,,SOURCE_CASH_FIELD_UNAVAILABLE,0.8332173339682772
PFC,2013-03,Financials,5.889907094594594,SECTOR_RELATIVE,0.5445202364711232,ICR_WARNING,,SOURCE_CASH_FIELD_UNAVAILABLE,0.10225004429221048
PFC,2014-03,Financials,5.785008356950803,SECTOR_RELATIVE,0.5827779054623459,ICR_WARNING,,SOURCE_CASH_FIELD_UNAVAILABLE,0.11016364759160148
PFC,2015-03,Financials,5.794174817191694,SECTOR_RELATIVE,0.5453545548654244,ICR_WARNING,,SOURCE_CASH_FIELD_UNAVAILABLE,0.10915985182078702
PFC,2016-03,Financials,5.569557011213501,SECTOR_RELATIVE,0.5500390226331272,ICR_WARNING,,SOURCE_CASH_FIELD_UNAVAILABLE,0.11269719278375535
PFC,2017-03,Financials,5.5093771203691135,SECTOR_RELATIVE,0.31458730916030536,ICR_WARNING,,SOURCE_CASH_FIELD_UNAVAILABLE,0.10627001159757568
PFC,2018-03,Financials,11.074735150876135,SECTOR_RELATIVE,0.3879956419822378,ICR_WARNING,,SOURCE_CASH_FIELD_UNAVAILABLE,0.09305476612870815
PFC,2019-03,Financials,11.448993017975,SECTOR_RELATIVE,0.5135587836081671,ICR_WARNING,,SOURCE_CASH_FIELD_UNAVAILABLE,0.08603699657639349
PFC,2020-03,Financials,12.076133603238866,SECTOR_RELATIVE,0.34305300526380217,ICR_WARNING,,SOURCE_CASH_FIELD_UNAVAILABLE,0.08954228885807629
PFC,2021-03,Financials,10.855925090921058,SECTOR_RELATIVE,0.4447005639602542,ICR_WARNING,,SOURCE_CASH_FIELD_UNAVAILABLE,0.09237508492252874
PFC,2022-03,Financials,9.214744126346336,SECTOR_RELATIVE,0.5219978080475967,ICR_WARNING,,SOURCE_CASH_FIELD_UNAVAILABLE,0.09641213653603034
PFC,2023-03,Financials,8.925568573397657,SECTOR_RELATIVE,0.5636471914413935,ICR_WARNING,,SOURCE_CASH_FIELD_UNAVAILABLE,0.08669005660006784
PFC,2024-03,Financials,8.521864217426122,SECTOR_RELATIVE,0.5792243193816639,ICR_WARNING,,SOURCE_CASH_FIELD_UNAVAILABLE,0.0880835748601615
PIDILITIND,2013-03,Materials,0.06723198061780739,NORMAL,34.875,NORMAL,,SOURCE_CASH_FIELD_UNAVAILABLE,1.4059633027522935
PIDILITIND,2014-03,Materials,0.0235655737704918,NORMAL,42.0,NORMAL,,SOURCE_CASH_FIELD_UNAVAILABLE,1.462773224043716
PIDILITIND,2015-03,Materials,0.02555066079295154,NORMAL,48.1875,NORMAL,,SOURCE_CASH_FIELD_UNAVAILABLE,1.461236802413273
PIDILITIND,2016-03,Materials,0.030326004548900682,NORMAL,90.23076923076923,NORMAL,,SOURCE_CASH_FIELD_UNAVAILABLE,1.4434571890145396
PIDILITIND,2017-03,Materials,0.028233938346297897,NORMAL,90.14285714285714,NORMAL,,SOURCE_CASH_FIELD_UNAVAILABLE,1.1775681341719078
PIDILITIND,2018-03,Materials,0.03497481813094572,NORMAL,83.8125,NORMAL,,SOURCE_CASH_FIELD_UNAVAILABLE,1.169070975187536
PIDILITIND,2019-03,Materials,0.027242044358727097,NORMAL,52.73076923076923,NORMAL,,SOURCE_CASH_FIELD_UNAVAILABLE,1.1988482384823849
PIDILITIND,2020-03,Materials,0.06463195691202872,NORMAL,46.35294117647059,NORMAL,,SOURCE_CASH_FIELD_UNAVAILABLE,1.11819714855128
PIDILITIND,2021-03,Materials,0.059181119256213124,NORMAL,45.567567567567565,NORMAL,,SOURCE_CASH_FIELD_UNAVAILABLE,0.827433628318584
PIDILITIND,2022-03,Materials,0.06495940037476577,NORMAL,44.19047619047619,NORMAL,,SOURCE_CASH_FIELD_UNAVAILABLE,1.044975774173162
PIDILITIND,2023-03,Materials,0.05421519689406545,NORMAL,41.375,NORMAL,,SOURCE_CASH_FIELD_UNAVAILABLE,1.1231794383626845
PIDILITIND,2024-03,Materials,0.045438325205186154,NORMAL,53.09803921568628,NORMAL,,SOURCE_CASH_FIELD_UNAVAILABLE,1.0254223252732693
PNB,2013-03,Financials,10.833333333333334,SECTOR_RELATIVE,,NORMAL,,SOURCE_CASH_FIELD_UNAVAILABLE,5.626518615284128
PNB,2014-03,Financials,10.822269807280515,SECTOR_RELATIVE,,NORMAL,,SOURCE_CASH_FIELD_UNAVAILABLE,3.895840554592721
PNB,2015-03,Financials,10.437618746041798,SECTOR_RELATIVE,,NORMAL,,SOURCE_CASH_FIELD_UNAVAILABLE,2.5589703178355663
PNB,2016-03,Financials,12.122087604846225,SECTOR_RELATIVE,,NORMAL,,SOURCE_CASH_FIELD_UNAVAILABLE,1.7122442789255503
PNB,2017-03,Financials,6.3637504481893155,SECTOR_RELATIVE,,NORMAL,,SOURCE_CASH_FIELD_UNAVAILABLE,1.1186685288640597
PNB,2018-03,Financials,8.186481960724615,SECTOR_RELATIVE,,NORMAL,,SOURCE_CASH_FIELD_UNAVAILABLE,0.7731917864737059
PNB,2019-03,Financials,9.664963012777404,SECTOR_RELATIVE,,NORMAL,,SOURCE_CASH_FIELD_UNAVAILABLE,0.6226507462686567
PNB,2020-03,Financials,8.523467975336604,SECTOR_RELATIVE,,NORMAL,,SOURCE_CASH_FIELD_UNAVAILABLE,0.6962750716332379
PNB,2021-03,Financials,6.69831961204466,SECTOR_RELATIVE,,NORMAL,,SOURCE_CASH_FIELD_UNAVAILABLE,1.1486268627423493
PNB,2022-03,Financials,5.403632282420161,SECTOR_RELATIVE,,NORMAL,,SOURCE_CASH_FIELD_UNAVAILABLE,1.161358131883197
PNB,2023-03,Financials,4.895553729571807,SECTOR_RELATIVE,,NORMAL,,SOURCE_CASH_FIELD_UNAVAILABLE,1.299977546590824
PNB,2024-03,Financials,3.684256345007701,SECTOR_RELATIVE,,NORMAL,,SOURCE_CASH_FIELD_UNAVAILABLE,1.5070262950629396
POWERGRID,2013-03,Energy,2.6221641480134834,HIGH_LEVERAGE,4.169680646402463,NORMAL,,SOURCE_CASH_FIELD_UNAVAILABLE,0.11536901150074085
POWERGRID,2014-03,Energy,2.427229235114416,HIGH_LEVERAGE,3.984941610325753,NORMAL,,SOURCE_CASH_FIELD_UNAVAILABLE,0.1099448685326548
POWERGRID,2015-03,Energy,2.503785218137829,HIGH_LEVERAGE,3.6576819407008085,NORMAL,,SOURCE_CASH_FIELD_UNAVAILABLE,0.10909045676186685
POWERGRID,2016-03,Energy,2.468614964748692,HIGH_LEVERAGE,3.5753047581596538,NORMAL,,SOURCE_CASH_FIELD_UNAVAILABLE,0.11517355224413313
POWERGRID,2017-03,Energy,2.386154895118919,HIGH_LEVERAGE,3.618633139909736,NORMAL,,SOURCE_CASH_FIELD_UNAVAILABLE,0.13133362635565413
POWERGRID,2018-03,Energy,2.416179767023114,HIGH_LEVERAGE,3.5446477334789734,NORMAL,,SOURCE_CASH_FIELD_UNAVAILABLE,0.13291976179699494
POWERGRID,2019-03,Energy,2.477212340706392,HIGH_LEVERAGE,3.0811491358589906,NORMAL,,SOURCE_CASH_FIELD_UNAVAILABLE,0.14172123858032176
POWERGRID,2020-03,Energy,2.2917954742178805,HIGH_LEVERAGE,3.458407824166579,NORMAL,,SOURCE_CASH_FIELD_UNAVAILABLE,0.14705206275738203
POWERGRID,2021-03,Energy,2.0480439258750858,HIGH_LEVERAGE,4.290842040565458,NORMAL,,SOURCE_CASH_FIELD_UNAVAILABLE,0.15502057033804184
POWERGRID,2022-03,Energy,1.7665744226002336,NORMAL,4.458188153310105,NORMAL,,SOURCE_CASH_FIELD_UNAVAILABLE,0.16585774058577407
POWERGRID,2023-03,Energy,1.5487196781731023,NORMAL,4.107951006850737,NORMAL,,SOURCE_CASH_FIELD_UNAVAILABLE,0.1808028545941124
POWERGRID,2024-03,Energy,1.4173456039290386,NORMAL,4.539610167559558,NORMAL,,SOURCE_CASH_FIELD_UNAVAILABLE,0.18276594811604718
RECLTD,2013-03,Financials,6.147290359383914,SECTOR_RELATIVE,1.641717184213782,NORMAL,,SOURCE_CASH_FIELD_UNAVAILABLE,0.10441908554798192
RECLTD,2014-03,Financials,6.065134836321684,SECTOR_RELATIVE,1.6591928251121075,NORMAL,,SOURCE_CASH_FIELD_UNAVAILABLE,0.1126098441259546
RECLTD,2015-03,Financials,6.021817166560306,SECTOR_RELATIVE,1.6380912162162162,NORMAL,,SOURCE_CASH_FIELD_UNAVAILABLE,0.1119832548403977
RECLTD,2016-03,Financials,5.856505035821825,SECTOR_RELATIVE,1.5715586052373618,NORMAL,,SOURCE_CASH_FIELD_UNAVAILABLE,0.11657686825001812
RECLTD,2017-03,Financials,4.9850613287398655,SECTOR_RELATIVE,1.6676571088991234,NORMAL,,SOURCE_CASH_FIELD_UNAVAILABLE,0.11576018454660039
RECLTD,2018-03,Financials,6.271234810359641,SECTOR_RELATIVE,1.4459611490287256,ICR_WARNING,,SOURCE_CASH_FIELD_UNAVAILABLE,0.09348516730618475
RECLTD,2019-03,Financials,7.0702541538817805,SECTOR_RELATIVE,1.5157618773578874,NORMAL,,SOURCE_CASH_FIELD_UNAVAILABLE,0.08513204714964451
RECLTD,2020-03,Financials,8.087945306099387,SECTOR_RELATIVE,1.3670159549260177,ICR_WARNING,,SOURCE_CASH_FIELD_UNAVAILABLE,0.08628072500936518
RECLTD,2021-03,Financials,7.534114797550498,SECTOR_RELATIVE,1.5014658662571547,NORMAL,,SOURCE_CASH_FIELD_UNAVAILABLE,0.08870024222497735
RECLTD,2022-03,Financials,6.490295046186226,SECTOR_RELATIVE,1.561743231599474,NORMAL,,SOURCE_CASH_FIELD_UNAVAILABLE,0.09559460643528209
RECLTD,2023-03,Financials,6.551789401238816,SECTOR_RELATIVE,1.5854717060632875,NORMAL,,SOURCE_CASH_FIELD_UNAVAILABLE,0.08482437277525601
RECLTD,2024-03,Financials,6.4249170872386445,SECTOR_RELATIVE,1.5988713770535594,NORMAL,,SOURCE_CASH_FIELD_UNAVAILABLE,0.08667964267928514
RELIANCE,2013-03,Energy,0.5889374090247452,NORMAL,9.574068726537684,NORMAL,,SOURCE_CASH_FIELD_UNAVAILABLE,1.0927262340730275
RELIANCE,2014-03,Energy,0.698389929889726,NORMAL,9.107142857142858,NORMAL,,SOURCE_CASH_FIELD_UNAVAILABLE,1.0109084210305403
RELIANCE,2015-03,Energy,0.7700309841234971,NORMAL,11.293425814234016,NORMAL,,SOURCE_CASH_FIELD_UNAVAILABLE,0.7420860043688031
RELIANCE,2016-03,Energy,0.8408937794745116,NORMAL,11.31969655919805,NORMAL,,SOURCE_CASH_FIELD_UNAVAILABLE,0.45506571819224473
RELIANCE,2017-03,Energy,0.8246779594173881,NORMAL,12.030917121330216,NORMAL,,SOURCE_CASH_FIELD_UNAVAILABLE,0.43004122795351457
RELIANCE,2018-03,Energy,0.8171655775350418,NORMAL,7.987456532538499,NORMAL,,SOURCE_CASH_FIELD_UNAVAILABLE,0.48174042523293636
RELIANCE,2019-03,Energy,0.7948965674016822,NORMAL,5.107608366171567,NORMAL,,SOURCE_CASH_FIELD_UNAVAILABLE,0.569687158565801
RELIANCE,2020-03,Energy,0.7906497820404929,NORMAL,4.052571843646434,NORMAL,,SOURCE_CASH_FIELD_UNAVAILABLE,0.5130449736245878
RELIANCE,2021-03,Energy,0.398419245556806,NORMAL,3.8128274104488176,NORMAL,,SOURCE_CASH_FIELD_UNAVAILABLE,0.35324548412388784
RELIANCE,2022-03,Energy,0.40944726325715053,NORMAL,7.445213933077345,NORMAL,,SOURCE_CASH_FIELD_UNAVAILABLE,0.4635411731577409
RELIANCE,2023-03,Energy,0.6309284341334763,NORMAL,7.271881866026264,NORMAL,,SOURCE_CASH_FIELD_UNAVAILABLE,0.5457412188442239
RELIANCE,2024-03,Energy,0.5784524141094746,NORMAL,7.02906825849987,NORMAL,,SOURCE_CASH_FIELD_UNAVAILABLE,0.5122600635424216
SBILIFE,2013-03,Financials,0.0,SECTOR_RELATIVE,106.75,DEBT_FREE,,SOURCE_CASH_FIELD_UNAVAILABLE,0.276836578917973
SBILIFE,2014-03,Financials,0.0,SECTOR_RELATIVE,102.2,DEBT_FREE,,SOURCE_CASH_FIELD_UNAVAILABLE,0.2845976253298153
SBILIFE,2015-03,Financials,0.0,SECTOR_RELATIVE,198.5,DEBT_FREE,,SOURCE_CASH_FIELD_UNAVAILABLE,0.31568651259427155
SBILIFE,2016-03,Financials,0.0,SECTOR_RELATIVE,184.0,DEBT_FREE,,SOURCE_CASH_FIELD_UNAVAILABLE,0.23162209783168922
SBILIFE,2017-03,Financials,0.0,SECTOR_RELATIVE,213.6,DEBT_FREE,,SOURCE_CASH_FIELD_UNAVAILABLE,0.2987871674491393
SBILIFE,2018-03,Financials,0.0,SECTOR_RELATIVE,222.0,DEBT_FREE,,SOURCE_CASH_FIELD_UNAVAILABLE,0.2798882681564246
SBILIFE,2019-03,Financials,0.0,SECTOR_RELATIVE,184.25,DEBT_FREE,,SOURCE_CASH_FIELD_UNAVAILABLE,0.30397862799351205
SBILIFE,2020-03,Financials,0.0,SECTOR_RELATIVE,,DEBT_FREE,,SOURCE_CASH_FIELD_UNAVAILABLE,0.26451262229737893
SBILIFE,2021-03,Financials,0.0,SECTOR_RELATIVE,,DEBT_FREE,,SOURCE_CASH_FIELD_UNAVAILABLE,0.36112066305162455
SBILIFE,2022-03,Financials,0.0,SECTOR_RELATIVE,,DEBT_FREE,,SOURCE_CASH_FIELD_UNAVAILABLE,0.3035922688841979
SBILIFE,2023-03,Financials,0.0,SECTOR_RELATIVE,12.2,DEBT_FREE,,SOURCE_CASH_FIELD_UNAVAILABLE,0.2563135928594814
SBILIFE,2024-03,Financials,0.0,SECTOR_RELATIVE,27.333333333333332,DEBT_FREE,,SOURCE_CASH_FIELD_UNAVAILABLE,0.33137919000549837
SBIN,2013-03,Financials,,SECTOR_RELATIVE,-0.047969443352244005,ICR_WARNING,,SOURCE_CASH_FIELD_UNAVAILABLE,
SBIN,2014-03,Financials,,SECTOR_RELATIVE,-0.12030062809209822,ICR_WARNING,,SOURCE_CASH_FIELD_UNAVAILABLE,
SBIN,2015-03,Financials,,SECTOR_RELATIVE,-0.16428265717568086,ICR_WARNING,,SOURCE_CASH_FIELD_UNAVAILABLE,
SBIN,2016-03,Financials,,SECTOR_RELATIVE,-0.2264919921424427,ICR_WARNING,,SOURCE_CASH_FIELD_UNAVAILABLE,
SBIN,2017-03,Financials,,SECTOR_RELATIVE,-0.43143882238540726,ICR_WARNING,,SOURCE_CASH_FIELD_UNAVAILABLE,
SBIN,2018-03,Financials,,SECTOR_RELATIVE,-0.591372618568515,ICR_WARNING,,SOURCE_CASH_FIELD_UNAVAILABLE,
SBIN,2019-03,Financials,,SECTOR_RELATIVE,-0.44043318983492336,ICR_WARNING,,SOURCE_CASH_FIELD_UNAVAILABLE,
SBIN,2020-03,Financials,,SECTOR_RELATIVE,-0.39833296094933096,ICR_WARNING,,SOURCE_CASH_FIELD_UNAVAILABLE,
SBIN,2021-03,Financials,,SECTOR_RELATIVE,-0.45327222613935003,ICR_WARNING,,SOURCE_CASH_FIELD_UNAVAILABLE,
SBIN,2022-03,Financials,,SECTOR_RELATIVE,-0.4069938666017901,ICR_WARNING,,SOURCE_CASH_FIELD_UNAVAILABLE,
SBIN,2023-03,Financials,,SECTOR_RELATIVE,-0.22864918070754445,ICR_WARNING,,SOURCE_CASH_FIELD_UNAVAILABLE,
SBIN,2024-03,Financials,,SECTOR_RELATIVE,-0.23214725721501833,ICR_WARNING,,SOURCE_CASH_FIELD_UNAVAILABLE,
SHREECEM,2013-06,Materials,0.3350676378772112,NORMAL,8.088082901554404,NORMAL,,SOURCE_CASH_FIELD_UNAVAILABLE,0.8795454545454545
SHREECEM,2014-06,Materials,0.25472298874973465,NORMAL,10.775193798449612,NORMAL,,SOURCE_CASH_FIELD_UNAVAILABLE,0.7797789602947196
SHREECEM,2015-06,Materials,0.17380591357088704,NORMAL,11.107438016528926,NORMAL,,SOURCE_CASH_FIELD_UNAVAILABLE,0.7825706426606651
SHREECEM,2017-03,Materials,0.16796570537802027,NORMAL,19.48062015503876,NORMAL,,SOURCE_CASH_FIELD_UNAVAILABLE,0.769657890023285
SHREECEM,2018-03,Materials,0.3824884792626728,NORMAL,18.31851851851852,NORMAL,,SOURCE_CASH_FIELD_UNAVAILABLE,0.649385814291375
SHREECEM,2019-03,Materials,0.2898355909419915,NORMAL,11.278225806451612,NORMAL,,SOURCE_CASH_FIELD_UNAVAILABLE,0.810365971729168
SHREECEM,2020-03,Materials,0.2388943731490622,NORMAL,12.958762886597938,NORMAL,,SOURCE_CASH_FIELD_UNAVAILABLE,0.6452065784195748
SHREECEM,2021-03,Materials,0.14483340910566994,NORMAL,16.298804780876495,NORMAL,,SOURCE_CASH_FIELD_UNAVAILABLE,0.6303165527820388
SHREECEM,2022-03,Materials,0.12193585337915235,NORMAL,14.106463878326997,NORMAL,,SOURCE_CASH_FIELD_UNAVAILABLE,0.6320266116468062
SHREECEM,2023-03,Materials,0.14622236531444516,NORMAL,11.254752851711027,NORMAL,,SOURCE_CASH_FIELD_UNAVAILABLE,0.6779068884332042
SHREECEM,2024-03,Materials,0.07998840747717723,NORMAL,17.511627906976745,NORMAL,,SOURCE_CASH_FIELD_UNAVAILABLE,0.7348612354521038
SHRIRAMFIN,2013-03,Financials,4.549741073862088,SECTOR_RELATIVE,0.7047218628719275,ICR_WARNING,,SOURCE_CASH_FIELD_UNAVAILABLE,0.1482633159876465
SHRIRAMFIN,2014-03,Financials,4.539365452408931,SECTOR_RELATIVE,0.47224190881171746,ICR_WARNING,,SOURCE_CASH_FIELD_UNAVAILABLE,0.16196590995948942
SHRIRAMFIN,2015-03,Financials,5.039391323116771,SECTOR_RELATIVE,0.35932851678708033,ICR_WARNING,,SOURCE_CASH_FIELD_UNAVAILABLE,0.14764938700646782
SHRIRAMFIN,2016-03,Financials,4.892885220125786,SECTOR_RELATIVE,0.3584905660377358,ICR_WARNING,,SOURCE_CASH_FIELD_UNAVAILABLE,0.15230911737461955
SHRIRAMFIN,2017-03,Financials,4.684080480056477,SECTOR_RELATIVE,0.3778501628664495,ICR_WARNING,,SOURCE_CASH_FIELD_UNAVAILABLE,0.1464551486983854
SHRIRAMFIN,2018-03,Financials,5.999342585829072,SECTOR_RELATIVE,0.5936963644874396,ICR_WARNING,,SOURCE_CASH_FIELD_UNAVAILABLE,0.1386811832374692
SHRIRAMFIN,2019-03,Financials,5.507360771784752,SECTOR_RELATIVE,0.5025118984664199,ICR_WARNING,,SOURCE_CASH_FIELD_UNAVAILABLE,0.14737381306975023
SHRIRAMFIN,2020-03,Financials,5.221860875316944,SECTOR_RELATIVE,0.4288463851798388,ICR_WARNING,,SOURCE_CASH_FIELD_UNAVAILABLE,0.14493375107205994
SHRIRAMFIN,2021-03,Financials,4.906110420407975,SECTOR_RELATIVE,0.3742986027065684,ICR_WARNING,,SOURCE_CASH_FIELD_UNAVAILABLE,0.13410822877376646
SHRIRAMFIN,2022-03,Financials,4.401073002490898,SECTOR_RELATIVE,0.3751151130666121,ICR_WARNING,,SOURCE_CASH_FIELD_UNAVAILABLE,0.13534315517192905
SHRIRAMFIN,2023-03,Financials,3.7737175951461666,SECTOR_RELATIVE,0.6775236775236775,ICR_WARNING,,SOURCE_CASH_FIELD_UNAVAILABLE,0.14480488951574988
SHRIRAMFIN,2024-03,Financials,3.994034363699512,SECTOR_RELATIVE,0.6750705671028997,ICR_WARNING,,SOURCE_CASH_FIELD_UNAVAILABLE,0.14656859980827017
SIEMENS,2011-09,Industrials,0.0,NORMAL,45.03846153846154,DEBT_FREE,,SOURCE_CASH_FIELD_UNAVAILABLE,1.1769049025398701
SIEMENS,2014-09,Industrials,0.0,NORMAL,3.838709677419355,DEBT_FREE,,SOURCE_CASH_FIELD_UNAVAILABLE,1.037706511175899
SIEMENS,2015-09,Industrials,0.004885675200312683,NORMAL,33.266666666666666,NORMAL,,SOURCE_CASH_FIELD_UNAVAILABLE,0.9987708018154312
SIEMENS,2016-09,Industrials,0.003674849331177422,NORMAL,92.81818181818181,NORMAL,,SOURCE_CASH_FIELD_UNAVAILABLE,0.9041381611880527
SIEMENS,2017-09,Industrials,0.0,NORMAL,132.0,DEBT_FREE,,SOURCE_CASH_FIELD_UNAVAILABLE,0.8422134267011722
SIEMENS,2018-09,Industrials,0.0,NORMAL,165.875,DEBT_FREE,,SOURCE_CASH_FIELD_UNAVAILABLE,0.8925083705357143
SIEMENS,2019-09,Industrials,0.0,NORMAL,124.16666666666667,DEBT_FREE,,SOURCE_CASH_FIELD_UNAVAILABLE,0.8519338455528064
SIEMENS,2020-09,Industrials,0.0,NORMAL,33.43333333333333,DEBT_FREE,,SOURCE_CASH_FIELD_UNAVAILABLE,0.6271122320302648
SIEMENS,2021-09,Industrials,0.0003865854837150865,NORMAL,60.5,NORMAL,,SOURCE_CASH_FIELD_UNAVAILABLE,0.7326117124618373
SIEMENS,2022-09,Industrials,0.015676141257536608,NORMAL,51.666666666666664,NORMAL,,SOURCE_CASH_FIELD_UNAVAILABLE,0.8025262320354071
SIEMENS,2023-09,Industrials,0.01337204859784519,NORMAL,108.1304347826087,NORMAL,,SOURCE_CASH_FIELD_UNAVAILABLE,0.9033539684006283
SIEMENS,2024-09,Industrials,0.018167610861496385,NORMAL,51.733333333333334,NORMAL,,SOURCE_CASH_FIELD_UNAVAILABLE,0.8790861298865568
SUNPHARMA,2013-03,Healthcare,0.01734489659773182,NORMAL,111.25581395348837,NORMAL,,SOURCE_CASH_FIELD_UNAVAILABLE,0.5462531285272612
SUNPHARMA,2014-03,Healthcare,0.13824561403508773,NORMAL,159.1590909090909,NORMAL,,SOURCE_CASH_FIELD_UNAVAILABLE,0.5526722804605603
SUNPHARMA,2015-03,Healthcare,0.35088540447772837,NORMAL,13.63385146804836,NORMAL,,SOURCE_CASH_FIELD_UNAVAILABLE,0.5621985509923445
SUNPHARMA,2016-03,Healthcare,0.25761756056150137,NORMAL,15.62906309751434,NORMAL,,SOURCE_CASH_FIELD_UNAVAILABLE,0.5139460200620625
SUNPHARMA,2017-03,Healthcare,0.2683406113537118,NORMAL,25.255,NORMAL,,SOURCE_CASH_FIELD_UNAVAILABLE,0.5168671740731647
SUNPHARMA,2018-03,Healthcare,0.2710497468288354,NORMAL,10.87065637065637,NORMAL,,SOURCE_CASH_FIELD_UNAVAILABLE,0.4119787859464672
SUNPHARMA,2019-03,Healthcare,0.25390615566664254,NORMAL,11.49009009009009,NORMAL,,SOURCE_CASH_FIELD_UNAVAILABLE,0.4500077411363988
SUNPHARMA,2020-03,Healthcare,0.18369601237158953,NORMAL,23.046204620462046,NORMAL,,SOURCE_CASH_FIELD_UNAVAILABLE,0.48153796521688125
SUNPHARMA,2021-03,Healthcare,0.08327055936982115,NORMAL,60.0709219858156,NORMAL,,SOURCE_CASH_FIELD_UNAVAILABLE,0.4953713288574724
SUNPHARMA,2022-03,Healthcare,0.02686884255691404,NORMAL,80.77165354330708,NORMAL,,SOURCE_CASH_FIELD_UNAVAILABLE,0.5539727126805778
SUNPHARMA,2023-03,Healthcare,0.12297526564871863,NORMAL,67.73255813953489,NORMAL,,SOURCE_CASH_FIELD_UNAVAILABLE,0.5437357518089008
SUNPHARMA,2024-03,Healthcare,0.051423814535002436,NORMAL,54.69747899159664,NORMAL,,SOURCE_CASH_FIELD_UNAVAILABLE,0.5684929901064378
TATACONSUM,2013-03,Consumer Staples,0.28877338877338876,NORMAL,9.166666666666666,NORMAL,,SOURCE_CASH_FIELD_UNAVAILABLE,0.835910848305663
TATACONSUM,2014-03,Consumer Staples,0.24585399213540776,NORMAL,8.64367816091954,NORMAL,,SOURCE_CASH_FIELD_UNAVAILABLE,0.7807486631016043
TATACONSUM,2015-03,Consumer Staples,0.24103404332787184,NORMAL,9.658536585365853,NORMAL,,SOURCE_CASH_FIELD_UNAVAILABLE,0.8451046732924509
TATACONSUM,2016-03,Consumer Staples,0.21674403713782617,NORMAL,3.128205128205128,NORMAL,,SOURCE_CASH_FIELD_UNAVAILABLE,0.6707427993936331
TATACONSUM,2017-03,Consumer Staples,0.12561851556264964,NORMAL,18.3953488372093,NORMAL,,SOURCE_CASH_FIELD_UNAVAILABLE,0.7098733116951105
TATACONSUM,2018-03,Consumer Staples,0.1518987341772152,NORMAL,16.134615384615383,NORMAL,,SOURCE_CASH_FIELD_UNAVAILABLE,0.6514673549373865
TATACONSUM,2019-03,Consumer Staples,0.15561920349154393,NORMAL,10.076923076923077,NORMAL,,SOURCE_CASH_FIELD_UNAVAILABLE,0.6664828600312471
TATACONSUM,2020-03,Consumer Staples,0.11480275063336953,NORMAL,18.72463768115942,NORMAL,,SOURCE_CASH_FIELD_UNAVAILABLE,0.5216802901531965
TATACONSUM,2021-03,Consumer Staples,0.11242603550295859,NORMAL,21.15068493150685,NORMAL,,SOURCE_CASH_FIELD_UNAVAILABLE,0.5738450885349689
TATACONSUM,2022-03,Consumer Staples,0.09325056135252939,NORMAL,19.75862068965517,NORMAL,,SOURCE_CASH_FIELD_UNAVAILABLE,0.5895610913404508
TATACONSUM,2023-03,Consumer Staples,0.09829821220126558,NORMAL,14.276923076923078,NORMAL,,SOURCE_CASH_FIELD_UNAVAILABLE,0.6055267551181794
TATACONSUM,2024-03,Consumer Staples,0.21654107242947002,NORMAL,26.25287356321839,NORMAL,,SOURCE_CASH_FIELD_UNAVAILABLE,0.5454284586965099
TATAMOTORS,2013-03,Consumer Discretionary,1.427212583362117,NORMAL,6.908988764044944,NORMAL,,SOURCE_CASH_FIELD_UNAVAILABLE,1.1215647834610587
TATAMOTORS,2014-03,Consumer Discretionary,0.9243643680263398,NORMAL,7.339018740787534,NORMAL,,SOURCE_CASH_FIELD_UNAVAILABLE,1.0659628432512613
TATAMOTORS,2015-03,Consumer Discretionary,1.3083431090256301,NORMAL,8.072207364739766,NORMAL,,SOURCE_CASH_FIELD_UNAVAILABLE,1.10890167077513
TATAMOTORS,2016-03,Consumer Discretionary,0.8785084608369642,NORMAL,7.853344242176314,NORMAL,,SOURCE_CASH_FIELD_UNAVAILABLE,1.0374718827892273
TATAMOTORS,2017-03,Consumer Discretionary,1.3537942199717543,NORMAL,6.9818310523832,NORMAL,,SOURCE_CASH_FIELD_UNAVAILABLE,0.9894086139848852
TATAMOTORS,2018-03,Consumer Discretionary,0.9321163599782034,NORMAL,6.7189235369500215,NORMAL,,SOURCE_CASH_FIELD_UNAVAILABLE,0.8910670187535148
TATAMOTORS,2019-03,Consumer Discretionary,1.7643197793250136,NORMAL,4.282687966660879,NORMAL,,SOURCE_CASH_FIELD_UNAVAILABLE,0.9876841247877842
TATAMOTORS,2020-03,Consumer Discretionary,1.9782812029360008,NORMAL,2.483363247273229,NORMAL,,SOURCE_CASH_FIELD_UNAVAILABLE,0.8153813960315949
TATAMOTORS,2021-03,Consumer Discretionary,2.5726464785418215,HIGH_LEVERAGE,3.987526244288008,NORMAL,,SOURCE_CASH_FIELD_UNAVAILABLE,0.7313142254881869
TATAMOTORS,2022-03,Consumer Discretionary,3.2864836965059134,HIGH_LEVERAGE,2.654639175257732,NORMAL,,SOURCE_CASH_FIELD_UNAVAILABLE,0.846207845961691
TATAMOTORS,2023-03,Consumer Discretionary,2.9591147786946737,HIGH_LEVERAGE,3.11158924205379,NORMAL,,SOURCE_CASH_FIELD_UNAVAILABLE,1.0337432845097019
TATAMOTORS,2024-03,Consumer Discretionary,1.2631244259167667,NORMAL,5.962147005808132,NORMAL,,SOURCE_CASH_FIELD_UNAVAILABLE,1.1851234435931923
TATAPOWER,2013-03,Energy,3.0710985002026754,HIGH_LEVERAGE,2.1177138531415594,NORMAL,,SOURCE_CASH_FIELD_UNAVAILABLE,0.49328694410990676
TATAPOWER,2014-03,Energy,3.2394968147730023,HIGH_LEVERAGE,2.01046511627907,NORMAL,,SOURCE_CASH_FIELD_UNAVAILABLE,0.5004833083507277
TATAPOWER,2015-03,Energy,2.836080458164548,HIGH_LEVERAGE,1.703433360367667,NORMAL,,SOURCE_CASH_FIELD_UNAVAILABLE,0.4468045487796768
TATAPOWER,2016-03,Energy,3.3395512765408752,HIGH_LEVERAGE,0.6504944375772559,ICR_WARNING,,SOURCE_CASH_FIELD_UNAVAILABLE,0.42100004282227327
TATAPOWER,2017-03,Energy,3.694187982442864,HIGH_LEVERAGE,1.626448736998514,NORMAL,,SOURCE_CASH_FIELD_UNAVAILABLE,0.33307175023240654
TATAPOWER,2018-03,Energy,2.962924568571254,HIGH_LEVERAGE,0.6102100505184791,ICR_WARNING,,SOURCE_CASH_FIELD_UNAVAILABLE,0.32774874224588485
TATAPOWER,2019-03,Energy,2.649877082764272,HIGH_LEVERAGE,0.7362110311750599,ICR_WARNING,,SOURCE_CASH_FIELD_UNAVAILABLE,0.3554173159040358
TATAPOWER,2020-03,Energy,2.6544004906470406,HIGH_LEVERAGE,1.5142412105028928,NORMAL,,SOURCE_CASH_FIELD_UNAVAILABLE,0.3249102303900796
TATAPOWER,2021-03,Energy,2.092371097074766,HIGH_LEVERAGE,1.7259351620947632,NORMAL,,SOURCE_CASH_FIELD_UNAVAILABLE,0.3314885206020982
TATAPOWER,2022-03,Energy,2.281213795561893,HIGH_LEVERAGE,1.8219746048199015,NORMAL,,SOURCE_CASH_FIELD_UNAVAILABLE,0.38041759218125276
TATAPOWER,2023-03,Energy,1.8383701542309296,NORMAL,1.767612076852699,NORMAL,,SOURCE_CASH_FIELD_UNAVAILABLE,0.43021640019985014
TATAPOWER,2024-03,Energy,1.659321300531586,NORMAL,2.317073170731707,NORMAL,,SOURCE_CASH_FIELD_UNAVAILABLE,0.4419074604110633
TATASTEEL,2013-03,Materials,2.0054137890670725,HIGH_LEVERAGE,0.9992439516129032,ICR_WARNING,,SOURCE_CASH_FIELD_UNAVAILABLE,0.9171818404640649
TATASTEEL,2014-03,Materials,2.0139396032764236,HIGH_LEVERAGE,3.731611713165783,NORMAL,,SOURCE_CASH_FIELD_UNAVAILABLE,0.8660287638982774
TATASTEEL,2015-03,Materials,2.574276691441513,HIGH_LEVERAGE,0.7031765676567657,ICR_WARNING,,SOURCE_CASH_FIELD_UNAVAILABLE,0.8767825830091321
TATASTEEL,2016-03,Materials,1.8747599012165006,NORMAL,-0.1480691779199242,ICR_WARNING,,SOURCE_CASH_FIELD_UNAVAILABLE,0.5764512335768074
TATASTEEL,2017-03,Materials,2.195034242047648,HIGH_LEVERAGE,2.591482649842271,NORMAL,,SOURCE_CASH_FIELD_UNAVAILABLE,0.6512087771895133
TATASTEEL,2018-03,Materials,1.5138078888140494,NORMAL,3.9290559120073327,NORMAL,,SOURCE_CASH_FIELD_UNAVAILABLE,0.5904935751861328
TATASTEEL,2019-03,Materials,1.4626913311570549,NORMAL,3.827415143603133,NORMAL,,SOURCE_CASH_FIELD_UNAVAILABLE,0.6773508955076405
TATASTEEL,2020-03,Materials,1.5810590409916276,NORMAL,2.318199920350458,NORMAL,,SOURCE_CASH_FIELD_UNAVAILABLE,0.5611782507656061
TATASTEEL,2021-03,Materials,1.19210926871321,NORMAL,4.009990797949257,NORMAL,,SOURCE_CASH_FIELD_UNAVAILABLE,0.6407881627984208
TATASTEEL,2022-03,Materials,0.6602500808262629,NORMAL,11.623947272061516,NORMAL,,SOURCE_CASH_FIELD_UNAVAILABLE,0.8638101847589778
TATASTEEL,2023-03,Materials,0.8235482431462331,NORMAL,5.127798063184632,NORMAL,,SOURCE_CASH_FIELD_UNAVAILABLE,0.8526853915261602
TATASTEEL,2024-03,Materials,0.9461835171402184,NORMAL,2.9632392115077253,NORMAL,,SOURCE_CASH_FIELD_UNAVAILABLE,0.8509498277091255
TCS,2013-03,Information Technology,0.008613085663882115,NORMAL,375.8333333333333,NORMAL,,SOURCE_CASH_FIELD_UNAVAILABLE,1.2129130401294
TCS,2014-03,Information Technology,0.006037198902327472,NORMAL,644.9487179487179,NORMAL,,SOURCE_CASH_FIELD_UNAVAILABLE,1.224154184560595
TCS,2015-03,Information Technology,0.007070208353905401,NORMAL,235.40384615384616,NORMAL,,SOURCE_CASH_FIELD_UNAVAILABLE,1.2909244660247143
TCS,2016-03,Information Technology,0.0034472084646555608,NORMAL,929.6060606060606,NORMAL,,SOURCE_CASH_FIELD_UNAVAILABLE,1.23054444960415
TCS,2017-03,Information Technology,0.003352123785000116,NORMAL,1009.71875,NORMAL,,SOURCE_CASH_FIELD_UNAVAILABLE,1.152765969921726
TCS,2018-03,Information Technology,0.002901513015694014,NORMAL,625.3076923076923,NORMAL,,SOURCE_CASH_FIELD_UNAVAILABLE,1.1710138310218214
TCS,2019-03,Information Technology,0.000693155646982537,NORMAL,199.5252525252525,NORMAL,,SOURCE_CASH_FIELD_UNAVAILABLE,1.2858798430215714
TCS,2020-03,Information Technology,0.09716377814231035,NORMAL,45.57251082251082,NORMAL,,SOURCE_CASH_FIELD_UNAVAILABLE,1.3065255937466183
TCS,2021-03,Information Technology,0.09018546157139055,NORMAL,73.07064364207221,NORMAL,,SOURCE_CASH_FIELD_UNAVAILABLE,1.2629777217059512
TCS,2022-03,Information Technology,0.08770571803587655,NORMAL,67.67474489795919,NORMAL,,SOURCE_CASH_FIELD_UNAVAILABLE,1.3606908688371038
TCS,2023-03,Information Technology,0.08502167566132886,NORMAL,76.07060333761233,NORMAL,,SOURCE_CASH_FIELD_UNAVAILABLE,1.5781854835887132
TCS,2024-03,Information Technology,0.0886406082507266,NORMAL,82.6426735218509,NORMAL,,SOURCE_CASH_FIELD_UNAVAILABLE,1.6559406621205455
TECHM,2013-03,Information Technology,0.25433099889421307,NORMAL,13.805825242718447,NORMAL,,SOURCE_CASH_FIELD_UNAVAILABLE,0.765026714158504
TECHM,2014-03,Information Technology,0.03953387061642344,NORMAL,52.15,NORMAL,,SOURCE_CASH_FIELD_UNAVAILABLE,1.1795483061480552
TECHM,2015-03,Information Technology,0.057152188112344876,NORMAL,60.768115942028984,NORMAL,,SOURCE_CASH_FIELD_UNAVAILABLE,1.1397118097541314
TECHM,2016-03,Information Technology,0.07477211979987664,NORMAL,43.91752577319588,NORMAL,,SOURCE_CASH_FIELD_UNAVAILABLE,1.176204217536071
TECHM,2017-03,Information Technology,0.08310518951146803,NORMAL,32.434108527131784,NORMAL,,SOURCE_CASH_FIELD_UNAVAILABLE,1.1183559120389914
TECHM,2018-03,Information Technology,0.12720904314599585,NORMAL,29.074074074074073,NORMAL,,SOURCE_CASH_FIELD_UNAVAILABLE,1.0112385396470704
TECHM,2019-03,Information Technology,0.09839783090953907,NORMAL,47.150375939849624,NORMAL,,SOURCE_CASH_FIELD_UNAVAILABLE,1.0387490282843987
TECHM,2020-03,Information Technology,0.16824829230275523,NORMAL,28.661458333333332,NORMAL,,SOURCE_CASH_FIELD_UNAVAILABLE,0.9879414759633421
TECHM,2021-03,Information Technology,0.11667001809772773,NORMAL,39.05747126436781,NORMAL,,SOURCE_CASH_FIELD_UNAVAILABLE,0.9558860663602848
TECHM,2022-03,Information Technology,0.09737409804359146,NORMAL,49.20245398773006,NORMAL,,SOURCE_CASH_FIELD_UNAVAILABLE,1.0051783141210375
TECHM,2023-03,Information Technology,0.09812347801174617,NORMAL,23.812883435582823,NORMAL,,SOURCE_CASH_FIELD_UNAVAILABLE,1.162851594038449
TECHM,2024-03,Information Technology,0.09512917619708275,NORMAL,11.494897959183673,NORMAL,,SOURCE_CASH_FIELD_UNAVAILABLE,1.2050337203643189
TITAN,2013-03,Consumer Discretionary,0.0,NORMAL,19.88235294117647,DEBT_FREE,,SOURCE_CASH_FIELD_UNAVAILABLE,1.720428280081577
TITAN,2014-03,Consumer Discretionary,0.31985731272294887,NORMAL,12.03448275862069,NORMAL,,SOURCE_CASH_FIELD_UNAVAILABLE,1.7880870561282933
TITAN,2015-03,Consumer Discretionary,0.0324254215304799,NORMAL,14.234567901234568,NORMAL,,SOURCE_CASH_FIELD_UNAVAILABLE,2.030163599182004
TITAN,2016-03,Consumer Discretionary,0.03222127174222983,NORMAL,22.357142857142858,NORMAL,,SOURCE_CASH_FIELD_UNAVAILABLE,1.7779880163986124
TITAN,2017-03,Consumer Discretionary,0.44460193716040636,NORMAL,30.63157894736842,NORMAL,,SOURCE_CASH_FIELD_UNAVAILABLE,1.5771883920076117
TITAN,2018-03,Consumer Discretionary,0.33222003929273086,NORMAL,31.0188679245283,NORMAL,,SOURCE_CASH_FIELD_UNAVAILABLE,1.6930994643419808
TITAN,2019-03,Consumer Discretionary,0.3942339373970346,NORMAL,37.62264150943396,NORMAL,,SOURCE_CASH_FIELD_UNAVAILABLE,1.689069171648164
TITAN,2020-03,Consumer Discretionary,0.5341130604288499,NORMAL,14.837349397590362,NORMAL,,SOURCE_CASH_FIELD_UNAVAILABLE,1.554341405788541
TITAN,2021-03,Consumer Discretionary,0.7520341469921302,NORMAL,8.497536945812808,NORMAL,,SOURCE_CASH_FIELD_UNAVAILABLE,1.3162247628314279
TITAN,2022-03,Consumer Discretionary,0.782005804579168,NORMAL,15.339449541284404,NORMAL,,SOURCE_CASH_FIELD_UNAVAILABLE,1.3592127619407213
TITAN,2023-03,Consumer Discretionary,0.7903974348156274,NORMAL,16.273333333333333,NORMAL,,SOURCE_CASH_FIELD_UNAVAILABLE,1.5016654330125834
TITAN,2024-03,Consumer Discretionary,1.653145959757266,NORMAL,8.549273021001616,NORMAL,,SOURCE_CASH_FIELD_UNAVAILABLE,1.619298190002219
TORNTPHARM,2013-03,Healthcare,0.4873417721518987,NORMAL,20.5,NORMAL,,SOURCE_CASH_FIELD_UNAVAILABLE,0.8534505728750333
TORNTPHARM,2014-03,Healthcare,0.5948502364687336,NORMAL,16.1864406779661,NORMAL,,SOURCE_CASH_FIELD_UNAVAILABLE,0.8307447232178415
TORNTPHARM,2015-03,Healthcare,1.099959855479727,NORMAL,5.828571428571428,NORMAL,,SOURCE_CASH_FIELD_UNAVAILABLE,0.5928388746803069
TORNTPHARM,2016-03,Healthcare,0.6731539782484258,NORMAL,14.853260869565217,NORMAL,,SOURCE_CASH_FIELD_UNAVAILABLE,0.7525320729237002
TORNTPHARM,2017-03,Healthcare,0.5768788784187543,NORMAL,6.684466019417476,NORMAL,,SOURCE_CASH_FIELD_UNAVAILABLE,0.6057702322674722
TORNTPHARM,2018-03,Healthcare,1.3977936404931863,NORMAL,4.37987012987013,NORMAL,,SOURCE_CASH_FIELD_UNAVAILABLE,0.4177490697184582
TORNTPHARM,2019-03,Healthcare,1.2778835978835978,NORMAL,3.9345238095238093,NORMAL,,SOURCE_CASH_FIELD_UNAVAILABLE,0.5436831290299724
TORNTPHARM,2020-03,Healthcare,1.199004975124378,NORMAL,4.811529933481153,NORMAL,,SOURCE_CASH_FIELD_UNAVAILABLE,0.5666666666666667
TORNTPHARM,2021-03,Healthcare,0.8348749571771155,NORMAL,7.025495750708215,NORMAL,,SOURCE_CASH_FIELD_UNAVAILABLE,0.5687388987566607
TORNTPHARM,2022-03,Healthcare,0.6836888963547791,NORMAL,9.533333333333333,NORMAL,,SOURCE_CASH_FIELD_UNAVAILABLE,0.6592282659228266
TORNTPHARM,2023-03,Healthcare,0.8662471765085511,NORMAL,8.534534534534535,NORMAL,,SOURCE_CASH_FIELD_UNAVAILABLE,0.6584531143052703
TORNTPHARM,2024-03,Healthcare,0.5866394399066511,NORMAL,9.514124293785311,NORMAL,,SOURCE_CASH_FIELD_UNAVAILABLE,0.7396070320579111
TRENT,2013-03,Consumer Discretionary,0.2786352558895207,NORMAL,0.1724137931034483,ICR_WARNING,,SOURCE_CASH_FIELD_UNAVAILABLE,0.965142598460842
TRENT,2014-03,Consumer Discretionary,0.3350151362260343,NORMAL,-0.38461538461538464,ICR_WARNING,,SOURCE_CASH_FIELD_UNAVAILABLE,1.2050619834710743
TRENT,2015-03,Consumer Discretionary,0.1877637130801688,NORMAL,4.0,NORMAL,,SOURCE_CASH_FIELD_UNAVAILABLE,1.0348889895786135
TRENT,2016-03,Consumer Discretionary,0.273224043715847,NORMAL,1.875,NORMAL,,SOURCE_CASH_FIELD_UNAVAILABLE,0.7816411682892906
TRENT,2017-03,Consumer Discretionary,0.25339366515837103,NORMAL,2.9130434782608696,NORMAL,,SOURCE_CASH_FIELD_UNAVAILABLE,0.8154815481548154
TRENT,2018-03,Consumer Discretionary,0.245141065830721,NORMAL,4.7272727272727275,NORMAL,,SOURCE_CASH_FIELD_UNAVAILABLE,0.9233732876712328
TRENT,2019-03,Consumer Discretionary,0.3001215066828676,NORMAL,4.7254901960784315,NORMAL,,SOURCE_CASH_FIELD_UNAVAILABLE,1.0277452129738178
TRENT,2020-03,Consumer Discretionary,0.12562814070351758,NORMAL,2.011406844106464,NORMAL,,SOURCE_CASH_FIELD_UNAVAILABLE,0.633012529507899
TRENT,2021-03,Consumer Discretionary,0.1297016861219196,NORMAL,0.4367816091954023,ICR_WARNING,,SOURCE_CASH_FIELD_UNAVAILABLE,0.453004891684137
TRENT,2022-03,Consumer Discretionary,1.998730964467005,NORMAL,1.8307692307692307,NORMAL,,SOURCE_CASH_FIELD_UNAVAILABLE,0.582190007765985
TRENT,2023-03,Consumer Discretionary,1.7195685670261942,NORMAL,2.7237163814180927,NORMAL,,SOURCE_CASH_FIELD_UNAVAILABLE,1.0197970799307101
TRENT,2024-03,Consumer Discretionary,0.4309242871189774,NORMAL,5.355978260869565,NORMAL,,SOURCE_CASH_FIELD_UNAVAILABLE,1.7278693102485339
TVSMOTOR,2013-03,Consumer Discretionary,1.1879866518353726,NORMAL,4.252427184466019,NORMAL,,SOURCE_CASH_FIELD_UNAVAILABLE,2.2212363206152026
TVSMOTOR,2014-03,Consumer Discretionary,0.6270456503014643,NORMAL,6.15,NORMAL,,SOURCE_CASH_FIELD_UNAVAILABLE,2.3083700440528636
TVSMOTOR,2015-03,Consumer Discretionary,0.8445283018867924,NORMAL,9.758064516129032,NORMAL,,SOURCE_CASH_FIELD_UNAVAILABLE,2.2442013129102847
TVSMOTOR,2016-03,Consumer Discretionary,0.59978009895547,NORMAL,11.7,NORMAL,,SOURCE_CASH_FIELD_UNAVAILABLE,2.210843373493976
TVSMOTOR,2017-03,Consumer Discretionary,0.591339648173207,NORMAL,14.516666666666667,NORMAL,,SOURCE_CASH_FIELD_UNAVAILABLE,2.033779373368146
TVSMOTOR,2018-03,Consumer Discretionary,2.5870052277819267,HIGH_LEVERAGE,4.64792899408284,NORMAL,,SOURCE_CASH_FIELD_UNAVAILABLE,1.238817285822593
TVSMOTOR,2019-03,Consumer Discretionary,2.9321980447808262,HIGH_LEVERAGE,3.262443438914027,NORMAL,,SOURCE_CASH_FIELD_UNAVAILABLE,1.2074748442740777
TVSMOTOR,2020-03,Consumer Discretionary,3.5306122448979593,HIGH_LEVERAGE,2.647953216374269,NORMAL,,SOURCE_CASH_FIELD_UNAVAILABLE,0.9780510585305106
TVSMOTOR,2021-03,Consumer Discretionary,3.182388293702639,HIGH_LEVERAGE,2.533484676503973,NORMAL,,SOURCE_CASH_FIELD_UNAVAILABLE,0.8882231877429683
TVSMOTOR,2022-03,Consumer Discretionary,3.5970454545454547,HIGH_LEVERAGE,2.9308510638297873,NORMAL,,SOURCE_CASH_FIELD_UNAVAILABLE,0.9047512909097664
TVSMOTOR,2023-03,Consumer Discretionary,4.064668483197093,HIGH_LEVERAGE,2.943713450292398,NORMAL,,SOURCE_CASH_FIELD_UNAVAILABLE,0.9128907922912206
TVSMOTOR,2024-03,Consumer Discretionary,3.833431603773585,HIGH_LEVERAGE,2.8526970954356847,NORMAL,,SOURCE_CASH_FIELD_UNAVAILABLE,0.931491528650295
