company_id,year,broad_sector,npm_pct,opm_pct,roe_pct,roce_pct,roa_pct,source_opm,opm_difference_pp,opm_validation,is_financial_sector
ABB,2012-12,Industrials,8.771929824561402,12.220205686630369,22.411128284389488,31.221020092735703,15.986769570011026,12.0,0.22020568663036855,PASS,False
ABB,2014-03,Industrials,8.699472759226714,11.731107205623902,25.12690355329949,33.88324873096447,17.383669885864794,12.0,0.26889279437609837,PASS,False
ABB,2015-03,Industrials,10.004368719965049,13.630406290956751,24.439701173959445,33.29775880469584,16.666666666666664,14.0,0.36959370904324906,PASS,False
ABB,2016-03,Industrials,9.755164498852334,13.963274674827849,21.338912133891213,30.543933054393307,15.77970297029703,14.0,0.0367253251721511,PASS,False
ABB,2017-03,Industrials,9.541853255253187,13.709955218739237,19.971160778658977,28.69502523431867,13.407550822846078,14.0,0.2900447812607627,PASS,False
ABB,2018-03,Industrials,12.15888417222559,15.918738629472406,23.685764914353218,31.010041346721795,16.5976821192053,16.0,0.08126137052759397,PASS,False
ABB,2019-03,Industrials,12.231584669747214,16.444686055993476,22.410358565737052,30.12948207171315,15.300918055083304,16.0,0.44468605599347555,PASS,False
ABB,2020-03,Industrials,14.488150500855118,18.49499144881505,24.39325380501851,29.04834996162701,16.718353538201296,18.0,0.49499144881504975,PASS,False
ABB,2021-03,Industrials,16.03248259860789,21.392111368909514,26.5564950038432,33.46642468239565,17.994791666666668,21.0,0.39211136890951437,PASS,False
ABB,2022-03,Industrials,16.26297577854671,22.023203745165887,28.333333333333332,36.4064602960969,18.915719696969695,22.0,0.023203745165886858,PASS,False
ABB,2023-03,Industrials,17.74163395027108,22.546270330902974,29.767879548306148,36.53438352014541,20.82967515364355,23.0,0.45372966909702583,PASS,False
ABB,2024-03,Industrials,20.533424517011454,24.84185330825782,32.46823465801568,38.41882601797991,23.127286732139417,25.0,0.15814669174217855,PASS,False
ADANIENSOL,2014-03,Energy,,,0.0,0.0,,,,PASS,False
ADANIENSOL,2015-03,Energy,-5.343511450381679,77.09923664122137,-0.6463527239150507,0.936572700296736,-0.06091193873999304,78.0,0.900763358778633,PASS,False
ADANIENSOL,2016-03,Energy,16.773017319963536,87.83044667274385,13.77245508982036,17.118237541085545,3.1329814404903797,88.0,0.16955332725615335,PASS,False
ADANIENSOL,2017-03,Energy,14.464534075104313,68.94993045897078,14.116050220563285,16.633115249119275,3.2472094293966123,69.0,0.05006954102921668,PASS,False
ADANIENSOL,2018-03,Energy,28.98073022312373,71.65314401622717,18.87072808320951,17.142857142857142,6.620330147697655,72.0,0.34685598377282645,PASS,False
ADANIENSOL,2019-03,Energy,7.652292950034223,38.02874743326489,6.950142981474575,9.858055358410219,1.716935929725413,38.0,0.02874743326488982,PASS,False
ADANIENSOL,2020-03,Energy,6.184302733006307,37.29852838121934,8.30685963054477,13.003511986562835,1.7778449296164793,37.0,0.29852838121934155,PASS,False
ADANIENSOL,2021-03,Energy,12.996171670360667,39.79447914567802,14.46350487722839,10.967956905647803,2.9837627792940737,40.0,0.20552085432198197,PASS,False
ADANIENSOL,2022-03,Energy,10.978859477704743,37.360099484810796,12.46847573892868,10.563857842521662,2.604078880836002,37.0,0.3600994848107959,PASS,False
ADANIENSOL,2023-03,Energy,9.636650868878357,33.98781313473256,10.90305557919823,9.81768400008692,2.3752132314766743,34.0,0.012186865267437952,PASS,False
ADANIENSOL,2024-03,Energy,7.201782380923707,34.38911302462817,9.461276797721698,11.488402969161756,2.043117291332126,30.0,4.389113024628173,MISMATCH,False
ADANIENT,2013-03,Industrials,2.6264150943396225,12.983288409703503,5.692652832305104,6.636319548540694,1.0887540113166057,13.0,0.016711590296496937,PASS,False
ADANIENT,2014-03,Industrials,4.815549529546654,17.07645549347553,11.1377699204445,9.800808464856846,2.240436233086654,17.0,0.07645549347553171,PASS,False
ADANIENT,2015-03,Industrials,3.564725044597844,19.312805398278137,8.931902985074627,11.390772102215024,1.757982833274683,19.0,0.3128053982781367,PASS,False
ADANIENT,2016-03,Industrials,2.9404845918607387,4.951776052693484,7.4749588877261175,5.174055980581928,2.399289810216176,5.0,0.048223947306516024,PASS,False
ADANIENT,2017-03,Industrials,2.5319574083705145,5.206251881860236,6.543576683644596,5.437081927848608,1.9428283379891202,5.0,0.20625188186023635,PASS,False
ADANIENT,2018-03,Industrials,1.653490702594366,5.673087629439929,3.936642587315263,6.227464401393387,1.0530981295984398,6.0,0.3269123705600707,PASS,False
ADANIENT,2019-03,Industrials,1.2531266252259838,4.876297085118502,3.429113580916238,7.57336820646948,1.1895805905585857,5.0,0.12370291488149832,PASS,False
ADANIENT,2020-03,Industrials,2.3961477317236133,5.285348939013432,6.136779370980115,7.811755090921474,2.2186666666666666,5.0,0.2853489390134323,PASS,False
ADANIENT,2021-03,Industrials,2.645623087234742,6.338366593317652,6.0959263360335685,7.506140298328641,2.026464149408141,6.0,0.3383665933176516,PASS,False
ADANIENT,2022-03,Industrials,1.135119562085854,5.3500432152117545,3.5404591813811384,5.815756095269413,0.7756974386234324,5.0,0.3500432152117545,PASS,False
ADANIENT,2023-03,Industrials,1.899012074643249,6.913909361768857,7.328068742246831,10.223649580874424,1.7143504296493437,7.0,0.08609063823114305,PASS,False
ADANIENT,2024-03,Industrials,3.458790097592848,11.799296833677312,8.534650424813185,10.89897112639626,2.076768834144944,12.0,0.20070316632268792,PASS,False
ADANIGREEN,2017-03,Energy,-9.362549800796813,80.2788844621514,-3.906899418121363,7.261261261261261,-0.762987012987013,80.0,0.27888446215139595,PASS,False
ADANIGREEN,2018-03,Energy,-9.324324324324325,56.95945945945946,-10.290827740492169,7.523427041499331,-0.8784773060029283,57.0,0.04054054054054035,PASS,False
ADANIGREEN,2019-03,Energy,-23.080660835762874,74.14965986394559,-24.573202276254527,11.671128107074571,-3.240551234820576,74.0,0.14965986394558684,PASS,False
ADANIGREEN,2020-03,Energy,-2.6677128285602194,56.88505296194586,-2.8850233347475602,8.418974626952332,-0.36908380373425964,57.0,0.1149470380541402,PASS,False
ADANIGREEN,2021-03,Energy,5.8258642765685025,71.73495518565942,8.272727272727273,8.485743496535273,0.6343231562804963,72.0,0.2650448143405839,PASS,False
ADANIGREEN,2022-03,Energy,9.526592635885448,68.42002727449834,18.706962509563887,6.334090827111064,0.8294602571496421,68.0,0.420027274498338,PASS,False
ADANIGREEN,2023-03,Energy,12.512860082304528,63.91460905349794,13.321467688937568,8.07775448177223,1.4542139323558863,64.0,0.08539094650205925,PASS,False
ADANIGREEN,2024-03,Energy,13.665943600867678,79.3709327548807,12.812690665039659,9.797568682054303,1.430420271098699,79.0,0.3709327548806982,PASS,False
ADANIPORTS,2013-03,Industrials,45.820519988817445,66.59211629857423,25.633406318423525,13.22304873986899,7.791775612075114,67.0,0.40788370142577435,PASS,False
ADANIPORTS,2014-03,Industrials,36.04554865424431,60.43478260869565,19.86309184255562,13.42439293598234,7.055152571220165,60.0,0.4347826086956488,PASS,False
ADANIPORTS,2015-03,Industrials,37.77633289986996,63.42652795838751,21.58848118903855,13.67156021162538,7.243937410385887,63.0,0.4265279583875099,PASS,False
ADANIPORTS,2016-03,Industrials,40.17442678295119,64.38317625545083,21.147723065531284,12.768153541440007,7.44040640875342,64.0,0.38317625545083445,PASS,False
ADANIPORTS,2017-03,Industrials,46.23770588932338,64.20191965872733,22.264064817984707,13.633618520382488,8.997209988701607,64.0,0.2019196587273342,PASS,False
ADANIPORTS,2018-03,Industrials,32.588536606906295,63.20763048662016,17.652968473424867,16.539181475747004,7.812334596574429,63.0,0.20763048662016104,PASS,False
ADANIPORTS,2019-03,Industrials,37.02517162471396,60.37528604118994,16.596914492040046,12.664157898778896,7.183321198344907,60.0,0.3752860411899377,PASS,False
ADANIPORTS,2020-03,Industrials,31.8790533142424,50.08843594710688,14.868209136976077,10.67703190362484,6.113022271750893,50.0,0.08843594710688052,PASS,False
ADANIPORTS,2021-03,Industrials,40.23107569721115,69.22709163346613,16.586183108307875,13.104863038494027,6.769729961652946,69.0,0.22709163346613082,PASS,False
ADANIPORTS,2022-03,Industrials,28.93276476429698,55.65745662713943,11.843332297171278,10.615446321137306,5.037222357822797,56.0,0.34254337286056824,PASS,False
ADANIPORTS,2023-03,Industrials,25.85363514291195,52.498561289084975,11.8773271056864,11.077380771682705,4.789317981930119,52.0,0.4985612890849751,PASS,False
ADANIPORTS,2024-03,Industrials,30.339560480700833,58.36172363445772,15.3548827162833,15.246263985603631,6.926554927819896,58.0,0.36172363445771794,PASS,False
ADANIPOWER,2013-03,Energy,-34.294680215182304,14.34548714883443,-53.459119496855344,2.0829717063009894,-4.1965330602691635,14.0,0.34548714883442955,PASS,False
ADANIPOWER,2014-03,Energy,-1.8984864300626305,29.964770354906058,-4.447501146263182,9.060422543546446,-0.49541190691023,30.0,0.035229645093942,PASS,False
ADANIPOWER,2015-03,Energy,-4.367606915377617,25.03880533104962,-14.253275109170305,9.26942358372798,-1.3954920135444813,25.0,0.038805331049619696,PASS,False
ADANIPOWER,2016-03,Energy,2.171257437837412,34.6849509398274,7.378146759507231,14.621991129126036,0.7269704725967755,35.0,0.3150490601725977,PASS,False
ADANIPOWER,2017-03,Energy,-27.299257163070394,26.44145737530951,-205.79999999999998,10.77788191190253,-8.633636783152241,26.0,0.44145737530951124,PASS,False
ADANIPOWER,2018-03,Energy,-10.35756501182033,26.773049645390074,-236.55793025871765,10.118382845655573,-3.0246807041767347,27.0,0.22695035460992585,PASS,False
ADANIPOWER,2019-03,Energy,-4.119912912409982,20.86333947412494,-12.759336099585061,9.11102172164119,-1.4473780981098772,21.0,0.13666052587506172,PASS,False
ADANIPOWER,2020-03,Energy,-8.595284872298626,21.66389602538915,-35.102607622280516,9.296368352788587,-3.032322559146951,22.0,0.3361039746108503,PASS,False
ADANIPOWER,2021-03,Energy,4.84344609282636,33.13374775942947,9.685045374818882,13.237445148707947,1.6115524198665077,33.0,0.13374775942946826,PASS,False
ADANIPOWER,2022-03,Energy,17.725812854101257,35.6573201977554,26.613209080565635,14.61643146652466,5.991632207462705,36.0,0.3426798022445965,PASS,False
ADANIPOWER,2023-03,Energy,27.666159440848016,26.038738297268715,35.90507430713616,13.978345748068563,12.499271740017011,26.0,0.038738297268714916,PASS,False
ADANIPOWER,2024-03,Energy,41.36759945184802,36.20186292228556,48.27674122146251,23.441056570774553,22.638002804073516,36.0,0.20186292228555658,PASS,False
AMBUJACEM,2012-12,Materials,13.252641296543235,25.36670427736178,14.686825053995682,27.921418087388506,10.46577561765897,25.0,0.36670427736178013,PASS,False
AMBUJACEM,2013-12,Materials,13.950442091474729,18.218535094422005,13.506658211794548,17.549947423764458,9.864155603581352,18.0,0.21853509442200547,PASS,False
AMBUJACEM,2014-12,Materials,14.937217478653944,19.427423405323957,14.766633565044687,19.1409342834521,10.714800403516357,19.0,0.42742340532395673,PASS,False
AMBUJACEM,2015-12,Materials,8.562043022146868,16.33993853979019,7.866809463538117,14.962157966233262,5.717115969716267,16.0,0.3399385397901895,PASS,False
AMBUJACEM,2016-12,Materials,7.136458644371454,15.830596197870012,7.234751021643711,16.025188916876573,4.368754569826956,16.0,0.16940380212998818,PASS,False
AMBUJACEM,2017-12,Materials,8.238383667245541,16.34122580371892,9.408862229102168,18.641283339775804,5.477484581373736,16.0,0.3412258037189204,PASS,False
AMBUJACEM,2018-12,Materials,11.416612265273992,15.402634307438271,13.29012069736254,17.89825970548862,7.951111229975128,15.0,0.4026343074382712,PASS,False
AMBUJACEM,2019-12,Materials,10.267857142857142,16.960596221959857,11.558268959215882,19.059662506737425,6.926676290507243,17.0,0.03940377804014261,PASS,False
AMBUJACEM,2020-12,Materials,12.673356175558819,20.41931799641051,13.65294195192688,21.551575684518685,7.822649680245733,20.0,0.41931799641050915,PASS,False
AMBUJACEM,2021-12,Materials,12.812014500258934,21.439668565510097,14.636743709079436,24.04088111184236,8.209268886185155,21.0,0.4396685655100967,PASS,False
AMBUJACEM,2024-03,Materials,14.288299155609169,19.300361881785282,11.428984947896565,15.182066184319773,7.2600787606687,19.0,0.3003618817852818,PASS,False
APOLLOHOSP,2013-03,Healthcare,8.039267710267975,16.23772884054126,11.030214779759739,15.454545454545453,6.294142085583713,16.0,0.23772884054125853,PASS,False
APOLLOHOSP,2014-03,Healthcare,7.229745237548772,15.515262795501492,10.581121934833725,15.64452672992363,5.887850467289719,16.0,0.4847372044985079,PASS,False
APOLLOHOSP,2015-03,Healthcare,6.531487619418989,14.369272762721778,10.561160151324085,14.271882261812548,5.1865613872116425,14.0,0.3692727627217778,PASS,False
APOLLOHOSP,2016-03,Healthcare,3.8211382113821135,11.121951219512196,7.052821128451381,11.093091144988646,3.192934782608696,11.0,0.12195121951219612,PASS,False
APOLLOHOSP,2017-03,Healthcare,1.8054024255788312,10.115766262403527,3.952926976463488,11.399285603354558,1.6166851783290141,10.0,0.11576626240352716,PASS,False
APOLLOHOSP,2018-03,Healthcare,0.7278903311901006,9.717335921387845,1.8450184501845017,11.992813295403504,0.6979990693345742,10.0,0.2826640786121555,PASS,False
APOLLOHOSP,2019-03,Healthcare,2.0796506186960593,11.126130810023916,5.9988002399520095,15.270443841872414,2.181976871045167,11.0,0.12613081002391624,PASS,False
APOLLOHOSP,2020-03,Healthcare,3.841024273139504,14.145994487418868,12.934131736526947,22.93829296424452,3.826733988838692,14.0,0.1459944874188679,PASS,False
APOLLOHOSP,2021-03,Healthcare,1.2973484848484849,10.795454545454545,2.976319791440365,13.009243409791168,1.2025983146067416,11.0,0.20454545454545503,PASS,False
APOLLOHOSP,2022-03,Healthcare,7.556434563186251,14.928732183045762,19.704783923172684,22.587968217934165,8.355327652514893,15.0,0.07126781695423823,PASS,False
APOLLOHOSP,2023-03,Healthcare,5.080664579821816,12.430772935227546,13.617295901903839,19.610636277302945,5.854605993340733,12.0,0.4307729352275462,PASS,False
APOLLOHOSP,2024-03,Healthcare,4.905818773282963,12.56099480560365,13.480392156862745,19.51259271334257,5.5847568988173455,13.0,0.43900519439634955,PASS,False
ASIANPAINT,2013-03,Materials,11.043412033511043,16.536557501904035,34.2789598108747,47.785419532324624,17.099056603773587,17.0,0.46344249809596505,PASS,False
ASIANPAINT,2014-03,Materials,10.335515548281506,16.399345335515548,31.27011636543699,46.73507462686567,15.640866873065015,16.0,0.39934533551554807,PASS,False
ASIANPAINT,2015-03,Materials,10.481087036356959,16.47447668013221,30.09278785322649,43.468992248062015,16.008525914292125,16.0,0.47447668013220934,PASS,False
ASIANPAINT,2016-03,Materials,12.634013033424427,19.09466750753276,27.632183908045977,39.79264018691589,17.075480632635667,19.0,0.09466750753275832,PASS,False
ASIANPAINT,2017-03,Materials,13.384676669764971,19.87783826849024,26.512361914781696,36.67319941205292,16.251511487303507,20.0,0.12216173150975962,PASS,False
ASIANPAINT,2018-03,Materials,12.469539375928678,19.043090638930163,24.94649227110583,35.826903723582696,15.243769526992661,19.0,0.043090638930163294,PASS,False
ASIANPAINT,2019-03,Materials,11.476091476091476,19.56860706860707,23.3132720937599,34.89018626633305,13.588528524832297,20.0,0.43139293139293144,PASS,False
ASIANPAINT,2020-03,Materials,13.725199148978279,20.568007520657066,27.38400789733465,36.9576813655761,17.189242781013757,21.0,0.4319924793429344,PASS,False
ASIANPAINT,2021-03,Materials,14.769953484087875,22.36448210749321,25.042948617835393,34.93776530685661,15.755342667649227,22.0,0.36448210749320964,PASS,False
ASIANPAINT,2022-03,Materials,10.60101027456101,16.50802377925157,22.335650159281784,31.19683096304955,13.437581670877256,17.0,0.4919762207484304,PASS,False
ASIANPAINT,2023-03,Materials,12.163298442981821,18.150714720635566,26.231865932966482,34.92329149232915,16.272935334962565,18.0,0.15071472063556612,PASS,False
ASIANPAINT,2024-03,Materials,15.658543456824905,21.3692069305536,29.677488252883382,35.774926893689276,18.588007090063876,21.0,0.36920693055359877,PASS,False
ATGL,2018-03,Energy,11.790393013100436,26.637554585152838,15.94488188976378,15.501905972045742,5.779521940777738,27.0,0.3624454148471621,PASS,False
ATGL,2019-03,Energy,13.321698662012798,26.46887725421757,20.780399274047188,30.414438502673796,11.181640625,26.0,0.46887725421757054,PASS,False
ATGL,2020-03,Energy,23.253333333333334,31.733333333333334,29.63970088375255,31.332280147446024,17.60904684975767,32.0,0.2666666666666657,PASS,False
ATGL,2021-03,Energy,27.299528301886795,41.509433962264154,23.94002068252327,28.583028826634187,14.450686641697876,42.0,0.49056603773584584,PASS,False
ATGL,2022-03,Energy,16.754443712969056,25.44437129690586,21.06788079470199,22.39930454940597,11.528878822197056,25.0,0.4443712969058602,PASS,False
ATGL,2023-03,Energy,12.47144814984011,19.872087711283694,18.56511390683441,19.94040797616319,9.67227635075288,20.0,0.12791228871630622,PASS,False
ATGL,2024-03,Energy,14.927374301675977,24.670391061452516,18.65921787709497,21.491142690286157,10.133495145631068,25.0,0.32960893854748363,PASS,False
AXISBANK,2013-03,Financials,19.05234889452967,30.58161350844278,15.6191567645817,2.5235874831517977,1.52073949224508,1353.0,1322.4183864915572,MISMATCH,True
AXISBANK,2014-03,Financials,20.293071374955126,31.474168597630626,16.194395249505156,2.5947330470624954,1.6094215089944353,2307.0,2275.5258314023695,MISMATCH,True
AXISBANK,2015-03,Financials,20.739028721215366,31.36221426759492,16.369663396293575,2.46397704096885,1.5747694454491559,3097.0,3065.637785732405,MISMATCH,True
AXISBANK,2016-03,Financials,20.064409095344978,32.611983995315704,15.355029033402415,2.5426614343676825,1.5051602618656739,3466.0,3433.3880160046842,MISMATCH,True
AXISBANK,2017-03,Financials,8.259620133806294,53.450675766692115,6.525363604114934,4.077990192132123,0.6016727122862908,-5715.0,5768.450675766692,MISMATCH,True
AXISBANK,2018-03,Financials,0.6028833551769331,63.11708169506335,0.42985967262136526,4.276736448244015,0.0392210918526708,-10277.0,10340.117081695063,MISMATCH,True
AXISBANK,2019-03,Financials,8.505801476739535,49.385298075873855,6.898026606884752,3.482312085950464,0.574537556845682,-5447.0,5496.385298075874,MISMATCH,True
AXISBANK,2020-03,Financials,2.5975892073122058,55.984673106090845,1.8844104702339586,3.9681919977548357,0.17534746171885776,-9859.0,9914.984673106092,MISMATCH,True
AXISBANK,2021-03,Financials,10.400025258106274,50.119976004799035,6.359441666505782,3.3274816720729032,0.6581385707364099,-2510.0,2560.119976004799,MISMATCH,True
AXISBANK,2022-03,Financials,19.33152262641554,44.4691808777476,11.01377461716035,2.630082057296147,1.0892480968473273,3170.0,3125.5308191222525,MISMATCH,True
AXISBANK,2023-03,Financials,11.248884505189986,34.15645108261707,7.381666037401469,2.2693531614057836,0.712575999428749,13857.0,13822.843548917383,MISMATCH,True
AXISBANK,2024-03,Financials,22.73130411725443,34.69264599658038,15.832712405189048,2.612569500628303,1.6374892227113123,11952.0,11917.30735400342,MISMATCH,True
BAJAJ-AUTO,2013-03,Consumer Discretionary,15.645443196004994,18.257178526841447,38.84686918784873,44.688913335778025,24.782471127986078,18.0,0.2571785268414466,PASS,False
BAJAJ-AUTO,2014-03,Consumer Discretionary,16.785022595222724,20.673387297015445,33.24481164551982,40.70995501662429,22.07995819179514,21.0,0.3266127029845549,PASS,False
BAJAJ-AUTO,2015-03,Consumer Discretionary,14.012502894188469,19.115536003704563,27.273546642631818,36.834121531185865,18.95277464612301,19.0,0.11553600370456252,PASS,False
BAJAJ-AUTO,2016-03,Consumer Discretionary,17.989722689820148,21.23239124656685,28.96576319543509,33.901541943697836,23.55568445475638,21.0,0.2323912465668485,PASS,False
BAJAJ-AUTO,2017-03,Consumer Discretionary,18.7497127097219,20.358538267065043,22.843862007168457,24.638406764574988,18.8510952953138,20.0,0.3585382670650432,PASS,False
BAJAJ-AUTO,2018-03,Consumer Discretionary,16.735422451408173,19.22253074176914,20.656058751529986,23.586099484084492,16.781353168131737,19.0,0.22253074176914112,PASS,False
BAJAJ-AUTO,2019-03,Consumer Discretionary,16.2329534224916,17.12234007510376,21.211208195239532,22.25361760424694,17.09093431365749,17.0,0.12234007510376088,PASS,False
BAJAJ-AUTO,2020-03,Consumer Discretionary,17.42036832781844,17.076105484808984,24.06056689133044,23.448687350835325,19.660505469634103,17.0,0.07610548480898416,PASS,False
BAJAJ-AUTO,2021-03,Consumer Discretionary,17.508381096571863,17.800367686817346,17.808821911780882,18.025845075563993,14.454496756145469,18.0,0.1996323131826543,PASS,False
BAJAJ-AUTO,2022-03,Consumer Discretionary,18.60310755770101,15.866646553024587,20.650390167118793,17.540524314588755,17.561447979265758,16.0,0.13335344697541274,PASS,False
BAJAJ-AUTO,2023-03,Consumer Discretionary,16.62323412426279,17.734192840488273,20.638921054424088,21.925659635081054,17.247267759562842,18.0,0.26580715951172706,PASS,False
BAJAJ-AUTO,2024-03,Consumer Discretionary,17.178515712057056,19.534209939826162,26.61418410330778,28.389583468290468,19.59129727531517,20.0,0.4657900601738376,PASS,False
BAJAJFINSV,2013-03,Financials,27.48603351955307,48.80198634388579,28.377339143809277,18.905400856057327,3.386874713171179,49.0,0.19801365611421318,PASS,True
BAJAJFINSV,2014-03,Financials,36.37722065415906,74.5641706790636,23.528780068728523,15.583469239043687,2.9455655190029977,75.0,0.43582932093640636,PASS,True
BAJAJFINSV,2015-03,Financials,21.25275694750772,48.619320688134096,21.724231220128054,14.734900136359991,2.730425715192456,49.0,0.3806793118659044,PASS,True
BAJAJFINSV,2016-03,Financials,13.514829786197827,32.82033799249987,20.405912199426428,13.570004631400897,2.6695269886773576,33.0,0.17966200750012717,PASS,True
BAJAJFINSV,2017-03,Financials,14.077610478638755,35.553107275472314,21.360906445421335,13.522573836388185,2.6824451459405663,36.0,0.4468927245276859,PASS,True
BAJAJFINSV,2018-03,Financials,12.707686689793682,32.82819061530034,20.387638529512277,12.518276126157488,2.585534380920539,33.0,0.17180938469965668,PASS,True
BAJAJFINSV,2019-03,Financials,12.61354301138364,35.29397957986152,22.636899747262003,12.176300063160964,2.5783483984877273,35.0,0.2939795798615208,PASS,True
BAJAJFINSV,2020-03,Financials,11.028315946348734,33.59275818292212,19.148936170212767,11.518225519512471,2.385159010600707,34.0,0.40724181707788176,PASS,True
BAJAJFINSV,2021-03,Financials,12.158370742012146,32.415170319514125,20.56098241696902,11.955006665002953,2.63252872125641,32.0,0.4151703195141252,PASS,True
BAJAJFINSV,2022-03,Financials,12.153904628248984,31.364207818027655,20.657440306109773,10.651554417006743,2.4936040286371557,31.0,0.3642078180276549,PASS,True
BAJAJFINSV,2023-03,Financials,14.877181011794521,36.39243590993274,26.310685887904846,11.546669140842457,3.011832728582317,36.0,0.39243590993274324,PASS,True
BAJAJFINSV,2024-03,Financials,14.128209309488865,37.04045949520755,25.850351412279537,11.706431579821395,2.9018542467180857,37.0,0.04045949520754988,PASS,True
BAJAJHLDNG,2013-03,Financials,550.7418397626113,95.54896142433235,17.941034316094733,3.112614789753504,17.22505800464037,95.0,0.5489614243323473,PASS,True
BAJAJHLDNG,2014-03,Financials,469.97635933806146,94.56264775413712,16.56804733727811,3.3336111342611883,15.97043701799486,94.0,0.5626477541371173,PASS,True
BAJAJHLDNG,2015-03,Financials,387.2137404580153,92.36641221374046,15.149705069812589,3.6138281191667287,14.604477074785862,92.0,0.3664122137404604,PASS,True
BAJAJHLDNG,2016-03,Financials,481.9148936170213,91.27659574468086,14.810697704832275,2.805204995749689,14.639348500517062,91.0,0.27659574468086134,PASS,True
BAJAJHLDNG,2017-03,Financials,293.70546318289786,74.58432304038006,13.879223257380177,3.5245257604669433,13.824137738274917,75.0,0.4156769596199439,PASS,True
BAJAJHLDNG,2018-03,Financials,632.1428571428571,84.52380952380952,10.535296218404032,1.408674258957978,10.506945268906566,85.0,0.4761904761904816,PASS,True
BAJAJHLDNG,2019-03,Financials,707.1925754060325,80.51044083526682,11.308993766696348,1.2874740279014545,11.285545023696683,80.0,0.5104408352668202,PASS,True
BAJAJHLDNG,2020-03,Financials,708.0459770114943,69.19540229885057,11.093901955840508,1.0776556514267301,9.410614439793456,69.0,0.19540229885056704,PASS,True
BAJAJHLDNG,2021-03,Financials,799.562363238512,77.02407002188184,9.831301961417386,0.9436238372248881,8.032534622994064,77.0,0.024070021881840375,PASS,True
BAJAJHLDNG,2022-03,Financials,852.4793388429752,75.82644628099173,9.630736193455022,0.8543626035943757,7.69948495931925,76.0,0.1735537190082681,PASS,True
BAJAJHLDNG,2023-03,Financials,947.5095785440614,72.79693486590038,11.194604137431535,0.8582721626199887,9.299090020305332,73.0,0.20306513409961724,PASS,True
BAJAJHLDNG,2024-03,Financials,432.7262044653349,91.7743830787309,13.576787656460265,2.8760817529000184,11.302773131167417,92.0,0.2256169212690935,PASS,True
BAJFINANCE,2015-03,Financials,16.654302670623146,32.49258160237389,18.708333333333332,5.569861707200763,2.7394752898108603,1367.0,1334.5074183976262,MISMATCH,True
BAJFINANCE,2016-03,Financials,17.522948349088914,32.25099328675161,17.220950585700823,5.295599748042832,2.7228407808741193,1986.0,1953.7490067132485,MISMATCH,True
BAJFINANCE,2017-03,Financials,18.415245737211634,32.59779338014042,19.125,5.52251486830926,2.8808586088402817,2867.0,2834.4022066198595,MISMATCH,True
BAJFINANCE,2018-03,Financials,19.58261415345991,32.28463831790366,15.749621403331652,4.993629027364845,2.9434656477747114,3935.0,3902.7153616820965,MISMATCH,True
BAJFINANCE,2019-03,Financials,21.609779845296696,29.501812084167252,20.2822764888054,4.496846271179454,3.215731729894634,6310.0,6280.498187915833,MISMATCH,True
BAJFINANCE,2020-03,Financials,19.959050580116784,34.72738302874043,16.283098243009157,5.649031048392071,3.2021217706565444,7608.0,7573.27261697126,MISMATCH,True
BAJFINANCE,2021-03,Financials,16.5710643722116,40.63659880778315,11.972479549271359,6.43065641463762,2.577710386656558,6314.0,6273.363401192217,MISMATCH,True
BAJFINANCE,2022-03,Financials,22.211687367655887,37.546221674409786,16.07759705350811,5.685706764938141,3.3072007378615194,9906.0,9868.453778325591,MISMATCH,True
BAJFINANCE,2023-03,Financials,27.7897177078554,30.65127623095313,21.16530567203708,4.682692520530359,4.181291011750343,16018.0,15987.348723769046,MISMATCH,True
BAJFINANCE,2024-03,Financials,26.287928399912687,29.285818234737686,18.841921351830603,4.350587230638684,3.845990067652804,19987.0,19957.714181765263,MISMATCH,True
BANKBARODA,2013-03,Financials,13.251193677624718,30.047747104988748,14.509344390361157,2.0185299203279787,0.8632663969666795,1006.0,975.9522528950113,MISMATCH,True
BANKBARODA,2014-03,Financials,12.4459382645874,29.777821713664338,13.306206568552328,1.8400476466815308,0.744855820997953,809.0,779.2221782863356,MISMATCH,True
BANKBARODA,2015-03,Financials,8.794389402204164,29.981075364577535,9.400733019182256,1.903318864566976,0.5381720679159525,902.0,872.0189246354224,MISMATCH,True
BANKBARODA,2016-03,Financials,-10.98932291098059,55.440075110810284,-11.841517069383338,3.8294881598216692,-0.7281823798093965,-11700.0,11755.44007511081,MISMATCH,True
BANKBARODA,2017-03,Financials,4.171070087468801,43.28468958694039,4.307242204007709,2.7835376522269746,0.25791973482236213,-4372.0,4415.284689586941,MISMATCH,True
BANKBARODA,2018-03,Financials,-3.986451276706618,56.654941809970474,-3.9427908774642444,3.6296890845026337,-0.24552150586523597,-9197.0,9253.654941809971,MISMATCH,True
BANKBARODA,2019-03,Financials,2.203908819415567,48.79408762711223,2.1201541930322207,3.269989815720272,0.14225236985616163,-5414.0,5462.794087627112,MISMATCH,True
BANKBARODA,2020-03,Financials,1.2434248051207302,51.439254705621394,1.2890255439924314,3.5441037128248123,0.08175442836486976,-11728.0,11779.439254705621,MISMATCH,True
BANKBARODA,2021-03,Financials,2.1799391770056786,51.22857065963344,1.9662580410243962,3.3116932260345884,0.13470062785459316,-6957.0,7008.228570659633,MISMATCH,True
BANKBARODA,2022-03,Financials,10.810111058118144,51.12488928255093,8.635121749447583,2.9375195740682742,0.5919614721357251,-2948.0,2999.124889282551,MISMATCH,True
BANKBARODA,2023-03,Financials,15.877802821074463,40.45480037670762,14.282994621864736,2.6409062430274783,0.9833727752870327,6329.0,6288.545199623292,MISMATCH,True
BANKBARODA,2024-03,Financials,15.93948250956673,37.4889127294537,15.761863790899902,2.8204469854601983,1.1402758683204666,4102.0,4064.5110872705463,MISMATCH,True
BEL,2013-03,Industrials,14.522556990275785,10.664753706360592,15183.333333333334,2230.0,2024.4444444444443,11.0,0.3352462936394076,PASS,False
BEL,2014-03,Industrials,14.605707272169377,14.191469776004908,13600.0,3303.5714285714284,2069.5652173913045,14.0,0.191469776004908,PASS,False
BEL,2015-03,Industrials,16.875793035387,16.622021711546594,17100.0,3572.7272727272725,2442.8571428571427,17.0,0.37797828845340575,PASS,False
BEL,2016-03,Industrials,18.18058199619255,18.94207234158281,11141.666666666668,3764.8648648648646,2571.153846153846,19.0,0.05792765841718861,PASS,False
BEL,2017-03,Industrials,17.594731977818853,20.70240295748614,10153.333333333334,4072.7272727272725,1977.922077922078,21.0,0.29759704251386054,PASS,False
BEL,2018-03,Industrials,13.758292471877704,19.603884241899816,4616.129032258064,2581.012658227848,1182.6446280991736,20.0,0.3961157581001835,PASS,False
BEL,2019-03,Industrials,15.512989148306477,23.914830647813222,3851.020408163265,3030.208333333333,1497.6190476190477,24.0,0.08516935218677801,PASS,False
BEL,2020-03,Industrials,14.073103022825418,21.275447254781,3318.181818181818,2786.868686868687,1495.9016393442623,21.0,0.27544725478099963,PASS,False
BEL,2021-03,Industrials,14.88411652136934,22.779785952229073,3559.322033898305,2975.925925925926,1381.578947368421,23.0,0.22021404777092712,PASS,False
BEL,2022-03,Industrials,15.616866215512754,21.759500260281104,3478.260869565217,2633.070866141732,1472.3926380368098,22.0,0.2404997397188957,PASS,False
BEL,2023-03,Industrials,16.837712867937295,23.063042742754032,3981.333333333333,3587.7192982456136,2073.611111111111,23.0,0.06304274275403188,PASS,False
BEL,2024-03,Industrials,19.661535425300965,24.921057825143084,4744.047619047619,3977.165354330709,2475.1552795031057,25.0,0.07894217485691613,PASS,False
BHARTIARTL,2013-03,Communication Services,2.9461837368578374,29.838720158030853,4.50498787806526,19.61420834116421,1.43508261062227,30.0,0.16127984196914724,PASS,False
BHARTIARTL,2014-03,Communication Services,3.516025342401938,30.87673530233858,5.05221233014258,19.544127620676438,1.6634342009565162,31.0,0.12326469766141912,PASS,False
BHARTIARTL,2015-03,Communication Services,5.252806942695706,34.96529692719118,12.690750936470824,27.276121826092602,2.7745563073337767,35.0,0.034703072808817126,PASS,False
BHARTIARTL,2016-03,Communication Services,7.140637301620188,35.2049061451125,10.323498577205331,20.299135088641467,3.0707616094657686,35.0,0.2049061451125027,PASS,False
BHARTIARTL,2017-03,Communication Services,4.442326224494071,37.00716470440357,6.286967994426079,20.21803198947037,1.8254835960434226,37.0,0.00716470440357142,PASS,False
BHARTIARTL,2018-03,Communication Services,2.6428199760403683,36.398068708479045,3.1408643129359315,16.630268315742335,0.8752770307909956,36.0,0.39806870847904463,PASS,False
BHARTIARTL,2019-03,Communication Services,2.0896261450854174,31.894033176528847,2.3633843439788302,13.088071688739197,0.6159999416113799,32.0,0.10596682347115305,PASS,False
BHARTIARTL,2020-03,Communication Services,-35.02895852134477,41.821359622568224,-39.748525503921186,16.244181867393166,-8.53933961029377,42.0,0.1786403774317762,PASS,False
BHARTIARTL,2021-03,Communication Services,-12.28830404707005,45.00178897988392,-20.972639221074417,20.420045278662204,-3.58983441583894,45.0,0.0017889798839192395,PASS,False
BHARTIARTL,2022-03,Communication Services,7.125880546045801,49.36549203325697,12.478588815097515,24.354871482271665,2.299235618357341,49.0,0.3654920332569702,PASS,False
BHARTIARTL,2023-03,Communication Services,8.830356822020196,51.22282511049624,15.84131609143535,23.477599206806705,2.7638750486439307,51.0,0.2228251104962382,PASS,False
BHARTIARTL,2024-03,Communication Services,5.706018055499993,52.20093077836007,10.35839213740181,26.253894054880604,1.9361158683224027,52.0,0.20093077836006756,PASS,False
BHEL,2013-03,Industrials,13.686276915526655,19.39144837740016,21.90906412648532,28.522874244292716,9.319390682001726,19.0,0.3914483774001596,PASS,False
BHEL,2014-03,Industrials,8.852152372285838,11.574530471929426,10.557414609146544,12.093281216987112,4.648816556265016,12.0,0.4254695280705736,PASS,False
BHEL,2015-03,Industrials,4.629186220987772,6.835232895955048,4.238898471073172,5.931405141843971,2.042742628516687,7.0,0.16476710404495165,PASS,False
BHEL,2016-03,Industrials,-2.768084689276612,-5.320525387178984,-2.1847439269689,-4.172046977802373,-1.0765969775988533,-5.0,0.32052538717898393,PASS,False
BHEL,2017-03,Industrials,1.5984542420516425,3.846829439662744,1.4047979252215257,3.364572130895683,0.7374631268436578,4.0,0.15317056033725596,PASS,False
BHEL,2018-03,Industrials,1.5194088875013008,5.734207513789156,1.3545693520952529,5.094775774387425,0.6850172036284017,6.0,0.2657924862108443,PASS,False
BHEL,2019-03,Industrials,3.2916132847146935,6.675207778982293,3.2422987315557856,6.065309533759178,1.553729260350442,7.0,0.3247922210177068,PASS,False
BHEL,2020-03,Industrials,-6.839677584680613,-0.6196710618273308,-5.12212142358688,-0.3941908713692946,-2.4348576072714003,-1.0,0.3803289381726692,PASS,False
BHEL,2021-03,Industrials,-15.59882142238142,-17.615113524755905,-10.391409767925182,-9.856468610590289,-4.824874910650465,-18.0,0.3848864752440946,PASS,False
BHEL,2022-03,Industrials,2.0979680354533023,3.9036349064164817,1.678865162604693,2.642328312484044,0.7808250425505782,4.0,0.0963650935835183,PASS,False
BHEL,2023-03,Industrials,2.7990584207147444,4.468221699122619,2.682746738862909,3.4995977473853577,1.1341564927857937,4.0,0.46822169912261913,PASS,False
BHEL,2024-03,Industrials,1.180262001423011,2.9757669610346125,1.1539405843358703,2.1355199134979275,0.4716665551615709,3.0,0.024233038965387532,PASS,False
BOSCHLTD,2012-12,Consumer Discretionary,11.063633213996997,15.59071486314817,17.19002332675399,23.263829053937616,12.123513034674765,16.0,0.40928513685183,PASS,False
BOSCHLTD,2013-12,Consumer Discretionary,10.106200753682767,14.71965284914925,14.061010486177311,19.90118882198549,9.95388595208638,15.0,0.28034715085074957,PASS,False
BOSCHLTD,2015-03,Consumer Discretionary,11.070660268078768,16.390865464173423,18.211514904042467,26.562080986859748,12.82714984181766,16.0,0.39086546417342305,PASS,False
BOSCHLTD,2016-03,Consumer Discretionary,15.781878156891041,19.3588289867024,16.056633455689564,19.593114241001565,12.314003056382209,19.0,0.3588289867023988,PASS,False
BOSCHLTD,2017-03,Consumer Discretionary,16.684235745088642,18.811691423095354,19.786339356745085,22.309353335606318,14.754237288135593,19.0,0.18830857690464597,PASS,False
BOSCHLTD,2018-03,Consumer Discretionary,11.72797262617622,17.904191616766468,13.736098587315901,20.96984270113215,9.844187549364545,18.0,0.09580838323353191,PASS,False
BOSCHLTD,2019-03,Consumer Discretionary,13.223003723624327,17.823748448489862,17.508491289580366,23.60030678207516,12.572777340676634,18.0,0.17625155151013772,PASS,False
BOSCHLTD,2020-03,Consumer Discretionary,6.604348709611868,15.068075594391384,7.011866235167206,15.871147260273974,4.87987987987988,15.0,0.06807559439138444,PASS,False
BOSCHLTD,2021-03,Consumer Discretionary,4.959868285655484,11.967483021197777,4.9068512674335745,11.774830414093348,3.262488154866658,12.0,0.032516978802222596,PASS,False
BOSCHLTD,2022-03,Consumer Discretionary,10.329315905618742,12.408759124087592,11.386601796407184,13.58609794628752,7.897469175859831,12.0,0.40875912408759163,PASS,False
BOSCHLTD,2023-03,Consumer Discretionary,9.538482148837831,12.124053854913257,12.930173431399256,16.35640701247063,8.758226213174241,13.0,0.8759461450867434,PASS,False
BOSCHLTD,2024-03,Consumer Discretionary,14.886112273569676,12.524660728164047,20.639920424403183,17.30975791126167,14.34745030250648,13.0,0.4753392718359528,PASS,False
BPCL,2013-03,Energy,0.7994021000821699,2.770242091658718,11.540983606557377,13.436273331731154,2.4313055709047067,3.0,0.22975790834128196,PASS,False
BPCL,2014-03,Energy,1.5327829484042492,3.5602316003645704,20.848765432098766,17.90006084575601,4.581731856206195,4.0,0.4397683996354296,PASS,False
BPCL,2015-03,Energy,2.0948235352311233,4.031360522345609,22.524598883077743,20.352103883131477,5.887259331340794,4.0,0.03136052234560882,PASS,False
BPCL,2016-03,Energy,4.306897745121529,6.906264142906584,29.103403612290425,25.342893986167013,9.359885214412996,7.0,0.09373585709341636,PASS,False
BPCL,2017-03,Energy,4.723951682227666,6.84866162155716,30.847853596807163,20.712611204616493,8.715142181398162,7.0,0.1513383784428397,PASS,False
BPCL,2018-03,Energy,4.150999385319739,6.493143135717163,26.740216827330077,20.62117989175799,8.13586360463957,6.0,0.49314313571716273,PASS,False
BPCL,2019-03,Energy,2.859576294488073,5.067297955241997,21.999226106023475,18.075690158365628,6.228181645560376,5.0,0.06729795524199744,PASS,False
BPCL,2020-03,Energy,1.2882504251999494,3.1538591287969298,10.035037775101282,8.798329542780959,2.4300676123558262,3.0,0.15385912879692976,PASS,False
BPCL,2021-03,Energy,7.524840227483046,9.124086005621908,32.340584445896745,19.429718652566912,10.759234181068221,9.0,0.12408600562190841,PASS,False
BPCL,2022-03,Energy,3.3685995311297003,5.518309298684223,22.50650226375108,16.435215005281737,6.229436513819196,6.0,0.4816907013157774,PASS,False
BPCL,2023-03,Energy,0.45035049568141133,2.3033177158290488,3.9815403011845594,8.868329834496901,1.1328538241126156,2.0,0.30331771582904876,PASS,False
BPCL,2024-03,Energy,5.994201967046283,9.837909494446341,35.511337343822305,33.84830382235054,13.26907686075349,10.0,0.16209050555365856,PASS,False
BRITANNIA,2013-03,Consumer Staples,4.203718674211803,6.806790622473727,46.59498207885305,44.882729211087415,13.807753584705257,7.0,0.19320937752627287,PASS,False
BRITANNIA,2014-03,Consumer Staples,5.713872414291914,9.069868363951974,49.49874686716792,66.13924050632912,18.74703369719981,9.0,0.06986836395197393,PASS,False
BRITANNIA,2015-03,Consumer Staples,8.768134385339781,11.071519470603207,55.34136546184739,62.589928057553955,24.668814894378805,11.0,0.07151947060320651,PASS,False
BRITANNIA,2016-03,Consumer Staples,9.824937477670597,14.576634512325832,39.4359464627151,55.06072874493927,23.611906124785346,15.0,0.42336548767416815,PASS,False
BRITANNIA,2017-03,Consumer Staples,9.774685222001326,14.115308151093439,32.826409495548965,45.30308401276143,21.538087125821367,14.0,0.11530815109343884,PASS,False
BRITANNIA,2018-03,Consumer Staples,10.127092999798265,15.14020576961872,29.47739283617146,41.613529248683115,19.35235158057055,15.0,0.14020576961872067,PASS,False
BRITANNIA,2019-03,Consumer Staples,10.44776119402985,15.66711895070104,27.157300728897248,39.283284191426624,18.515549855722988,16.0,0.33288104929896,PASS,False
BRITANNIA,2020-03,Consumer Staples,12.017241379310345,15.887931034482758,31.66023166023166,31.021713516243054,17.803320561941252,16.0,0.11206896551724199,PASS,False
BRITANNIA,2021-03,Consumer Staples,14.091047503045068,19.10018270401949,52.17023675310034,44.25044091710759,23.1375,19.0,0.10018270401948826,PASS,False
BRITANNIA,2022-03,Consumer Staples,10.724391624221845,15.570175438596493,59.26505082095387,43.67930144870014,20.14082635844294,16.0,0.4298245614035068,PASS,False
BRITANNIA,2023-03,Consumer Staples,14.207717317955954,17.36703269738053,65.53480475382003,43.3471137651202,24.767404555662495,17.0,0.36703269738053024,PASS,False
BRITANNIA,2024-03,Consumer Staples,12.725863199952292,18.886039716142882,54.14869322506978,52.730602730602726,23.522927689594354,19.0,0.11396028385711787,PASS,False
CANBK,2013-03,Financials,8.790724977986498,21.182858820076316,11.896250397203687,1.798781703620992,0.7142448321584265,655.0,633.8171411799237,MISMATCH,True
CANBK,2014-03,Financials,6.7525903462218855,24.351781652767247,8.854718981972429,2.0155243061438353,0.5332375421580954,-672.0,696.3517816527673,MISMATCH,True
CANBK,2015-03,Financials,6.689795266245178,23.513569032022456,9.020682014034225,1.9365389676303622,0.52474407313117,-621.0,644.5135690320225,MISMATCH,True
CANBK,2016-03,Financials,-5.756261495492632,40.38465905220373,-7.821659981487196,3.2988822567062743,-0.44968734755421524,-8008.0,8048.3846590522035,MISMATCH,True
CANBK,2017-03,Financials,3.403526545577345,37.84885544057698,4.06804093988756,2.755015863595901,0.23668182481519193,-5775.0,5812.848855440577,MISMATCH,True
CANBK,2018-03,Financials,-9.367517233039061,61.874470915467406,-10.496788356776973,4.259031420803692,-0.6133647960597687,-13350.0,13411.874470915467,MISMATCH,True
CANBK,2019-03,Financials,1.4514817209234425,56.72874392609122,1.8466926689484995,4.012952622611031,0.09778261071141064,-11590.0,11646.72874392609,MISMATCH,True
CANBK,2020-03,Financials,-3.8606081311923472,53.87769046805603,-4.661942435567636,3.779236963190184,-0.2590904186447993,-12867.0,12920.877690468056,MISMATCH,True
CANBK,2021-03,Financials,4.2090729221527905,61.82938806883692,4.73802275276398,3.86653824790281,0.25069094731844616,-18367.0,18428.829388068836,MISMATCH,True
CANBK,2022-03,Financials,8.720650295975302,58.39493584841533,8.802046854676176,3.428857953728088,0.4892003346073091,-13657.0,13715.394935848415,MISMATCH,True
CANBK,2023-03,Financials,13.209524363975083,49.80147872154625,14.534809234632434,3.2520943359787835,0.821488309450193,-9877.0,9926.801478721547,MISMATCH,True
CANBK,2024-03,Financials,13.935160470145405,41.753906568101414,16.716051794688113,3.15654898752525,1.0033107103630055,-7745.0,7786.753906568101,MISMATCH,True
CHOLAFIN,2013-03,Financials,11.98443579766537,26.770428015564203,15.778688524590164,3.995122234481157,1.6897081413210446,472.0,445.2295719844358,MISMATCH,True
CHOLAFIN,2014-03,Financials,11.222933821286977,28.42329978652028,16.09094884127678,4.577153521265101,1.708132194578537,578.0,549.5767002134797,MISMATCH,True
CHOLAFIN,2015-03,Financials,11.951547779273216,28.559892328398384,16.598130841121495,4.68950276243094,1.860231271995978,696.0,667.4401076716016,MISMATCH,True
CHOLAFIN,2016-03,Financials,13.64499288087328,30.042714760322735,15.66757493188011,4.8291119926762285,2.0617447739252035,899.0,868.9572852396773,MISMATCH,True
CHOLAFIN,2017-03,Financials,15.296122709842352,28.163613123135917,16.70544439274081,4.660016214882442,2.3465585986012156,1143.0,1114.836386876864,MISMATCH,True
CHOLAFIN,2018-03,Financials,16.51376146788991,26.101816873538407,17.912195121951218,3.339086411230008,2.078474879434872,1451.0,1424.8981831264616,MISMATCH,True
CHOLAFIN,2019-03,Financials,16.840180078784467,22.960045019696118,19.281572164948454,2.8745046235138707,2.0821012349973906,1888.0,1865.039954980304,MISMATCH,True
CHOLAFIN,2020-03,Financials,12.098255280073463,27.789256198347108,12.853658536585366,3.830393165097698,1.6453838708670268,1699.0,1671.2107438016528,MISMATCH,True
CHOLAFIN,2021-03,Financials,15.871856412396953,30.397579046227698,15.84375,3.972453293331515,2.0376721504742514,2094.0,2063.6024209537723,MISMATCH,True
CHOLAFIN,2022-03,Financials,21.225857311785575,28.83326763894363,18.302319653326535,3.6148894901350337,2.6116055190475036,2924.0,2895.1667323610563,MISMATCH,True
CHOLAFIN,2023-03,Financials,20.684570009313877,28.104625892579943,18.576606719643106,3.241602807419609,2.3453932604046575,3515.0,3486.89537410742,MISMATCH,True
CHOLAFIN,2024-03,Financials,17.846892448990243,28.10102802275218,17.455213596692694,3.495209907313654,2.1827093677801463,4548.0,4519.898971977248,MISMATCH,True
CIPLA,2013-03,Healthcare,18.661674115231307,73.25763981157145,17.130502272979268,60.73502904065692,13.252702007205352,2214.0,2140.7423601884284,MISMATCH,False
CIPLA,2014-03,Healthcare,13.80123857269242,78.89511451882434,13.968759327430105,71.03283476413841,10.477611940298507,2147.0,2068.1048854811756,MISMATCH,False
CIPLA,2015-03,Healthcare,10.832966064345527,80.94314676068753,11.377522680985003,73.43462614954018,7.84301212507977,2163.0,2082.0568532393127,MISMATCH,False
CIPLA,2016-03,Healthcare,10.029006526468455,82.01595358955765,12.00833550403751,67.64758657814463,6.570383391134971,2480.0,2397.9840464104423,MISMATCH,False
CIPLA,2017-03,Healthcare,7.190496040016674,82.65944143393081,8.250956632653061,71.42942906885995,4.959509320044084,2496.0,2413.3405585660694,MISMATCH,False
CIPLA,2018-03,Healthcare,9.349432567959884,81.3473211929269,9.958535385480358,67.27233044142523,6.249724341728047,2826.0,2744.6526788070732,MISMATCH,False
CIPLA,2019-03,Healthcare,9.118689646742451,81.07199608849774,9.938715694111377,68.63100165562915,6.278932749768538,3097.0,3015.9280039115024,MISMATCH,False
CIPLA,2020-03,Healthcare,8.755545178613122,81.28648143824422,9.515955084692001,74.95559502664298,6.403961917773129,3206.0,3124.713518561756,MISMATCH,False
CIPLA,2021-03,Healthcare,12.468684759916492,77.80271398747391,13.036123540325221,73.28908554572271,9.611748139207403,4252.0,4174.197286012526,MISMATCH,False
CIPLA,2022-03,Healthcare,11.703349722005237,79.08376602490466,12.221102634230602,78.59980819290314,9.483561082771716,4553.0,4473.916233975096,MISMATCH,False
CIPLA,2023-03,Healthcare,12.45110534874522,77.90621017008746,12.103216986371597,73.21767864518793,9.668941979522184,5027.0,4949.093789829913,MISMATCH,False
CIPLA,2024-03,Healthcare,16.11701714906495,75.59168153953597,15.554557028383135,71.45791307537137,12.768573448498447,6291.0,6215.408318460464,MISMATCH,False
COALINDIA,2013-03,Materials,25.41030408620412,73.51946473800565,35.80623865324311,100.88193342306688,15.638431111071066,18087.0,18013.480535261995,MISMATCH,False
COALINDIA,2014-03,Materials,21.402673917969636,74.83854520734195,35.63814734459013,124.0946878962942,14.400884331700622,17766.0,17691.16145479266,MISMATCH,False
COALINDIA,2015-03,Materials,18.519967620075555,76.60145709660011,34.01729735087849,139.2924609307917,12.336991201344514,17343.0,17266.3985429034,MISMATCH,False
COALINDIA,2016-03,Materials,18.323679377351947,75.96486045645446,40.95828668216921,164.15130994671404,12.563402606551602,18714.0,18638.035139543546,MISMATCH,False
COALINDIA,2017-03,Materials,11.872473261347935,84.0745100046057,37.84974304592544,238.68952491646084,7.8254783407962085,12448.0,12363.925489995394,MISMATCH,False
COALINDIA,2018-03,Materials,8.25629956360565,89.10421847871991,34.87957181088314,349.7697550193406,5.60926429214719,9288.0,9198.89578152128,MISMATCH,False
COALINDIA,2019-03,Materials,17.536601530335588,74.88904062820076,66.01398601398601,260.1744287458573,13.128754106494464,25007.0,24932.1109593718,MISMATCH,False
COALINDIA,2020-03,Materials,17.38134887593672,77.53955037468776,51.93270516528283,193.05019305019303,11.131849086788428,21581.0,21503.460449625312,MISMATCH,False
COALINDIA,2021-03,Materials,14.109257325661476,79.3081998533757,34.78284681526918,168.3835668128862,7.886942645497388,18628.0,18548.691800146626,MISMATCH,False
COALINDIA,2022-03,Materials,15.839219796746114,77.46889668687052,40.27999907285075,182.1698780461667,9.684790120154261,24721.0,24643.53110331313,MISMATCH,False
COALINDIA,2023-03,Materials,22.94578016954547,68.00624945751237,52.13911214108443,144.25998097400804,14.328623823375308,44232.0,44163.99375054249,MISMATCH,False
COALINDIA,2024-03,Materials,26.25628846856468,66.29380849329698,45.16982956605826,105.7129732333927,15.802850255846407,47971.0,47904.7061915067,MISMATCH,False
DABUR,2013-03,Consumer Staples,12.47557003257329,16.156351791530945,36.563245823389025,30.560690080098585,16.266723295816522,16.0,0.1563517915309447,PASS,False
DABUR,2014-03,Consumer Staples,12.978180787758573,16.463587418532164,34.48795180722892,34.54221165279429,17.24397590361446,16.0,0.463587418532164,PASS,False
DABUR,2015-03,Consumer Staples,13.701090442591404,16.93393200769724,31.84257602862254,32.28962818003914,17.490992466426466,17.0,0.06606799230275939,PASS,False
DABUR,2016-03,Consumer Staples,16.118251928020566,19.511568123393317,30.064732678014867,30.5064308681672,18.09001731102135,20.0,0.48843187660668264,PASS,False
DABUR,2017-03,Consumer Staples,16.811137378513266,19.858156028368796,26.408087476789767,25.97045688766747,16.554578375581997,20.0,0.14184397163120366,PASS,False
DABUR,2018-03,Consumer Staples,17.586117586117584,20.94017094017094,23.79950928846828,24.337748344370862,15.605607906228453,21.0,0.059829059829059617,PASS,False
DABUR,2019-03,Consumer Staples,16.981796829125074,20.434527304756312,25.67471590909091,27.483809824672246,17.13879340997985,20.0,0.43452730475631185,PASS,False
DABUR,2020-03,Consumer Staples,16.672423719055843,20.63327576280944,21.91946715107478,25.140291806958476,15.50819320981043,21.0,0.36672423719056013,PASS,False
DABUR,2021-03,Consumer Staples,17.72641706755909,20.937042459736457,22.116388308977037,24.49528936742934,15.646635281085572,21.0,0.06295754026354317,PASS,False
DABUR,2022-03,Consumer Staples,15.997795940857745,20.681421618146754,20.782629444046766,23.926901827454312,14.181048518397915,21.0,0.3185783818532464,PASS,False
DABUR,2023-03,Consumer Staples,14.752818733738074,18.751084128360798,18.956870611835505,21.306790184290925,12.459712862584237,19.0,0.24891587163920192,PASS,False
DABUR,2024-03,Consumer Staples,14.600128990648178,19.348597226701063,18.355969997972835,21.369423915946932,11.980682720296375,19.0,0.3485972267010631,PASS,False
DIVISLAB,2013-03,Healthcare,28.065268065268068,38.04195804195804,24.070371851259495,32.202052091554854,19.17808219178082,38.0,0.04195804195803987,PASS,False
DIVISLAB,2014-03,Healthcare,30.529225908372826,40.20537124802528,26.07962213225371,34.13816230717639,20.835579514824797,40.0,0.20537124802527984,PASS,False
DIVISLAB,2015-03,Healthcare,27.351524879614768,37.65650080256822,24.37070938215103,33.29548680102186,19.3416572077185,38.0,0.3434991974317825,PASS,False
DIVISLAB,2016-03,Healthcare,29.81991525423729,37.6853813559322,26.22874446773818,32.825836216839676,22.988975091874234,38.0,0.3146186440677994,PASS,False
DIVISLAB,2017-03,Healthcare,26.08267716535433,35.67913385826771,19.787194325182007,26.88670498794734,17.221770917952885,36.0,0.32086614173228867,PASS,False
DIVISLAB,2018-03,Healthcare,22.539193009509123,32.61372397841172,14.801687763713081,21.19238476953908,12.92557111274871,33.0,0.3862760215882801,PASS,False
DIVISLAB,2019-03,Healthcare,27.355438738374442,37.88920339668419,19.448037947391118,26.532634857709187,16.83673469387755,38.0,0.11079660331581209,PASS,False
DIVISLAB,2020-03,Healthcare,25.528364849833146,33.852428624397476,18.83720930232558,24.84691794802014,16.14113234087446,34.0,0.1475713756025243,PASS,False
DIVISLAB,2021-03,Healthcare,28.46893384990673,41.13933132443679,21.34480903711673,30.827956989247312,18.419831027759727,41.0,0.13933132443678886,PASS,False
DIVISLAB,2022-03,Healthcare,33.035714285714285,43.359375,25.2387448840382,33.1145584725537,22.15568862275449,43.0,0.359375,PASS,False
DIVISLAB,2023-03,Healthcare,23.483970645036695,30.513711857860176,14.286833241951907,18.557669720460417,12.64471403812825,31.0,0.4862881421398235,PASS,False
DIVISLAB,2024-03,Healthcare,20.395156150414277,28.170809432759718,11.78984599513669,16.281125681449833,10.34928848641656,28.0,0.17080943275971805,PASS,False
DLF,2013-03,Real Estate,8.580985462498392,33.87366525151164,2.5924054568774535,5.031626822603146,1.031757080761675,34.0,0.12633474848836102,PASS,False
DLF,2014-03,Real Estate,7.1101470233791275,30.04338394793926,2.1536776784084686,4.8381462505822075,0.9143742735373886,30.0,0.0433839479392617,PASS,False
DLF,2015-03,Real Estate,6.628317427114655,39.40384363969146,1.8524608133289489,5.811352768779885,0.7651444266698862,39.0,0.4038436396914591,PASS,False
DLF,2016-03,Real Estate,3.07273826314729,39.955671972597216,1.2671901616186798,8.039243508402084,0.4940951578674529,40.0,0.04432802740278419,PASS,False
DLF,2017-03,Real Estate,8.612090986497993,41.9170417224182,2.881211085337566,6.408182240818223,1.1070456890890328,42.0,0.08295827758180252,PASS,False
DLF,2018-03,Real Estate,66.75115550916952,35.455494259728646,12.678768655659708,4.503617287223969,7.3896178922175455,35.0,0.45549425972864555,PASS,False
DLF,2019-03,Real Estate,15.706430791298112,25.67535261773847,3.913509649749821,4.228512933580062,1.9764451062677677,26.0,0.32464738226153145,PASS,False
DLF,2020-03,Real Estate,-9.699161597895776,18.839388459641622,-1.7127761488663744,2.693301997649824,-1.0556450169976739,19.0,0.16061154035837788,PASS,False
DLF,2021-03,Real Estate,20.003694126339123,27.133357960842257,3.0641693073789047,3.478569737153682,2.024753215674544,27.0,0.13335796084225748,PASS,False
DLF,2022-03,Real Estate,26.237537169844323,30.488018191359107,4.125185633353501,4.2990331491712706,2.931576992983759,30.0,0.4880181913591066,PASS,False
DLF,2023-03,Real Estate,35.71553994732221,30.307287093942055,5.397086528511158,4.207600984861413,3.8689796850034237,30.0,0.30728709394205467,PASS,False
DLF,2024-03,Real Estate,42.38369379181578,33.04807841916913,6.908270142781061,4.7983734327346665,4.611555976908361,33.0,0.048078419169129916,PASS,False
DMART,2013-03,Consumer Discretionary,2.8135288835677943,6.435199042202933,11.913814955640051,16.34980988593156,6.3002680965147455,6.0,0.4351990422029326,PASS,False
DMART,2014-03,Consumer Discretionary,3.4357661118224496,7.276995305164319,16.84100418410042,21.35253600500939,8.904867256637168,7.0,0.27699530516431903,PASS,False
DMART,2015-03,Consumer Discretionary,3.292436713775431,7.081845006988663,17.666666666666668,21.673003802281368,9.00212314225053,7.0,0.08184500698866337,PASS,False
DMART,2016-03,Consumer Discretionary,3.727865796831314,7.735321528424977,21.038790269559502,24.474751197935866,10.31592520954223,8.0,0.26467847157502344,PASS,False
DMART,2017-03,Consumer Discretionary,4.025886703647672,8.144225920322743,12.467464862051015,18.14946619217082,8.23165492352638,8.0,0.14422592032274295,PASS,False
DMART,2018-03,Consumer Discretionary,5.361537949843678,9.000199560965875,17.262797172842152,26.487862176977288,14.270538243626063,9.0,0.0001995609658749231,PASS,False
DMART,2019-03,Consumer Discretionary,4.508872781804548,8.162959260184955,16.144621442634687,25.974232543343405,12.874678846702825,8.0,0.1629592601849552,PASS,False
DMART,2020-03,Consumer Discretionary,5.231202251708886,8.556493767591476,11.74187725631769,18.645404363445195,10.77343491222259,9.0,0.4435062324085237,PASS,False
DMART,2021-03,Consumer Discretionary,4.5520440707451435,7.227767883030278,9.020026263952726,13.874532877474754,8.048333943610398,7.0,0.22776788303027828,PASS,False
DMART,2022-03,Consumer Discretionary,4.8166322314049586,8.077221074380166,10.908027489399034,17.465968586387433,9.64384978346584,8.0,0.07722107438016579,PASS,False
DMART,2023-03,Consumer Discretionary,5.550887021475257,8.494397759103641,14.790396815524318,21.763052449016207,13.134493233913282,8.0,0.4943977591036415,PASS,False
DMART,2024-03,Consumer Discretionary,4.993207190533383,8.084427730414067,13.56294790886726,21.28564022809746,11.978084262233137,8.0,0.08442773041406682,PASS,False
DRREDDY,2013-03,Healthcare,12.904588861658075,22.555564945491422,23.97550635892605,26.55457168440951,11.41255605381166,23.0,0.44443505450857757,PASS,False
DRREDDY,2014-03,Healthcare,14.632873648900485,24.23406634364517,24.958677685950413,26.340949602981688,12.341254872375204,24.0,0.23406634364517132,PASS,False
DRREDDY,2015-03,Healthcare,15.549490780802769,23.35086201158224,23.708515173043743,24.761770311286792,12.656444709324374,23.0,0.3508620115822403,PASS,False
DRREDDY,2016-03,Healthcare,13.688335046248715,23.028006166495373,16.95441164770467,22.51742980968532,10.482046237088047,23.0,0.028006166495373463,PASS,False
DRREDDY,2017-03,Healthcare,9.101155255001409,17.413355874894336,10.536617191322787,14.388824214202561,5.966565068809458,17.0,0.4133558748943358,PASS,False
DRREDDY,2018-03,Healthcare,6.631188292136406,16.462432602758913,7.532612153993,13.325398174913564,4.237326054857041,16.0,0.46243260275891274,PASS,False
DRREDDY,2019-03,Healthcare,12.622993267736923,20.572242361470742,13.904734740444951,17.791960586720414,8.698367383352663,21.0,0.42775763852925763,PASS,False
DRREDDY,2020-03,Healthcare,11.565907404235885,14.140549180795798,12.988012052054618,13.908697849401989,8.724109718813246,14.0,0.14054918079579792,PASS,False
DRREDDY,2021-03,Healthcare,10.247795044099119,20.338093238135237,11.06513236211099,18.74032507739938,7.341657890777794,20.0,0.3380932381352366,PASS,False
DRREDDY,2022-03,Healthcare,10.127639823624971,17.488976560686933,11.35748490526754,16.675517790759425,7.335440059167619,17.0,0.4889765606869325,PASS,False
DRREDDY,2023-03,Healthcare,18.269152817186868,26.22618565058776,19.35497723954307,26.265578695246216,13.992983327641342,26.0,0.22618565058775886,PASS,False
DRREDDY,2024-03,Healthcare,19.913605369319196,28.321016743422227,19.74233736816026,26.219592808038072,14.383702939659617,28.0,0.3210167434222271,PASS,False
EICHERMOT,2012-12,Consumer Discretionary,7.433489827856025,8.607198748043817,27.065527065527068,30.93363329583802,10.624021471706554,9.0,0.39280125195618254,PASS,False
EICHERMOT,2013-12,Consumer Discretionary,7.709251101321586,10.499265785609397,25.547445255474454,33.42683496961197,9.83698707138842,11.0,0.5007342143906026,PASS,False
EICHERMOT,2014-12,Consumer Discretionary,8.033875028610666,12.794689860379949,27.90143084260731,43.43434343434344,10.963610807434016,13.0,0.2053101396200514,PASS,False
EICHERMOT,2016-03,Consumer Discretionary,21.675036449052325,27.37728819050705,36.627429509991785,45.97388465723613,27.090504150637777,27.0,0.3772881905070484,PASS,False
EICHERMOT,2017-03,Consumer Discretionary,23.702545144319636,30.911417602729983,31.18802619270346,39.83873923401136,23.783706662862034,31.0,0.0885823972700166,PASS,False
EICHERMOT,2018-03,Consumer Discretionary,21.862799776910204,31.3329615170106,27.880512091038405,39.117114607993315,20.583910943079182,31.0,0.33296151701059884,PASS,False
EICHERMOT,2019-03,Consumer Discretionary,22.486475451668877,29.641727059303868,24.702848172235928,31.89456342668863,19.34662334240801,30.0,0.358272940696132,PASS,False
EICHERMOT,2020-03,Consumer Discretionary,19.958488092637097,23.847498361372075,18.30477908025248,21.339198435972627,14.674698795180724,24.0,0.15250163862792476,PASS,False
EICHERMOT,2021-03,Consumer Discretionary,15.447247706422019,20.44724770642202,11.776534359153699,15.295530582482627,9.252009066556768,20.0,0.4472477064220186,PASS,False
EICHERMOT,2022-03,Consumer Discretionary,16.284715478733737,21.149737813167604,13.301078680203046,17.1280276816609,10.390334572490707,21.0,0.14973781316760437,PASS,False
EICHERMOT,2023-03,Consumer Discretionary,20.177260767206757,23.8609610857222,19.43962641761174,22.555308286424925,15.178664444212938,24.0,0.13903891427780124,PASS,False
EICHERMOT,2024-03,Consumer Discretionary,24.195694242864054,26.179245283018872,22.172346910501524,23.445623916811094,17.309106640709494,26.0,0.17924528301887221,PASS,False
GAIL,2013-03,Energy,8.567112645662494,14.570173029387531,15.166354101548935,16.40745813634958,7.301576685783076,15.0,0.4298269706124689,PASS,False
GAIL,2014-03,Energy,7.7487250060714,12.932890795758114,14.746117821050037,15.664895181691604,7.157705825170119,13.0,0.06710920424188593,PASS,False
GAIL,2015-03,Energy,5.21822415245141,9.298677279257559,9.288107695020868,10.764054823848756,4.53573325295325,9.0,0.29867727925755894,PASS,False
GAIL,2016-03,Energy,3.6001767429350853,8.71419514725376,5.147927368623465,9.97910020899791,3.1728831925232375,9.0,0.28580485274624046,PASS,False
GAIL,2017-03,Energy,6.949250288350635,12.40113692535838,8.584149599287622,13.129661127829387,5.788200579849376,12.0,0.4011369253583794,PASS,False
GAIL,2018-03,Energy,8.817160892542573,14.31664709336465,11.528587538088725,17.126550323784436,7.831727869867815,14.0,0.3166470933646508,PASS,False
GAIL,2019-03,Energy,8.600866255414097,13.04370652316577,14.244413529258326,20.606286804346023,9.57676906439073,13.0,0.043706523165770506,PASS,False
GAIL,2020-03,Energy,13.120880333158663,12.44104911883946,19.31273849151579,16.059095763616945,12.697840766541225,12.0,0.4410491188394605,PASS,False
GAIL,2021-03,Energy,10.70731367217458,12.628111273792095,11.550900680681433,11.866350012284006,7.581142786622238,13.0,0.3718887262079047,PASS,False
GAIL,2022-03,Energy,13.262908267758974,16.342567640400993,19.19081635836167,20.67503068321287,12.739170048869378,16.0,0.3425676404009934,PASS,False
GAIL,2023-03,Energy,3.841612433753467,5.14869429112777,8.61891046868021,9.064210869801675,5.190853856500163,5.0,0.14869429112776977,PASS,False
GAIL,2024-03,Energy,7.433122166511544,10.743987750322754,12.861540060002339,14.489174115050965,7.939231170080571,11.0,0.2560122496772461,PASS,False
GODREJCP,2013-03,Consumer Staples,13.178415470991892,15.517779164067374,25.505584062782976,17.247356560929102,10.981156595191683,16.0,0.4822208359326261,PASS,False
GODREJCP,2014-03,Consumer Staples,10.777733912356888,15.383603105671797,21.695364238410598,19.014313597918022,9.84375,15.0,0.38360310567179745,PASS,False
GODREJCP,2015-03,Consumer Staples,11.797413272089932,16.66868125226641,22.639758756668986,19.621513944223107,10.695890410958905,17.0,0.33131874773359016,PASS,False
GODREJCP,2016-03,Consumer Staples,9.864672364672366,19.669990503323838,19.475041012420906,23.14892428052529,8.585597685711335,20.0,0.330009496676162,PASS,False
GODREJCP,2017-03,Consumer Staples,14.113077255071213,20.576176089771256,24.669935873255376,20.498763839621628,10.108191653786708,21.0,0.42382391022874444,PASS,False
GODREJCP,2018-03,Consumer Staples,16.593886462882097,21.163806235401644,26.110578459571748,21.339340569322136,11.785920369301788,21.0,0.16380623540164407,PASS,False
GODREJCP,2019-03,Consumer Staples,22.70700019391119,20.67093271281753,32.22787945507087,20.02065921682787,16.617000141904356,21.0,0.32906728718246825,PASS,False
GODREJCP,2020-03,Consumer Staples,15.104429421854505,21.733427504792655,18.95416561154723,18.7745140765275,10.060483870967742,22.0,0.2665724952073454,PASS,False
GODREJCP,2021-03,Consumer Staples,15.604315894460061,21.751745398494876,18.23286365081047,21.224453684862425,12.082280258354395,22.0,0.24825460150512413,PASS,False
GODREJCP,2022-03,Consumer Staples,14.524275008145976,19.623655913978492,15.429214260989962,18.167420814479637,11.08692948638229,20.0,0.3763440860215077,PASS,False
GODREJCP,2023-03,Consumer Staples,12.781616100931211,18.34635025533193,12.338697984630999,16.369606003752345,9.760853357802374,18.0,0.34635025533193087,PASS,False
GODREJCP,2024-03,Consumer Staples,-3.9798524404086266,20.977582292849036,-4.45308779171297,18.691529709228824,-3.050239234449761,21.0,0.02241770715096436,PASS,False
GRASIM,2013-03,Industrials,13.536851911569745,21.226127772403167,19.219616421630974,20.2828089156709,8.56242775876527,21.0,0.22612777240316717,PASS,False
GRASIM,2014-03,Industrials,10.42674102573153,17.348487522501856,13.66643534582466,15.704882413087933,6.1882017764370705,17.0,0.34848752250185555,PASS,False
GRASIM,2015-03,Industrials,8.136383689418288,16.209743492783765,11.158167675021607,14.667807242657544,4.778561249606722,16.0,0.20974349278376536,PASS,False
GRASIM,2016-03,Industrials,10.018267753066374,17.13979180560791,12.596157351708046,14.80192317323584,5.799315160467302,17.0,0.13979180560790994,PASS,False
GRASIM,2017-03,Industrials,11.772208051458357,20.480758567150936,13.527893713958008,18.194581280788178,6.766857379635679,20.0,0.4807585671509358,PASS,False
GRASIM,2018-03,Industrials,6.598203742798869,20.775038465667155,6.429455553424801,9.332079626459644,1.773938306581561,21.0,0.22496153433284505,PASS,False
GRASIM,2019-03,Industrials,3.5556994818652847,21.554404145077722,4.731127197518097,11.676619394135026,1.1384042434070012,22.0,0.4455958549222778,PASS,False
GRASIM,2020-03,Industrials,9.727187481685519,15.19808943327668,11.722847103279006,7.335407679796337,2.718884761713647,15.0,0.19808943327667983,PASS,False
GRASIM,2021-03,Industrials,9.144809172294645,24.39008428878069,10.668152807890799,12.88977118667515,2.613437865860729,24.0,0.3900842887806917,PASS,False
GRASIM,2022-03,Industrials,11.709386526786554,21.34878423422953,14.803365962562253,13.580558749825517,3.8755105499240874,21.0,0.3487842342295302,PASS,False
GRASIM,2023-03,Industrials,9.417905752930874,18.353779319373952,14.068730791699474,11.876378719448127,3.2889677961421873,18.0,0.35377931937395246,PASS,False
GRASIM,2024-03,Industrials,7.578371940325857,20.763028905617738,11.196462612658342,12.043417416566287,2.4085451668947577,21.0,0.2369710943822625,PASS,False
HAL,2013-03,Industrials,20.917085427135678,5.360134003350084,,,,5.0,0.36013400335008416,PASS,False
HAL,2014-03,Industrials,17.793194582094483,10.373306904525933,,,,10.0,0.37330690452593274,PASS,False
HAL,2015-03,Industrials,15.181182453909727,14.945963127781308,,,,15.0,0.05403687221869191,PASS,False
HAL,2016-03,Industrials,11.92266380236305,14.786967418546364,1664.9999999999998,1795.6521739130433,1135.2272727272727,15.0,0.21303258145363557,PASS,False
HAL,2017-03,Industrials,14.573816155988858,18.027855153203344,1966.9172932330828,2397.037037037037,1538.8235294117646,18.0,0.027855153203343974,PASS,False
HAL,2018-03,Industrials,10.729521032453155,18.683514228630056,1528.4615384615386,2601.503759398496,1196.987951807229,19.0,0.31648577136994405,PASS,False
HAL,2019-03,Industrials,11.72530987604958,22.835865653738505,1763.9097744360904,3240.425531914894,1340.5714285714287,23.0,0.1641343462614948,PASS,False
HAL,2020-03,Industrials,13.252506411750991,22.75588715318256,2059.4202898550725,3485.7142857142853,1642.7745664739884,23.0,0.2441128468174405,PASS,False
HAL,2021-03,Industrials,14.155231186085132,23.341491128397866,2249.3055555555557,3560.666666666667,1741.3978494623657,23.0,0.3414911283978661,PASS,False
HAL,2022-03,Industrials,20.65800162469537,22.014622258326565,3324.183006535948,3284.848484848485,2517.8217821782177,22.0,0.014622258326564719,PASS,False
HAL,2023-03,Industrials,21.57976827094474,24.766042780748663,3283.050847457627,2977.2321428571427,2144.280442804428,25.0,0.23395721925133728,PASS,False
HAL,2024-03,Industrials,24.999177117277245,32.08913465652875,3816.5829145728644,3027.639751552795,1687.7777777777776,32.0,0.08913465652874919,PASS,False
HAVELLS,2013-03,Industrials,8.142957252978276,9.446391030133146,40.29126213592233,27.805280528052805,13.032750112157917,9.0,0.44639103013314596,PASS,False
HAVELLS,2014-03,Industrials,5.539684511240839,9.650975034157247,26.770708283313326,28.566176470588232,8.364591147786946,10.0,0.34902496584275333,PASS,False
HAVELLS,2015-03,Industrials,4.546528105810109,8.915918752952292,21.177117711771174,33.675289919714544,8.04093567251462,9.0,0.08408124704770792,PASS,False
HAVELLS,2016-03,Industrials,17.118777982617857,10.481959441664472,42.94681202510737,25.18190446061373,29.63300661043994,10.0,0.4819594416644719,PASS,False
HAVELLS,2017-03,Industrials,8.05872756933116,13.295269168026099,15.079365079365079,23.392652123995408,9.558823529411764,13.0,0.29526916802609904,PASS,False
HAVELLS,2018-03,Industrials,8.144406111384919,12.727944800394283,17.721179624664877,26.86605981794538,10.003026634382566,13.0,0.2720551996057168,PASS,False
HAVELLS,2019-03,Industrials,7.822892881961679,11.803832026208678,18.770843258694615,27.7027027027027,11.024062674874092,12.0,0.19616797379132223,PASS,False
HAVELLS,2020-03,Industrials,7.786016949152542,11.302966101694915,17.045454545454543,24.338503649635037,10.39163014279655,11.0,0.3029661016949152,PASS,False
HAVELLS,2021-03,Industrials,9.983742947308023,15.195562780912308,20.166119374154917,27.88697788697789,11.793944871215544,15.0,0.19556278091230794,PASS,False
HAVELLS,2022-03,Industrials,8.58085808580858,12.73496914908882,19.923371647509576,26.81673968877474,11.365580157749692,13.0,0.26503085091117917,PASS,False
HAVELLS,2023-03,Industrials,6.3390692448702035,9.58547690852108,16.178690009055238,23.66768871368083,9.608317648113292,10.0,0.4145230914789195,PASS,False
HAVELLS,2024-03,Industrials,6.837009144701453,10.118343195266272,17.067275412917954,24.270967741935483,10.222794176787582,10.0,0.1183431952662719,PASS,False
HCLTECH,2013-06,Information Technology,15.792971345920801,22.203979516047063,30.689759951382555,39.97747747747748,18.036519487477122,22.0,0.20397951604706321,PASS,False
HCLTECH,2014-06,Information Technology,20.3086112493778,24.99688899950224,33.39130434782609,39.06553870089459,21.774516344229486,25.0,0.0031110004977605854,PASS,False
HCLTECH,2015-06,Information Technology,20.004904498515028,23.121985776954308,30.30878467635403,34.11868768092634,20.831323591998867,23.0,0.12198577695430757,PASS,False
HCLTECH,2017-03,Information Technology,18.091994618230743,21.84241506895392,26.119153843819237,30.98625152843637,18.805996241423014,22.0,0.15758493104608107,PASS,False
HCLTECH,2018-03,Information Technology,17.24772093575115,22.238921078130872,23.97075798383994,30.44149094551065,18.174998437141845,22.0,0.23892107813087193,PASS,False
HCLTECH,2019-03,Information Technology,16.747480430933194,23.04598937561024,24.46453609244307,30.565615328899714,17.343913348986273,23.0,0.0459893756102403,PASS,False
HCLTECH,2020-03,Information Technology,15.644631841077594,24.50053766483672,21.56748005539626,29.22383676775859,13.350801144664873,24.0,0.5005376648367204,PASS,False
HCLTECH,2021-03,Information Technology,14.817124132716009,26.596266864776663,18.64203094487006,30.022313071866062,12.980115518263274,27.0,0.4037331352233373,PASS,False
HCLTECH,2022-03,Information Technology,15.78849050215409,23.96819651842944,21.841586717059148,30.076036157463705,15.207881152933503,24.0,0.031803481570559455,PASS,False
HCLTECH,2023-03,Information Technology,14.631958681595963,22.303264469326606,22.697041510587876,32.23407740851009,15.919571045576408,22.0,0.30326446932660645,PASS,False
HCLTECH,2024-03,Information Technology,14.293122742532729,22.015594151738192,23.01393141233172,32.690722902959976,15.867725188372422,22.0,0.015594151738191897,PASS,False
HDFCBANK,2013-03,Financials,19.249323777920306,35.22210758205293,18.838523046693776,3.3933229634286235,1.6930612204854767,3534.0,3498.777892417947,MISMATCH,True
HDFCBANK,2014-03,Financials,20.60392433321584,31.742450945834804,19.851925645844183,2.9311437275954555,1.7409951947897222,5602.0,5570.257549054165,MISMATCH,True
HDFCBANK,2015-03,Financials,21.12462006079027,31.903051355938892,16.947461760141874,2.8213560103051756,1.7629802156821726,7214.0,7182.096948644061,MISMATCH,True
HDFCBANK,2016-03,Financials,20.298597257844907,31.751686140400874,17.25479112833764,2.7704447216500827,1.6820779520658296,9037.0,9005.2483138596,MISMATCH,True
HDFCBANK,2017-03,Financials,20.904587080836894,32.558583887213224,16.686275791446064,2.862683357653022,1.7164905014209766,11374.0,11341.441416112786,MISMATCH,True
HDFCBANK,2018-03,Financials,21.76273332708001,34.62620767282619,16.935373497933377,2.8007920972367644,1.6824905319683174,13374.0,13339.373792327175,MISMATCH,True
HDFCBANK,2019-03,Financials,21.34441475451926,33.145367579235646,14.60633943503413,2.8248459366500582,1.7362233776761555,16592.0,16558.854632420764,MISMATCH,True
HDFCBANK,2020-03,Financials,22.339163099788035,37.203839952859916,15.477608047267491,3.0117285091615935,1.726687879152091,14593.0,14555.79616004714,MISMATCH,True
HDFCBANK,2021-03,Financials,24.78141141328023,40.80605513722074,15.183737667413375,3.0476497012597985,1.7703182038191572,16848.0,16807.193944862778,MISMATCH,True
HDFCBANK,2022-03,Financials,28.06541313559322,41.60560852165725,15.425327602728373,2.7829101750383924,1.7970883692097823,20795.0,20753.39439147834,MISMATCH,True
HDFCBANK,2023-03,Financials,27.026599669700268,36.91977933167012,15.944347321360706,2.5957630782533507,1.8237597374677526,29932.0,29895.08022066833,MISMATCH,True
HDFCBANK,2024-03,Financials,23.07288232992184,61.41252040373843,14.33974005030719,4.887792835880029,1.6238920508541275,-44685.0,44746.41252040374,MISMATCH,True
HDFCLIFE,2013-03,Financials,3.1792318634423897,96.26600284495022,33.43305908750935,1012.341062079282,1.0663676702132736,525.0,428.7339971550498,MISMATCH,True
HDFCLIFE,2014-03,Financials,4.223464988931609,96.47559128509845,37.60373443983403,858.9730290456432,1.3868962219033953,605.0,508.52440871490154,MISMATCH,True
HDFCLIFE,2015-03,Financials,2.8881131728826013,96.78853573397024,30.932703659976386,1036.6391184573001,1.1340518547374798,874.0,777.2114642660298,MISMATCH,True
HDFCLIFE,2016-03,Financials,4.503610605810043,94.74119398048619,26.32935868514341,553.8833387044796,1.067359949832776,953.0,858.2588060195138,MISMATCH,True
HDFCLIFE,2017-03,Financials,2.8942473977877117,96.82513786014944,23.183481442760062,775.5880815473079,0.9327318422242553,972.0,875.1748621398506,MISMATCH,True
HDFCLIFE,2018-03,Financials,3.4314941103533787,96.67079975201489,23.52816153028693,662.826780021254,1.0019641030746813,1074.0,977.3292002479851,MISMATCH,True
HDFCLIFE,2019-03,Financials,3.289151975292755,96.87298931926392,22.651542006380716,667.1393123006026,0.9829257037378865,1215.0,1118.127010680736,MISMATCH,True
HDFCLIFE,2020-03,Financials,4.414567733151804,96.11640571817563,19.05391508741002,414.85235786690174,0.9809111810261374,1141.0,1044.8835942818243,MISMATCH,True
HDFCLIFE,2021-03,Financials,1.9027513700928307,98.27480147634493,15.752314814814813,760.7575757575758,0.7575631070663216,1235.0,1136.725198523655,MISMATCH,True
HDFCLIFE,2022-03,Financials,1.976879301611894,98.84098560915294,8.498783143332906,409.20192426298263,0.5751211351599678,778.0,679.159014390847,MISMATCH,True
HDFCLIFE,2023-03,Financials,1.9485236514877435,99.88605124845101,10.528746247979681,502.9548877572975,0.5514594729692142,80.0,19.88605124845101,MISMATCH,True
HDFCLIFE,2024-03,Financials,1.5510139729213062,99.47675449833469,10.732306013909723,646.4587602459017,0.5200091183301563,531.0,431.5232455016653,MISMATCH,True
HEROMOTOCO,2014-03,Consumer Discretionary,8.316518298714143,85.94263105835806,37.38218033078428,367.7331979007957,20.766646907725747,3553.0,3467.057368941642,MISMATCH,False
HEROMOTOCO,2015-03,Consumer Discretionary,8.584501416224853,87.21766286585809,36.14678899082569,361.7168674698795,22.18884925849446,3520.0,3432.782337134142,MISMATCH,False
HEROMOTOCO,2016-03,Consumer Discretionary,10.935797870471237,84.45373721755631,35.22752999773602,265.08934480476506,24.13151364764268,4424.0,4339.546262782444,MISMATCH,False
HEROMOTOCO,2017-03,Consumer Discretionary,12.394267738552953,83.9741349178609,34.373788290034895,227.14380259052663,23.15830721003135,4585.0,4501.025865082139,MISMATCH,False
HEROMOTOCO,2018-03,Consumer Discretionary,11.467126748413333,83.56645511122065,31.089208152355496,222.32786885245903,21.39449330344312,5334.0,5250.43354488878,MISMATCH,False
HEROMOTOCO,2019-03,Consumer Discretionary,10.202820052397634,85.2079715051073,26.417682926829265,215.50029779630734,18.731085170773888,5025.0,4939.792028494892,MISMATCH,False
HEROMOTOCO,2020-03,Consumer Discretionary,12.50769125589663,86.0873726669857,25.39913924753575,169.4865064943805,18.598149842431635,4070.0,3983.9126273330144,MISMATCH,False
HEROMOTOCO,2021-03,Consumer Discretionary,9.483510449303918,86.89557156238897,19.045147898287492,168.13750000000002,12.712157949428473,4058.0,3971.104428437611,MISMATCH,False
HEROMOTOCO,2022-03,Consumer Discretionary,7.881289973266556,88.98176034651958,14.696788035590332,159.82859226841722,10.361242103389982,3256.0,3167.0182396534806,MISMATCH,False
HEROMOTOCO,2023-03,Consumer Discretionary,8.197201241290474,88.00281046899701,16.810758885686838,174.52392011147236,11.707153907262617,4099.0,4010.997189531003,MISMATCH,False
HEROMOTOCO,2024-03,Consumer Discretionary,9.902352536452407,86.14676228532112,21.14243742584327,177.84211963944279,14.308109968263679,5235.0,5148.8532377146785,MISMATCH,False
HINDALCO,2013-03,Materials,3.749703839487237,90.39941141994937,8.511180300028306,78.55788298783065,2.493573264781491,7699.0,7608.6005885800505,MISMATCH,False
HINDALCO,2014-03,Materials,2.5029933291521753,90.85010547921775,5.405871342724855,75.61788154897494,1.5907872041280746,8024.0,7933.149894520782,MISMATCH,False
HINDALCO,2015-03,Materials,0.248367391950595,91.51906867022755,0.6757285606198962,89.36299708793318,0.18272120553666418,8844.0,8752.480931329772,MISMATCH,False
HINDALCO,2016-03,Materials,-0.7108212922366569,92.12426209256877,-1.7286808342978157,84.1162711143573,-0.4973573462939084,7778.0,7685.875737907431,MISMATCH,False
HINDALCO,2017-03,Materials,1.8785434799968057,87.70562165615267,4.086063527215094,79.96923805016564,1.2877709656229472,12317.0,12229.294378343848,MISMATCH,False
HINDALCO,2018-03,Materials,5.281161282480921,88.1102245991162,11.089841755997957,94.91423975459664,4.137701171317017,13695.0,13606.889775400883,MISMATCH,False
HINDALCO,2019-03,Materials,4.209373228539474,88.11800033705627,9.556355541642754,104.65355362276647,3.6157976469349618,15511.0,15422.881999662945,MISMATCH,False
HINDALCO,2020-03,Materials,3.188481852654388,87.89104821235102,6.459522952140885,81.94545282363711,2.2340438150138184,14306.0,14218.10895178765,MISMATCH,False
HINDALCO,2021-03,Materials,2.6384764559723655,86.69853342221684,5.234996167315468,85.5763838521299,1.8445943798921738,17559.0,17472.301466577785,MISMATCH,False
HINDALCO,2022-03,Materials,7.038895923797416,85.46747394378112,17.559565678914453,116.84574248126889,6.188726871154583,28347.0,28261.53252605622,MISMATCH,False
HINDALCO,2023-03,Materials,4.523704984722359,89.84507307282192,10.650169820475497,129.29714952578064,4.517895735360577,22666.0,22576.154926927178,MISMATCH,False
HINDALCO,2024-03,Materials,4.702216130615571,88.94620349876368,9.567011474761177,118.20777590429657,4.401381743475944,23872.0,23783.053796501237,MISMATCH,False
HINDUNILVR,2013-03,Consumer Staples,14.216412383350615,84.37268552806991,133.99650959860384,788.3737024221454,31.74826331458816,4220.0,4135.62731447193,MISMATCH,False
HINDUNILVR,2014-03,Consumer Staples,13.532188547581583,83.72100978312923,111.84619734238055,683.0867987719788,28.762541806020064,4759.0,4675.278990216871,MISMATCH,False
HINDUNILVR,2015-03,Consumer Staples,13.68697610409108,83.07268860252721,108.66650111745717,652.5798525798525,30.325710325710325,5412.0,5328.927311397473,MISMATCH,False
HINDUNILVR,2016-03,Consumer Staples,12.896911700739452,81.63797924563475,63.15228966986155,389.27407407407406,28.06056918812952,5910.0,5828.362020754365,MISMATCH,False
HINDUNILVR,2017-03,Consumer Staples,13.539593510644716,80.91791809902901,66.57769869513642,382.1962683378436,28.587800840443144,6328.0,6247.082081900971,MISMATCH,False
HINDUNILVR,2018-03,Consumer Staples,14.705303136868759,78.90279926853285,71.78958934212334,385.19434143661584,29.26324039861158,7499.0,7420.097200731467,MISMATCH,False
HINDUNILVR,2019-03,Consumer Staples,15.41592470109387,77.41032816077335,77.03063429515699,381.9984935977906,32.52992645874711,8880.0,8802.589671839227,MISMATCH,False
HINDUNILVR,2020-03,Consumer Staples,16.982128044642185,75.21303069150139,82.09989063069631,363.61647830842145,33.52354488165534,9861.0,9785.7869693085,MISMATCH,False
HINDUNILVR,2021-03,Consumer Staples,17.00901590541805,75.27855745513311,16.778537567646936,74.25850568444015,11.636601687518185,11626.0,11550.721442544867,MISMATCH,False
HINDUNILVR,2022-03,Consumer Staples,16.954581855622926,75.48526103039318,18.12437577709382,79.0136516046623,12.611692621904519,12857.0,12781.514738969607,MISMATCH,False
HINDUNILVR,2023-03,Consumer Staples,16.743149554308353,76.64740838560581,20.16340648854962,90.12091687207655,13.879880126441973,14147.0,14070.352591614394,MISMATCH,False
HINDUNILVR,2024-03,Consumer Staples,16.611735814915342,76.31672482874498,20.074973642078955,89.63037455884027,13.099924830230988,14659.0,14582.683275171255,MISMATCH,False
ICICIBANK,2013-03,Financials,22.568786899855187,70.58928372507519,14.731759812689965,5.6942392644431745,1.5011365960208765,-15085.0,15155.589283725076,MISMATCH,True
ICICIBANK,2014-03,Financials,23.599911073384668,66.39584470179268,15.278032186314276,5.303114683971363,1.5615931272249726,-13084.0,13150.395844701792,MISMATCH,True
ICICIBANK,2015-03,Financials,23.546321228440434,70.52980132450331,15.278909155303703,5.68489775806849,1.5666782474799628,-16120.0,16190.529801324503,MISMATCH,True
ICICIBANK,2016-03,Financials,18.428508786723782,88.12358754680069,11.610757509749126,6.825276984610079,1.1893255663092268,-26955.0,27043.1235875468,MISMATCH,True
ICICIBANK,2017-03,Financials,18.608467344929437,104.76042008532984,10.837984555394144,7.9255772148190085,1.1504222780187172,-37737.0,37841.76042008533,MISMATCH,True
ICICIBANK,2018-03,Financials,14.63916862391815,117.12300119043788,8.225616921269095,7.863879683915371,0.8094061893779224,-44906.0,45023.12300119044,MISMATCH,True
ICICIBANK,2019-03,Financials,7.903364730071407,116.38326248228724,4.979300324717951,8.328412337681703,0.45923696756684323,-50971.0,51087.38326248229,MISMATCH,True
ICICIBANK,2020-03,Financials,13.231411193361309,100.6188410580414,9.128985035783995,7.503630462835664,0.8150050969583792,-45190.0,45290.61884105804,MISMATCH,True
ICICIBANK,2021-03,Financials,22.83907001783251,102.40682794432668,12.922385729787356,7.238548088791504,1.2939283726391717,-44805.0,44907.40682794432,MISMATCH,True
ICICIBANK,2022-03,Financials,27.815569088222038,84.68770635278334,14.577073709304432,5.630440251397017,1.5141754966944097,-26558.0,26642.687706352783,MISMATCH,True
ICICIBANK,2023-03,Financials,29.290392922926973,72.57469004765956,16.53208887728557,5.442544313896501,1.810629617715689,-17341.0,17413.57469004766,MISMATCH,True
ICICIBANK,2024-03,Financials,28.888011233982798,62.41380175029464,17.99027109750765,5.2203495054405735,1.9492289334082888,-14152.0,14214.413801750296,MISMATCH,True
ICICIGI,2013-03,Financials,8.798604187437686,104.46161515453637,18.877005347593585,224.11764705882354,2.793384505816254,-178.0,282.4616151545364,MISMATCH,True
ICICIGI,2014-03,Financials,11.948529411764707,105.19301470588236,21.72096908939014,191.2280701754386,3.5268583830710796,-225.0,330.1930147058824,MISMATCH,True
ICICIGI,2015-03,Financials,13.816721776098253,105.24326877657062,20.27027027027027,154.4005544005544,3.9942646456370343,-221.0,326.24326877657063,MISMATCH,True
ICICIGI,2016-03,Financials,8.403779214321233,87.33631692358695,15.66265060240964,162.77417361754712,3.2342434294462876,764.0,676.663683076413,MISMATCH,True
ICICIGI,2017-03,Financials,9.335106382978724,87.77925531914894,17.9953857985132,150.5015959872321,3.006295233608839,919.0,831.2207446808511,MISMATCH,True
ICICIGI,2018-03,Financials,12.471064814814815,103.79050925925925,18.982602950891874,142.73776362912852,2.8974789915966386,-262.0,365.79050925925924,MISMATCH,True
ICICIGI,2019-03,Financials,9.39711547075159,85.04882200125414,19.425925925925927,161.32540356839422,3.1404364877406223,1669.0,1583.9511779987458,MISMATCH,True
ICICIGI,2020-03,Financials,10.367283146652774,84.61404879742989,19.46527551353114,147.22767789696329,3.2233680686787967,1772.0,1687.3859512025701,MISMATCH,True
ICICIGI,2021-03,Financials,12.112490749116027,82.97015048104596,19.38412949072246,124.8144482929243,3.7482823553361495,2072.0,1989.029849518954,MISMATCH,True
ICICIGI,2022-03,Financials,7.93086234868339,93.660302009235,13.8257369737844,158.86960203217612,2.4996066708621774,1016.0,922.339697990765,MISMATCH,True
ICICIGI,2023-03,Financials,9.672186171402998,92.92906690534795,16.554959785522787,158.5265769634507,3.1387285335656974,1264.0,1171.070933094652,MISMATCH,True
ICICIGI,2024-03,Financials,9.366915605017816,87.42129155073948,15.7230643179025,146.3235294117647,3.0312124849939974,2577.0,2489.5787084492604,MISMATCH,True
ICICIPRULI,2013-03,Financials,7.5655430711610485,96.27965043695382,38.24791719262812,486.74577126988135,2.014091996809359,745.0,648.7203495630462,MISMATCH,True
ICICIPRULI,2014-03,Financials,7.131761695906433,93.12865497076024,35.614875655943415,465.06958704083956,1.915948646193878,1504.0,1410.8713450292398,MISMATCH,True
ICICIPRULI,2015-03,Financials,4.760107973180855,95.1963544538937,31.14909781576448,622.9439696106363,1.6203131946845823,1655.0,1559.8036455461063,MISMATCH,True
ICICIPRULI,2016-03,Financials,7.91404863542616,91.16984028010936,30.99755776817584,299.24433249370276,1.5749534672839212,1842.0,1750.8301597198906,MISMATCH,True
ICICIPRULI,2017-03,Financials,4.447852760736196,95.22424370636767,26.256634405245084,562.1292538245395,1.3483938721029975,1806.0,1710.7757562936324,MISMATCH,True
ICICIPRULI,2018-03,Financials,4.169241862381541,95.44190358467245,24.627319744447824,563.7663522969273,1.141595977971922,1771.0,1675.5580964153276,MISMATCH,True
ICICIPRULI,2019-03,Financials,2.747027470274703,98.69522224634011,16.57691747926066,595.5756076262553,0.698404522767129,541.0,442.3047777536599,MISMATCH,True
ICICIPRULI,2020-03,Financials,5.074910820451843,101.51724137931035,14.792735338971303,295.910162207126,0.6838384679967442,-319.0,420.51724137931035,MISMATCH,True
ICICIPRULI,2021-03,Financials,1.1492871053833762,100.46885143420452,10.495114721703809,810.6702880977787,0.44010680416167947,-390.0,490.4688514342045,MISMATCH,True
ICICIPRULI,2022-03,Financials,1.194072116292241,103.40444276634572,8.287835772002621,634.5626568835683,0.31050945642435474,-2163.0,2266.4044427663457,MISMATCH,True
ICICIPRULI,2023-03,Financials,1.6106026387733272,103.48072427592219,8.057482656095145,462.66607617360495,0.3177630730386045,-1757.0,1860.4807242759223,MISMATCH,True
ICICIPRULI,2024-03,Financials,0.942341125272681,102.02531365231931,7.732848705134029,754.9037279803359,0.28461443272764975,-1829.0,1931.0253136523193,MISMATCH,True
INDIGO,2013-03,Consumer Discretionary,8.551559274149733,90.7095512332935,17886.363636363636,54207.792207792205,3026.923076923077,855.0,764.2904487667065,MISMATCH,False
INDIGO,2014-03,Consumer Discretionary,4.263740217684627,96.10506431591257,10772.727272727272,58065.21739130435,1354.2857142857142,433.0,336.89493568408744,MISMATCH,False
INDIGO,2015-03,Consumer Discretionary,9.364452423698385,86.33393177737881,4939.39393939394,39546.05263157895,2137.7049180327867,1904.0,1817.666068222621,MISMATCH,False
INDIGO,2016-03,Consumer Discretionary,12.304832713754648,80.39653035935564,1534.775888717156,9443.959243085881,1013.265306122449,3164.0,3083.6034696406446,MISMATCH,False
INDIGO,2017-03,Consumer Discretionary,8.928955866523143,88.06243272335846,1692.8571428571427,10908.0,674.390243902439,2219.0,2130.9375672766414,MISMATCH,False
INDIGO,2018-03,Consumer Discretionary,9.738934016767299,86.8381043395161,2242.0,12981.16883116883,803.584229390681,3030.0,2943.161895660484,MISMATCH,False
INDIGO,2019-03,Consumer Discretionary,0.547426044846826,100.52988033828123,120.93023255813952,13201.84331797235,41.8230563002681,-151.0,251.52988033828123,MISMATCH,False
INDIGO,2020-03,Consumer Discretionary,-0.69358988701197,88.62009173285603,-138.54748603351956,12475.1968503937,-58.767772511848335,4069.0,3980.379908267144,MISMATCH,False
INDIGO,2021-03,Consumer Discretionary,-42.14876033057851,99.97950959633904,-1094.148936170213,2554.624781849913,-760.9124537607892,2.0,97.97950959633904,MISMATCH,False
INDIGO,2022-03,Consumer Discretionary,-1.2224750298870077,97.84813543635032,-48.769230769230774,3832.779456193354,-34.45652173913044,558.0,460.15186456364967,MISMATCH,False
INDIGO,2023-03,Consumer Discretionary,-0.582228262865959,88.02483194357713,-40.7979407979408,6074.271229404309,-29.84934086629002,6521.0,6432.975168056423,MISMATCH,False
INDIGO,2024-03,Consumer Discretionary,11.852722628584697,76.29890862649484,892.568306010929,5640.87982832618,668.3306055646481,16331.0,16254.701091373505,MISMATCH,False
INDUSINDBK,2013-03,Financials,15.194042675068022,27.881999140770443,13.905635648754917,2.7343201415611045,1.4473379077032207,286.0,258.11800085922954,MISMATCH,True
INDUSINDBK,2014-03,Financials,17.058395929246426,30.95468863581294,15.570054185557892,3.0305905796671686,1.617907292073633,335.0,304.04531136418706,MISMATCH,True
INDUSINDBK,2015-03,Financials,18.510111432108957,32.32562938505985,16.85456595264938,2.972598580591294,1.6048377718339342,288.0,255.67437061494016,MISMATCH,True
INDUSINDBK,2016-03,Financials,19.255390835579515,35.27628032345013,12.918173598553345,3.0864015564661145,1.599753668726425,329.0,293.7237196765499,MISMATCH,True
INDUSINDBK,2017-03,Financials,19.908371511870055,39.455782312925166,13.891310665504214,3.349992927530765,1.605391608078456,379.0,339.5442176870748,MISMATCH,True
INDUSINDBK,2018-03,Financials,20.866847983334296,37.931832648573575,15.125204479677864,3.066394098302373,1.6270654165125031,942.0,904.0681673514264,MISMATCH,True
INDUSINDBK,2019-03,Financials,14.82862405103095,41.70073222227214,12.369781908116616,3.45253370525337,1.1881836735428464,-437.0,478.7007322222721,MISMATCH,True
INDUSINDBK,2020-03,Financials,15.349338150991903,43.81405690859187,12.729420577981386,4.238991596638655,1.4388161194302054,-553.0,596.8140569085919,MISMATCH,True
INDUSINDBK,2021-03,Financials,9.779310344827588,55.16206896551724,6.5398362734924484,4.558939619770129,0.7813253327382478,-2469.0,2524.1620689655174,MISMATCH,True
INDUSINDBK,2022-03,Financials,14.960093439750827,51.39186295503212,9.667071994632899,4.075090750521607,1.1470862615834319,-839.0,890.3918629550321,MISMATCH,True
INDUSINDBK,2023-03,Financials,20.320061592608887,42.68862736471624,13.5293471495002,3.5278398258462835,1.6142279228665544,2067.0,2024.3113726352838,MISMATCH,True
INDUSINDBK,2024-03,Financials,19.56369677362945,38.55469091544986,14.252273197764223,3.5617860222414732,1.7380834474254032,2978.0,2939.44530908455,MISMATCH,True
INFY,2013-03,Information Technology,23.366871530531323,28.59337827121332,24.81707638048113,30.3679528346581,20.376012965964343,29.0,0.40662172878667846,PASS,False
INFY,2014-03,Information Technology,21.255460475136136,26.70895418187621,23.92993487536492,30.06961598922075,18.705894744233404,27.0,0.2910458181237914,PASS,False
INFY,2015-03,Information Technology,23.20373600405109,27.913126652787934,24.385052034058656,29.334200567644274,18.663730030623483,28.0,0.08687334721206597,PASS,False
INFY,2016-03,Information Technology,21.602793036626576,27.352220496148366,21.84665716506867,27.66098730240995,17.961863165463793,27.0,0.3522204961483659,PASS,False
INFY,2017-03,Information Technology,20.958180012849716,27.165469306699375,20.80687715635963,26.969354324316484,17.26199066724395,27.0,0.1654693066993751,PASS,False
INFY,2018-03,Information Technology,22.729077451008195,26.68954368849437,24.689247262141308,28.991266577330066,20.200632648174523,27.0,0.3104563115056287,PASS,False
INFY,2019-03,Information Technology,18.639250075597218,24.396734200181434,23.726673646609594,31.055613721746628,18.33083529607689,24.0,0.39673420018143446,PASS,False
INFY,2020-03,Information Technology,18.32670639160269,24.525558700752278,25.422459893048128,31.772327097869667,18.125272331154683,25.0,0.47444129924772227,PASS,False
INFY,2021-03,Information Technology,19.331754120550997,27.757982323433396,25.43909051616875,34.14589353053529,18.066058356819305,28.0,0.24201767656660422,PASS,False
INFY,2022-03,Information Technology,18.20603250548746,25.88847510296693,29.39084273390843,38.962436899930715,18.97214916601701,26.0,0.11152489703307111,PASS,False
INFY,2023-03,Information Technology,16.426035825492104,23.93589839677857,31.970506716883047,41.968317683320194,19.34893576037754,24.0,0.06410160322143099,PASS,False
INFY,2024-03,Information Technology,17.08075746730006,23.703390381987376,29.788006718416632,37.75589530966572,19.297162182032054,24.0,0.2966096180126243,PASS,False
IOC,2013-03,Energy,0.7854389536142752,3.0016458053618607,5.753763662610847,9.076800167640203,1.4995162850693324,3.0,0.0016458053618606527,PASS,False
IOC,2014-03,Energy,1.4266553358793475,3.526605166429471,10.258713353849778,10.576740015599187,2.619635800310581,4.0,0.4733948335705289,PASS,False
IOC,2015-03,Energy,1.0838540890353208,2.352577379217676,7.078103207810321,7.908020190689849,2.083092828465515,2.0,0.35257737921767607,PASS,False
IOC,2016-03,Energy,3.587105723244087,6.3685358840613215,13.79528784174261,14.837206797188484,5.357011846449302,6.0,0.36853588406132154,PASS,False
IOC,2017-03,Energy,5.736129596852938,9.609177807354964,19.966502115655853,20.650432069276217,7.447418703122545,10.0,0.3908221926450359,PASS,False
IOC,2018-03,Energy,5.36807341539104,9.883461607812247,19.869329258654304,23.204696865043115,7.647535996755223,10.0,0.11653839218775275,PASS,False
IOC,2019-03,Energy,3.2706122031664764,6.676411225428754,15.358898896584835,16.852901536079223,5.150836556209242,7.0,0.32358877457124624,PASS,False
IOC,2020-03,Energy,-0.3877931962551911,3.31836043682547,-1.9664982494391918,7.1287102332273475,-0.5685503179153963,3.0,0.3183604368254702,PASS,False
IOC,2021-03,Energy,5.9793927737326555,10.971012501717269,19.458502476796795,17.47539247309475,6.12763800701122,11.0,0.028987498282731394,PASS,False
IOC,2022-03,Energy,4.365532536597202,8.103902626921492,19.266110008611975,17.984221724313233,6.261408384889092,8.0,0.10390262692149221,PASS,False
IOC,2023-03,Energy,1.3904266794653084,3.6451180627165116,8.37669355358178,10.628061157333962,2.6479937555854702,4.0,0.3548819372834884,PASS,False
IOC,2024-03,Energy,5.559462717942377,9.743776019125345,23.53162465856491,23.93519910139379,8.941893540895371,10.0,0.2562239808746547,PASS,False
IRCTC,2015-03,Consumer Discretionary,12.370160528800756,14.353163361661943,29.504504504504503,34.234234234234236,11.273666092943202,14.0,0.3531633616619434,PASS,False
IRCTC,2016-03,Consumer Discretionary,13.825896122896856,13.89904901243599,34.87084870848708,35.05535055350554,13.152400835073069,14.0,0.10095098756401022,PASS,False
IRCTC,2017-03,Consumer Discretionary,15.06578947368421,20.657894736842106,29.09783989834816,39.898348157560356,12.54107338444688,21.0,0.3421052631578938,PASS,False
IRCTC,2018-03,Consumer Discretionary,15.075034106412005,18.69031377899045,23.141361256544503,28.691099476439792,9.529969814575248,19.0,0.30968622100954946,PASS,False
IRCTC,2019-03,Consumer Discretionary,16.524064171122994,20.481283422459892,28.851540616246496,35.7609710550887,11.912104857363145,20.0,0.4812834224598923,PASS,False
IRCTC,2020-03,Consumer Discretionary,22.659010600706715,31.051236749116605,39.04109589041096,53.50076103500761,15.828448009873497,31.0,0.051236749116604585,PASS,False
IRCTC,2021-03,Consumer Discretionary,24.066924066924066,24.195624195624195,12.843406593406591,12.247557003257329,5.930859498889946,24.0,0.19562419562419464,PASS,False
IRCTC,2022-03,Consumer Discretionary,35.125066524747204,46.514103246407664,35.294117647058826,44.25316455696203,16.992790937178167,47.0,0.48589675359233553,PASS,False
IRCTC,2023-03,Consumer Discretionary,28.410053657158997,36.0350183563965,40.597255851493145,49.804839968774395,19.768127333464335,36.0,0.03501835639649897,PASS,False
IRCTC,2024-03,Consumer Discretionary,26.01873536299766,34.33255269320843,34.39628482972136,44.559270516717326,18.240026268264653,34.0,0.3325526932084273,PASS,False
IRFC,2013-03,Financials,9.405405405405405,99.6036036036036,8.163903659680951,8.485425269007015,0.7377570489718042,100.0,0.3963963963963977,PASS,True
IRFC,2014-03,Financials,11.311925125060514,99.69340003227369,9.270034382438508,7.973773538636275,0.8352198260455141,100.0,0.3065999677263136,PASS,True
IRFC,2015-03,Financials,10.923764231157227,99.5100158524283,8.730707210320203,8.636431859115469,0.8648327951897954,100.0,0.48998414757170394,PASS,True
IRFC,2016-03,Financials,11.309444518449448,99.48048488077794,7.366594360086768,7.541301450094923,0.783210332103321,99.0,0.4804848807779365,PASS,True
IRFC,2017-03,Financials,10.323864264397038,99.71261191555212,7.7775002081772,7.618830444917402,0.7204010798303123,100.0,0.28738808444788333,PASS,True
IRFC,2018-03,Financials,22.17546131434121,99.58994280781268,14.754451464675475,6.238592886016738,1.2726979958877302,100.0,0.41005719218732395,PASS,True
IRFC,2019-03,Financials,20.25327824681157,99.55990659241961,9.009908902029727,5.571443649760506,1.0914599910940737,100.0,0.4400934075803917,PASS,True
IRFC,2020-03,Financials,23.783622680873258,99.50823336562105,10.535001155153635,5.045791836056159,1.158603867820431,100.0,0.49176663437894774,PASS,True
IRFC,2021-03,Financials,28.000760890241583,99.27715427049648,12.29604054129309,4.360564698280784,1.160633091709989,99.0,0.27715427049648156,PASS,True
IRFC,2022-03,Financials,30.001477905315532,99.39898517168334,14.854745469180672,4.698477308662271,1.3533934841548514,99.0,0.3989851716833357,PASS,True
IRFC,2023-03,Financials,25.996964842761994,99.4351235140376,13.802287325708914,5.0878313086692435,1.2576500074435262,99.0,0.4351235140375991,PASS,True
IRFC,2024-03,Financials,24.064552448864703,99.50459748545694,13.038085361638096,5.7484746909270665,1.3218383695952436,100.0,0.49540251454305917,PASS,True
ITC,2013-03,Consumer Staples,24.36586754380416,35.48927825921943,33.26712151308403,48.241616509028376,21.80644796059894,35.0,0.48927825921943224,PASS,False
ITC,2014-03,Consumer Staples,25.49425026907608,37.04752733246474,33.04695818188493,47.599985443429524,22.035350567959263,37.0,0.04752733246473895,PASS,False
ITC,2015-03,Consumer Staples,25.192570265605273,36.715871911791226,30.813587093521555,44.53054210279644,21.28090181058496,37.0,0.28412808820877444,PASS,False
ITC,2016-03,Consumer Staples,24.242192284139623,37.07644417228006,22.261012183692596,33.97951548031054,18.394609978509614,37.0,0.07644417228006262,PASS,False
ITC,2017-03,Consumer Staples,24.497287691732136,36.171904227459784,22.57341693060134,33.298176887147804,18.743067730509143,36.0,0.17190422745978395,PASS,False
ITC,2018-03,Consumer Staples,26.45170199544293,38.02389007802251,21.88725956960579,31.4410231035664,17.890443797574758,38.0,0.023890078022510863,PASS,False
ITC,2019-03,Consumer Staples,26.553578816714936,38.347124534546964,21.70406317106576,31.33684957906481,17.89263859267623,38.0,0.347124534546964,PASS,False
ITC,2020-03,Consumer Staples,31.57244674819794,39.16740908722767,23.88889740015014,29.510297482837526,20.169186791012923,39.0,0.1674090872276679,PASS,False
ITC,2021-03,Consumer Staples,27.16974237164261,34.64482205574842,22.17674449434106,28.151704114289483,18.143734493838206,35.0,0.35517794425157945,PASS,False
ITC,2022-03,Consumer Staples,25.563525434908072,34.00610108005606,24.822672324073334,32.88944883898954,20.082646769262656,34.0,0.006101080056062358,PASS,False
ITC,2023-03,Consumer Staples,27.463726222873987,36.24416587938352,28.16426867182416,37.00493802277537,22.692267362607915,36.0,0.24416587938352308,PASS,False
ITC,2024-03,Consumer Staples,29.282025230717128,37.0177518132814,27.851074395694365,35.06616762464911,22.61590775334045,37.0,0.017751813281400075,PASS,False
JINDALSTEL,2013-03,Materials,14.903821881153128,30.82748523249356,13.890457368718238,13.311532592108133,5.172323165069297,31.0,0.17251476750643846,PASS,False
JINDALSTEL,2014-03,Materials,9.830965467178263,30.068443430467696,8.385670057496682,9.832479907762217,2.7512951112271993,30.0,0.06844343046769552,PASS,False
JINDALSTEL,2015-03,Materials,-7.48415030153085,28.163496726972838,-6.900484744796122,8.211231835054026,-1.9222367846221056,28.0,0.1634967269728378,PASS,False
JINDALSTEL,2016-03,Materials,-15.855976167240229,17.653705891417122,-9.517203107658158,4.337839031716582,-3.3409814065239503,18.0,0.3462941085828781,PASS,False
JINDALSTEL,2017-03,Materials,-11.74836828218303,21.797898440031478,-8.44564240790656,6.204134332880989,-2.802097709080872,22.0,0.20210155996852208,PASS,False
JINDALSTEL,2018-03,Materials,-4.85489394940816,19.43459712792165,-5.3184136909659365,8.819719961279942,-1.8110500952594417,19.0,0.4345971279216485,PASS,False
JINDALSTEL,2019-03,Materials,-5.135630030234638,17.910829110420305,-7.517531556802244,11.741387973870806,-2.7100819091920316,18.0,0.08917088957969455,PASS,False
JINDALSTEL,2020-03,Materials,-1.0547688737705352,18.01281544181631,-1.2446712512057752,9.905598816722495,-0.4457221813643556,18.0,0.012815441816311335,PASS,False
JINDALSTEL,2021-03,Materials,12.339859452268719,31.61745568119379,13.411912619833414,17.712434183880113,5.481757451181911,32.0,0.382544318806211,PASS,False
JINDALSTEL,2022-03,Materials,13.223625063518742,30.322870656295198,18.992280701754385,31.581411443808904,8.827827357653566,30.0,0.32287065629519773,PASS,False
JINDALSTEL,2023-03,Materials,7.468240246560925,18.683755543862286,10.267142045160957,19.210851754521567,5.723997868264508,19.0,0.31624445613771357,PASS,False
JINDALSTEL,2024-03,Materials,11.802438733764944,20.260555268697622,13.410506363390198,16.782917681121273,7.553764807565204,20.0,0.26055526869762247,PASS,False
JIOFIN,2023-03,Financials,68.88888888888889,86.66666666666667,0.027164388363126533,0.03395349242140637,0.0269729400504655,88.0,1.3333333333333286,MISMATCH,True
JIOFIN,2024-03,Financials,86.52291105121293,84.04312668463612,1.153456416595399,1.1203978526306713,1.1079433671814058,84.0,0.043126684636121126,PASS,True
JSWENERGY,2013-03,Energy,10.15783540022548,31.578354002254795,14.522888459058672,16.892829141788795,4.421434880753754,32.0,0.4216459977452054,PASS,False
JSWENERGY,2014-03,Energy,8.788159111933396,37.638760407030524,11.565971693806118,19.51789890268034,3.949282893369362,38.0,0.3612395929694756,PASS,False
JSWENERGY,2015-03,Energy,14.528725794372527,38.7717984380015,18.063314711359403,21.556031406138473,6.992790937178167,39.0,0.22820156199850317,PASS,False
JSWENERGY,2016-03,Energy,14.861563517915311,41.01180781758957,15.045342126957955,16.40071643735244,5.115806440309751,41.0,0.01180781758957039,PASS,False
JSWENERGY,2017-03,Energy,7.53963451530921,40.22752027108798,6.00829395312952,13.447689942551985,2.194511958857304,40.0,0.22752027108798245,PASS,False
JSWENERGY,2018-03,Energy,1.0560318051931916,33.70605044104858,0.7650765076507651,11.799243247945027,0.3181018674450806,34.0,0.29394955895141806,PASS,False
JSWENERGY,2019-03,Energy,7.485226526592252,31.243160428977895,5.785823041786499,12.75863609956652,2.6382781763480674,31.0,0.24316042897789458,PASS,False
JSWENERGY,2020-03,Energy,13.066602199927473,35.74277771062492,9.282156963764383,13.762449967420645,4.335967269664273,36.0,0.25722228937507907,PASS,False
JSWENERGY,2021-03,Energy,11.889627275353943,42.08321294423577,5.67312331977666,12.732756359821662,3.140382340596024,42.0,0.0832129442357683,PASS,False
JSWENERGY,2022-03,Energy,21.341986041386065,43.73699032692543,10.008613264427218,13.551862812049473,5.71213213606869,44.0,0.26300967307457057,PASS,False
JSWENERGY,2023-03,Energy,14.3244289585753,31.765389082462253,7.944602501476193,7.513736263736264,3.0567775781233864,32.0,0.2346109175377471,PASS,False
JSWENERGY,2024-03,Energy,15.018283127285393,46.857043357130415,8.280529953917052,10.270012403396622,2.98613395191026,47.0,0.14295664286958498,PASS,False
JSWSTEEL,2013-03,Materials,2.431300706621303,17.042658989793246,5.443891004980955,16.831222538123548,1.6152869785961435,17.0,0.042658989793245894,PASS,False
JSWSTEEL,2014-03,Materials,0.7848496680983992,17.90121046466224,1.8985548313969962,16.170790638613074,0.517774343122102,18.0,0.09878953533776169,PASS,False
JSWSTEEL,2015-03,Materials,3.2507739938080498,17.677263459941102,7.7254374158815615,15.339754930869537,2.010413991173792,18.0,0.32273654005889796,PASS,False
JSWSTEEL,2016-03,Materials,-1.1577528522601455,15.457565108554375,-2.536117262469683,10.498610429949322,-0.5872513948746749,15.0,0.45756510855437504,PASS,False
JSWSTEEL,2017-03,Materials,6.235162937918135,22.135098194374507,15.30887093213229,18.653854897622043,3.939548889267655,22.0,0.13509819437450687,PASS,False
JSWSTEEL,2018-03,Materials,8.49818581179709,20.735962631893567,21.83370240731481,22.13351931266786,6.646732630205501,21.0,0.2640373681064325,PASS,False
JSWSTEEL,2019-03,Materials,8.877142890852673,22.334438453461072,21.623796522488863,23.031718801328612,6.55417824507609,22.0,0.3344384534610718,PASS,False
JSWSTEEL,2020-03,Materials,5.344625371628072,16.1102473883752,10.707942839968306,12.051376221664524,2.9729934759520558,16.0,0.11024738837519976,PASS,False
JSWSTEEL,2021-03,Materials,9.861095454602388,25.273362642317664,16.835600034214355,18.485470336032833,5.30822495061254,25.0,0.2733626423176645,PASS,False
JSWSTEEL,2022-03,Materials,14.304746158733629,26.722506507436584,31.112828209281247,28.031877535224393,10.656284194722243,27.0,0.2774934925634156,PASS,False
JSWSTEEL,2023-03,Materials,2.4939744516751023,11.129187756085804,6.300327269959662,12.60337909763354,1.9659065541301135,11.0,0.12918775608580368,PASS,False
JSWSTEEL,2024-03,Materials,5.127252779904689,16.089162657280323,11.5528718021347,16.99757927716371,3.937287733986257,16.0,0.08916265728032258,PASS,False
KOTAKBANK,2013-03,Financials,20.64956634065326,60.92452482007751,14.659068579288661,6.548776133613679,1.9320585315319203,-1789.0,1849.9245248200775,MISMATCH,True
KOTAKBANK,2014-03,Financials,21.08293008509928,58.84365092608043,13.241458813665899,6.7157996972034155,2.067972208810364,-1379.0,1437.8436509260805,MISMATCH,True
KOTAKBANK,2015-03,Financials,23.312561003078308,72.96343569337037,14.014262502256724,7.687439682313668,2.091416100872939,-3366.0,3438.9634356933702,MISMATCH,True
KOTAKBANK,2016-03,Financials,17.27281639054995,56.567983531026364,10.562282699916077,5.417216242730341,1.4634308400192688,-2263.0,2319.5679835310266,MISMATCH,True
KOTAKBANK,2017-03,Financials,22.482530012542558,66.439706145852,13.03907305414112,6.085622143261585,1.8172404304314451,-3965.0,4031.439706145852,MISMATCH,True
KOTAKBANK,2018-03,Financials,24.901516055867255,66.86960327881899,12.395024560291553,5.595548866572547,1.853014331398792,-4141.0,4207.869603278819,MISMATCH,True
KOTAKBANK,2019-03,Financials,24.149374811437767,66.2331132043847,12.467766220729997,5.652507266610212,1.8230082673070647,-5114.0,5180.233113204385,MISMATCH,True
KOTAKBANK,2020-03,Financials,25.670669773555595,67.44936368524826,12.89523838107958,5.7433721515896154,1.938971913902697,-5005.0,5072.4493636852485,MISMATCH,True
KOTAKBANK,2021-03,Financials,30.438756855575868,90.83485679463742,11.845053889659587,7.245612457437009,2.086230876216968,-9958.0,10048.834856794638,MISMATCH,True
KOTAKBANK,2022-03,Financials,35.82881360955514,90.98426246999199,12.50607769099467,6.638884804027577,2.2120849481608347,-8512.0,8602.984262469992,MISMATCH,True
KOTAKBANK,2023-03,Financials,35.40841261180043,79.44058266707789,13.348060171356002,6.3105304916315035,2.4055896716793193,-5746.0,5825.440582667078,MISMATCH,True
KOTAKBANK,2024-03,Financials,32.386151466116615,83.66733645109092,14.013018188532914,7.234918028249577,2.372513081844081,-13382.0,13465.667336451092,MISMATCH,True
LICI,2019-03,Financials,0.4596611071061123,1.0358560160137742,324.32098765432096,2.1908804600848963,0.07665039803060705,1.0,0.035856016013774195,PASS,True
LICI,2020-03,Financials,0.43149911709867,-1.1061344525772918,270.45908183632736,-2.7305672599207598,0.0774322439292835,-1.0,0.10613445257729182,PASS,True
LICI,2021-03,Financials,0.43044431000095523,-0.03647342505724301,43.201626961069145,-3.6585365853658534,0.07765978226014512,0.0,0.03647342505724301,PASS,True
LICI,2022-03,Financials,0.5700616081127022,0.4596424020806903,36.38207796789557,29.332392627215803,0.09696621509010571,0.0,0.4596424020806903,PASS,True
LICI,2023-03,Financials,4.5877791768838225,4.359645590012082,77.85997015119071,73.98827677200268,0.7862197392110195,4.0,0.3596455900120823,PASS,True
LICI,2024-03,Financials,4.836600998148862,3.87474201090824,49.44710986501021,39.613520731869436,0.7696696436280568,4.0,0.12525798909176,PASS,True
LODHA,2011-03,Real Estate,12.149102623101703,23.469857340082832,35.483870967741936,8.04416403785489,2.7853977632411904,23.0,0.4698573400828323,PASS,False
LODHA,2012-03,Real Estate,12.897765741367637,24.509140148950575,33.83658969804618,13.444753946146704,4.110919292188174,25.0,0.4908598510494251,PASS,False
LODHA,2015-03,Real Estate,12.796664528543939,23.524695317511224,24.225865209471767,9.685725604119899,2.8502035859704264,24.0,0.4753046824887761,PASS,False
LODHA,2016-03,Real Estate,8.522245120620681,25.772820947993697,17.694437452806444,11.938454627133872,2.2691326942319487,26.0,0.22717905200630284,PASS,False
LODHA,2017-03,Real Estate,7.368155437799646,20.36336109008327,14.480535581453013,7.98377522754254,1.7211399605080901,20.0,0.36336109008327,PASS,False
LODHA,2018-03,Real Estate,8.20502221762943,17.381419861527334,15.411490683229815,6.057332180927687,1.9726217982161933,17.0,0.3814198615273341,PASS,False
LODHA,2019-03,Real Estate,13.80700428319476,26.698580666834637,42.80135381411091,10.782850552879724,3.2969677522862186,27.0,0.30141933316536296,PASS,False
LODHA,2020-03,Real Estate,5.96319215623242,15.406252511452223,16.300527240773285,8.343852013057672,1.823409431597572,15.0,0.4062525114522231,PASS,False
LODHA,2021-03,Real Estate,0.8808955771701229,25.380803817214172,1.0437051532941943,6.067918567918568,0.12211254706421083,25.0,0.3808038172141721,PASS,False
LODHA,2022-03,Real Estate,13.08350481966858,23.675944979963177,9.97852304642326,9.245865583893753,3.145505676492032,24.0,0.3240550200368233,PASS,False
LODHA,2023-03,Real Estate,5.174234424498416,21.795142555438225,3.8695411829740185,9.50145007595636,1.2524922038750574,22.0,0.20485744456177457,PASS,False
LODHA,2024-03,Real Estate,15.063978286157425,25.833656455990695,8.895758200240426,10.589263718361346,3.292512394592991,26.0,0.16634354400930462,PASS,False
LT,2013-03,Industrials,7.1090747856931715,15.309166151613685,395.1456310679612,724.3483788938335,227.2766323024055,15.0,0.30916615161368455,PASS,False
LT,2014-03,Industrials,5.743410068897406,16.561243445340608,303.41614906832297,818.9534883720929,183.23330832708177,17.0,0.4387565546593919,PASS,False
LT,2015-03,Industrials,5.401995017894244,17.06099272264465,245.11352418558738,698.9304812834224,166.75621222296843,17.0,0.06099272264464872,PASS,False
LT,2016-03,Industrials,4.541049425446491,15.314174956982654,216.09411764705882,710.3669724770642,146.38189352884922,15.0,0.3141749569826544,PASS,False
LT,2017-03,Industrials,5.933474824355972,15.20418618266979,206.29770992366412,528.6259541984733,146.84174779261943,15.0,0.20418618266979038,PASS,False
LT,2018-03,Industrials,6.687666585897746,16.8035560605934,207.3575129533679,521.0103626943005,149.97189432265316,17.0,0.1964439394065991,PASS,False
LT,2019-03,Industrials,7.555834935660405,16.910220381600354,208.80850194154914,467.3206621704476,153.31632653061226,17.0,0.08977961839964621,PASS,False
LT,2020-03,Industrials,7.489756070731238,16.880482908450897,201.59141376757955,388.7428752374921,123.58479863868406,17.0,0.11951709154910262,PASS,False
LT,2021-03,Industrials,9.502202545981364,17.252664014296325,176.90306681270536,289.5581337941249,120.68933308425183,17.0,0.25266401429632523,PASS,False
LT,2022-03,Industrials,6.656614767347513,15.534017799528499,72.92133258678611,167.15248178193318,50.64650981917169,16.0,0.4659822004715011,PASS,False
LT,2023-03,Industrials,6.834805089968965,14.817198553515034,75.52434908389586,149.81525395687422,53.36655168008176,15.0,0.18280144648496588,PASS,False
LT,2024-03,Industrials,7.031246466738726,13.506668535997433,77.66510140873214,135.2030422382181,56.44423467905896,14.0,0.49333146400256744,PASS,False
LTIM,2013-03,Information Technology,14.593612048818489,22.591534666320438,41.97162061239731,55.30832803560076,24.140893470790378,23.0,0.40846533367956184,PASS,False
LTIM,2014-03,Information Technology,20.243902439024392,23.3130081300813,61.86335403726708,66.68604651162791,37.35933983495874,23.0,0.31300813008130035,PASS,False
LTIM,2015-03,Information Technology,15.447971072719968,20.188830855765367,37.95656465942744,44.786096256684495,25.822699798522496,20.0,0.1888308557653673,PASS,False
LTIM,2016-03,Information Technology,14.300376325692781,17.584673280875812,39.34117647058824,47.1559633027523,26.64966528530443,18.0,0.41532671912418806,PASS,False
LTIM,2017-03,Information Technology,14.936163667128133,18.920166128287956,30.884223918575067,39.12213740458015,21.983246547430383,19.0,0.0798338717120437,PASS,False
LTIM,2018-03,Information Technology,15.22036682179031,16.24692033944703,28.808290155440414,30.751295336787564,20.835675473112236,16.0,0.24692033944702985,PASS,False
LTIM,2019-03,Information Technology,16.049121321194157,19.934363751852636,30.983036991620683,38.483547925608015,22.749099639855945,20.0,0.06563624814736357,PASS,False
LTIM,2020-03,Information Technology,13.971872414744002,18.650611269418146,28.127313101406365,32.1247625079164,17.243335224049915,19.0,0.34938873058185393,PASS,False
LTIM,2021-03,Information Technology,15.666936135812449,22.029102667744542,26.533406352683457,33.63367069859294,18.1019988791332,22.0,0.029102667744542288,PASS,False
LTIM,2022-03,Information Technology,15.128882760733847,20.10417863571948,27.645576707726764,36.08552179293277,19.200855531790783,20.0,0.1041786357194816,PASS,False
LTIM,2023-03,Information Technology,13.289937618660158,18.40701564053883,26.57907425265188,33.68444272872663,18.78114220007666,18.0,0.4070156405388303,PASS,False
LTIM,2024-03,Information Technology,12.90931103415266,17.982937748120616,22.904386052552702,28.914844492733938,16.64609352309033,18.0,0.01706225187938415,PASS,False
M&M,2013-03,Consumer Discretionary,6.010801682849781,13.270638929730833,20.685336405991684,18.729454306377384,5.423546255795931,13.0,0.2706389297308327,PASS,False
M&M,2014-03,Consumer Discretionary,6.964770746341266,13.743057526249643,22.11352812459776,17.39234531586688,5.864215089487876,14.0,0.2569424737503567,PASS,False
M&M,2015-03,Consumer Discretionary,4.732112865300638,12.306852536110178,13.075762849518505,13.789047798268724,3.582478596253285,12.0,0.3068525361101777,PASS,False
M&M,2016-03,Consumer Discretionary,4.686119645046874,13.293601086483564,13.41537067794051,14.81666544198692,3.5592677162200057,13.0,0.2936010864835641,PASS,False
M&M,2017-03,Consumer Discretionary,4.83568691583207,12.814391271650772,13.604002955201826,13.668194550547492,3.558659463258225,13.0,0.18560872834922826,PASS,False
M&M,2018-03,Consumer Discretionary,8.641170977479531,14.361413338545399,21.63970088375255,14.271686467471648,5.835637131606157,14.0,0.3614133385453986,PASS,False
M&M,2019-03,Consumer Discretionary,5.745743451647711,14.521442690577821,15.0488957807068,13.720890364609179,3.7167441889195683,15.0,0.4785573094221789,PASS,False
M&M,2020-03,Consumer Discretionary,-0.4258311002626622,13.47536547186331,-0.8031224198754034,8.32206847395974,-0.19370489270800648,13.0,0.47536547186330935,PASS,False
M&M,2021-03,Consumer Discretionary,2.035596004200436,15.464875198578316,3.636188735510557,9.399625226050881,0.9165413898453033,15.0,0.4648751985783157,PASS,False
M&M,2022-03,Consumer Discretionary,8.043606037417796,16.28350578345588,15.391634658234832,11.77201590661279,4.207369422465601,16.0,0.2835057834558796,PASS,False
M&M,2023-03,Consumer Discretionary,9.379148834409454,16.72727572586564,20.178831210304086,13.649546136609853,5.567766285006584,17.0,0.2727242741343616,PASS,False
M&M,2024-03,Consumer Discretionary,8.82238743726542,17.89787025985418,18.537543435564285,14.237260991666522,5.227460570376871,18.0,0.10212974014581988,PASS,False
MARUTI,2013-03,Consumer Discretionary,5.575117370892019,9.843355001805707,12.980870296405298,21.17298635723649,8.97626921539412,10.0,0.15664499819429345,PASS,False
MARUTI,2014-03,Consumer Discretionary,6.407435678685286,11.92133267477886,13.276888723483438,22.595744680851062,9.067225822849155,12.0,0.07866732522114006,PASS,False
MARUTI,2015-03,Consumer Discretionary,7.49788389992323,13.566662073581229,15.66329467883872,27.585654819084215,11.04794500681614,14.0,0.4333379264187709,PASS,False
MARUTI,2016-03,Consumer Discretionary,9.54522565073191,15.66965913629339,17.954664227854717,29.254060362433947,12.865702382624164,16.0,0.33034086370660987,PASS,False
MARUTI,2017-03,Consumer Discretionary,11.031798487185137,15.305867665418226,20.258934592043158,27.745680129928914,14.45535026943803,15.0,0.3058676654182264,PASS,False
MARUTI,2018-03,Consumer Discretionary,9.874826147426981,15.183751206004336,18.517822317253696,28.39268978444236,13.080932147125216,15.0,0.18375120600433625,PASS,False
MARUTI,2019-03,Consumer Discretionary,8.889482734581959,12.845656922433424,16.24692092075087,23.39795140946415,11.960480857915552,13.0,0.15434307756657617,PASS,False
MARUTI,2020-03,Consumer Discretionary,7.504625958234206,9.721120803595031,11.490903203610387,14.829525979393916,8.923744263531779,10.0,0.2788791964049686,PASS,False
MARUTI,2021-03,Consumer Discretionary,6.236855567555278,7.689137725231626,8.359840764937811,10.201349873685004,6.149125756556826,8.0,0.3108622747683736,PASS,False
MARUTI,2022-03,Consumer Discretionary,4.3926185893807315,6.511943846937621,7.012090434279725,10.315823454509585,5.197171024432062,7.0,0.48805615306237904,PASS,False
MARUTI,2023-03,Consumer Discretionary,6.9791402753145855,11.081834304535091,11.077747989276139,17.300390254192596,8.255249435598266,11.0,0.0818343045350911,PASS,False
MARUTI,2024-03,Consumer Discretionary,9.50809964894472,13.130031439890594,15.750385351954785,21.720016325578683,11.697772843960314,13.0,0.13003143989059396,PASS,False
MOTHERSON,2013-03,Consumer Discretionary,1.7867025061269666,5.850264843070598,19.746614242027086,20.575559571805925,3.548159196169244,6.0,0.14973515692940165,PASS,False
MOTHERSON,2014-03,Consumer Discretionary,3.6068915630959424,7.881238903136713,37.07333558634674,30.734709578151044,7.19627394384676,8.0,0.11876109686328729,PASS,False
MOTHERSON,2015-03,Consumer Discretionary,3.7275323851014104,8.2051873863997,38.86883273164862,33.63690124186871,7.414634146341463,8.0,0.20518738639970024,PASS,False
MOTHERSON,2016-03,Consumer Discretionary,4.766766981943251,9.533533963886502,40.34569024334774,33.900248423466465,9.021103483346046,10.0,0.46646603611349846,PASS,False
MOTHERSON,2017-03,Consumer Discretionary,5.12554276005286,9.842835567302247,26.25725338491296,22.399441490789968,6.799398948159278,10.0,0.15716443269775304,PASS,False
MOTHERSON,2018-03,Consumer Discretionary,4.013995701827612,9.10786281370442,22.865236746256574,25.313456412281564,6.112403310434359,9.0,0.10786281370442019,PASS,False
MOTHERSON,2019-03,Consumer Discretionary,3.3027407395746424,8.418997843300852,19.13709750980571,23.772058496688448,4.907143191280348,8.0,0.4189978433008523,PASS,False
MOTHERSON,2020-03,Consumer Discretionary,2.1307777174002536,7.6635544797378525,11.490986590888909,19.076115915891297,2.8734483600914884,8.0,0.33644552026214747,PASS,False
MOTHERSON,2021-03,Consumer Discretionary,2.7348788565452327,7.617221544361165,12.491043706711249,17.8432893716059,3.285932689689836,8.0,0.38277845563883517,PASS,False
MOTHERSON,2022-03,Consumer Discretionary,1.8534198889829712,7.391727036096214,5.741208470953954,13.577971081283485,2.121092488246061,7.0,0.3917270360962144,PASS,False
MOTHERSON,2023-03,Consumer Discretionary,2.119612123673656,7.933949332385643,7.438090147871014,17.246992605672663,2.7229740746779716,8.0,0.0660506676143573,PASS,False
MOTHERSON,2024-03,Consumer Discretionary,3.0600251286831757,9.445547764763102,11.546549416937488,20.231351867526097,3.58763572429851,9.0,0.4455477647631021,PASS,False
NAUKRI,2013-03,Communication Services,16.101694915254235,25.635593220338983,12.5,19.868637110016422,9.212121212121211,26.0,0.3644067796610173,PASS,False
NAUKRI,2014-03,Communication Services,10.582010582010582,17.10758377425044,8.928571428571429,14.413075780089152,5.660377358490567,17.0,0.10758377425043975,PASS,False
NAUKRI,2015-03,Communication Services,-1.912568306010929,2.8688524590163933,-0.9893992932862191,1.4830508474576272,-0.6314839873703203,3.0,0.1311475409836067,PASS,False
NAUKRI,2016-03,Communication Services,15.775401069518717,12.165775401069519,7.647440051847052,5.89378238341969,6.129870129870129,12.0,0.16577540106951894,PASS,False
NAUKRI,2017-03,Communication Services,-4.842342342342342,-1.0135135135135136,-2.701005025125628,-0.5649717514124294,-2.0944958597174863,-1.0,0.013513513513513598,PASS,False
NAUKRI,2018-03,Communication Services,50.708502024291505,22.16599190283401,24.49877750611247,10.703812316715542,19.298921417565484,22.0,0.16599190283400844,PASS,False
NAUKRI,2019-03,Communication Services,51.433536055603824,0.7819287576020852,23.27959103421156,0.3537735849056604,18.563813107557227,1.0,0.21807124239791476,PASS,False
NAUKRI,2020-03,Communication Services,-18.75,-26.676829268292686,-11.207289293849659,-15.404929577464788,-8.50328378845489,-27.0,0.3231707317073145,PASS,False
NAUKRI,2021-03,Communication Services,125.70921985815602,6.560283687943262,26.278724981467754,1.3550631752426296,22.536554354736175,7.0,0.43971631205673756,PASS,False
NAUKRI,2022-03,Communication Services,810.6985525487728,28.067967275015732,74.71291033522793,2.577140875996764,62.891178050090325,28.0,0.0679672750157323,PASS,False
NAUKRI,2023-03,Communication Services,-2.9838022165387894,14.83375959079284,-0.522466039707419,2.576632607729898,-0.42021851362708607,15.0,0.16624040920716077,PASS,False
NAUKRI,2024-03,Communication Services,23.462145110410095,28.036277602523658,1.9661621835965897,2.3305362527861546,1.6487018204993213,28.0,0.03627760252365775,PASS,False
NESTLEIND,2013-12,Consumer Staples,12.27337655202725,21.404241292165697,47.170608108108105,54.76525161653078,17.690845739626226,21.0,0.4042412921656968,PASS,False
NESTLEIND,2014-12,Consumer Staples,12.02435312024353,20.690005073566716,41.76947479732112,71.36856842842143,20.36082474226804,21.0,0.3099949264332835,PASS,False
NESTLEIND,2015-12,Consumer Staples,6.886850152905198,19.021406727828747,19.985800496982606,54.85008818342152,9.250739401906014,19.0,0.021406727828747307,PASS,False
NESTLEIND,2016-12,Consumer Staples,10.95066185318893,20.238485942457064,30.499695307739184,55.80693815987934,14.698972099853158,20.0,0.23848594245706423,PASS,False
NESTLEIND,2017-12,Consumer Staples,12.237762237762238,20.94905094905095,35.8187134502924,60.6946454413893,16.637240255330706,21.0,0.050949050949050445,PASS,False
NESTLEIND,2018-12,Consumer Staples,14.231314204746722,23.18455543747786,43.75170160631636,70.60409924487594,19.868941641938676,23.0,0.18455543747786152,PASS,False
NESTLEIND,2019-12,Consumer Staples,15.910744603444094,23.655913978494624,102.60688216892598,138.8704318936877,27.436219155165205,24.0,0.34408602150537604,PASS,False
NESTLEIND,2020-12,Consumer Staples,15.595505617977528,23.98501872659176,103.12035661218424,147.83010156971378,26.354430379746834,24.0,0.014981273408238849,PASS,False
NESTLEIND,2021-12,Consumer Staples,14.368089003459739,24.163896614883658,108.83864337101747,161.03074141048825,25.722613553558414,24.0,0.16389661488365803,PASS,False
NESTLEIND,2022-12,Consumer Staples,14.150440906669823,21.932887494821564,97.23464823098821,135.75091575091577,26.628800534580687,22.0,0.06711250517843581,PASS,False
NESTLEIND,2023-12,Consumer Staples,15.680225870542715,23.376555474223572,121.96014640097602,163.77289377289378,33.400155919367414,23.0,0.37655547422357216,PASS,False
NESTLEIND,2024-03,Consumer Staples,16.12281708616873,23.829630236943512,117.75449101796407,157.74762550881954,37.37527321106148,24.0,0.1703697630564882,PASS,False
NHPC,2013-03,Energy,45.02429086350102,65.06817113305125,9.64255747608659,8.28163957315249,4.607046070460704,65.0,0.06817113305125133,PASS,False
NHPC,2014-03,Energy,22.10041954256327,58.76302611990797,5.781349571620761,8.849485376541324,2.6584400996304556,59.0,0.23697388009203024,PASS,False
NHPC,2015-03,Energy,34.03478895511495,62.44982362243036,9.096820339423891,9.999610455377663,4.5543329643857025,62.0,0.4498236224303582,PASS,False
NHPC,2016-03,Energy,28.309791716542975,57.25401005506344,7.4740068893594165,9.272794245943274,3.764544832306639,57.0,0.2540100550634392,PASS,False
NHPC,2017-03,Energy,40.357184274614404,56.63922068885539,11.993796312252284,10.123958376518386,5.781979497233622,57.0,0.36077931114461137,PASS,False
NHPC,2018-03,Energy,35.912314635718886,54.77756286266925,9.270663426650245,8.733013999958885,4.425341235917563,55.0,0.22243713733075055,PASS,False
NHPC,2019-03,Energy,31.570744740064566,55.449181787821445,9.208390155204883,9.989170543879352,4.2497077951269215,55.0,0.4491817878214448,PASS,False
NHPC,2020-03,Energy,33.42326139088729,54.416466826538766,10.659316146712978,9.973080374310985,4.692958457847553,54.0,0.4164668265387661,PASS,False
NHPC,2021-03,Energy,37.3134328358209,54.69527363184079,10.891598342056696,9.353397851749442,4.922336469043973,55.0,0.3047263681592085,PASS,False
NHPC,2022-03,Energy,41.272965879265094,43.88670166229222,10.807250651470463,6.576855630398086,4.883034882517338,44.0,0.11329833770778208,PASS,False
NHPC,2023-03,Energy,40.17158480248892,58.30112190063166,11.5283677389681,9.299108284085953,4.942524735822575,58.0,0.30112190063165656,PASS,False
NHPC,2024-03,Energy,41.81893687707641,49.90656146179402,10.407730866621879,6.745435920463634,4.317394985905228,50.0,0.09343853820598014,PASS,False
NTPC,2013-03,Energy,17.598366844710423,25.376828211079726,15.492368291482029,11.966978550564095,7.040094867319999,25.0,0.37682821107972586,PASS,False
NTPC,2014-03,Energy,14.557640750670242,25.184475935146178,13.057518121128147,11.687719215091478,5.698138098521873,25.0,0.18447593514617822,PASS,False
NTPC,2015-03,Energy,12.496716985379642,21.70166464474655,12.171413257972569,9.412734748787607,4.547771628313429,22.0,0.29833535525344956,PASS,False
NTPC,2016-03,Energy,14.688811379366722,25.298381383181646,11.772863772863772,9.721516866580453,4.798700287094118,25.0,0.29838138318164553,PASS,False
NTPC,2017-03,Energy,13.059164818020038,26.32554057677775,10.950755330239783,10.206463747158702,4.309717177324307,26.0,0.32554057677775106,PASS,False
NTPC,2018-03,Energy,11.922845497996208,25.52705970505092,10.140687311105317,9.624933650668629,3.717627401837928,26.0,0.47294029494907974,PASS,False
NTPC,2019-03,Energy,13.993837685841633,22.645008824673187,12.602710202322262,7.984810927693688,4.045278058819968,23.0,0.3549911753268127,PASS,False
NTPC,2020-03,Energy,10.872981071402469,28.855148724694878,10.015146415348369,9.814681316495973,3.152271505340746,29.0,0.14485127530512187,PASS,False
NTPC,2021-03,Energy,13.421380602702387,30.524248863544667,11.904818711775981,10.13374133419855,3.7608473903452575,31.0,0.47575113645533307,PASS,False
NTPC,2022-03,Energy,12.7836947591374,30.42308301110282,12.528255056362376,11.66258766011425,4.078580000048096,30.0,0.4230830111028183,PASS,False
NTPC,2023-03,Energy,9.716413082340656,27.011412713456334,11.645116750440407,12.866009255655031,3.828582545635067,27.0,0.01141271345633399,PASS,False
NTPC,2024-03,Energy,11.950633329785267,28.82672926202094,13.273598407068633,12.933810240774582,4.450861504179203,29.0,0.17327073797905967,PASS,False
ONGC,2013-03,Energy,14.812574081390755,26.855121493480837,15.730882198678275,25.114020806632258,9.467927268135615,27.0,0.1448785065191629,PASS,False
ONGC,2014-03,Energy,15.314063208917936,28.216010705199256,15.489218829871277,22.204144351795357,8.205221308650485,28.0,0.21601070519925614,PASS,False
ONGC,2015-03,Energy,11.000913480360172,26.293320407896942,9.810201989415644,18.051271549793302,5.23994589266739,26.0,0.29332040789694247,PASS,False
ONGC,2016-03,Energy,10.563062336740945,31.55132380921668,6.623393693065202,16.08415463146387,3.8335498519480824,32.0,0.44867619078332055,PASS,False
ONGC,2017-03,Energy,10.325090440557014,18.691284432897,15.005710287777926,19.242388353406337,6.561835667285304,19.0,0.3087155671030004,PASS,False
ONGC,2018-03,Energy,8.077940912161534,17.628739471841243,12.777241335365824,18.317668537426464,5.676433698000139,18.0,0.3712605281587571,PASS,False
ONGC,2019-03,Energy,8.049352029296244,17.745431948845418,15.644389537831781,23.04420406805554,6.8931618810463435,18.0,0.2545680511545818,PASS,False
ONGC,2020-03,Energy,2.8876207376338447,13.13368353128592,5.585459084171932,15.573395660789593,2.2535033952050103,13.0,0.1336835312859197,PASS,False
ONGC,2021-03,Energy,7.029807568891126,16.28210064867747,9.665989383702671,13.968794470420818,3.9427925899126532,16.0,0.28210064867747064,PASS,False
ONGC,2022-03,Energy,10.03448374134344,16.259470815029538,18.995541477362497,20.937432009835145,8.451462469567602,16.0,0.2594708150295375,PASS,False
ONGC,2023-03,Energy,5.184005465837723,11.944974703103476,11.679440720905623,17.859220339463988,5.346142240852043,12.0,0.05502529689652391,PASS,False
ONGC,2024-03,Energy,9.655290194725701,17.388518015001793,16.940398136885513,20.975989850097196,8.044955154739396,17.0,0.38851801500179306,PASS,False
PFC,2013-03,Financials,25.63243617881483,34.578953448076696,18.741554054054056,3.669561699754218,2.6209177346010746,35.0,0.421046551923304,PASS,True
PFC,2014-03,Financials,25.515018451908254,35.53510533937497,19.845941428675243,4.073643680684599,2.81082750102923,36.0,0.4648946606250277,PASS,True
PFC,2015-03,Financials,24.027533215943652,33.73219145189691,18.52457498997254,3.8277794428852987,2.6228419654714474,34.0,0.2678085481030905,PASS,True
PFC,2016-03,Financials,22.19590108036323,32.88467750619145,17.164427667369825,3.8709186777529916,2.501415743062859,33.0,0.11532249380854864,PASS,True
PFC,2017-03,Financials,8.107030201950618,19.125484935281534,6.068666033383091,2.199401262518867,0.8615341935831885,19.0,0.12548493528153415,PASS,True
PFC,2018-03,Financials,18.091888779203686,24.169134583744654,22.08414921925993,2.4433194382361196,1.6835364791753984,24.0,0.16913458374465407,PASS,True
PFC,2019-03,Financials,23.361549550881602,32.866964846782246,26.824558052672902,3.03149116362006,2.009957558728447,33.0,0.1330351532177545,PASS,True
PFC,2020-03,Financials,15.23902941034588,22.53131582755793,19.18421052631579,2.169171203834287,1.3645375733779108,23.0,0.46868417244207095,PASS,True
PFC,2021-03,Financials,21.932566707602994,27.731104164340735,25.86272154294272,2.7581411036728487,2.0260227121838525,28.0,0.268895835659265,PASS,True
PFC,2022-03,Financials,24.60989745876059,30.602396999816424,26.18449690272895,3.1875894622974466,2.372692793931732,31.0,0.39760300018357597,PASS,True
PFC,2023-03,Financials,27.263014262911284,34.11384583698059,25.165759642577058,3.172571817132678,2.363432249540236,34.0,0.11384583698058748,PASS,True
PFC,2024-03,Financials,28.916597455960137,36.68859553263103,26.1609340860332,3.4859018926226346,2.54707727671322,37.0,0.3114044673689733,PASS,True
PIDILITIND,2013-03,Materials,11.52800435019032,15.171288743882544,25.681405208964264,31.66855845629966,16.207951070336392,15.0,0.17128874388254367,PASS,False
PIDILITIND,2014-03,Materials,10.506654214335747,15.689936960074713,23.05327868852459,33.633633633633636,15.368852459016393,16.0,0.3100630399252875,PASS,False
PIDILITIND,2015-03,Materials,10.611065235342693,15.91659785301404,22.643171806167402,33.118556701030926,15.5052790346908,16.0,0.08340214698596071,PASS,False
PIDILITIND,2016-03,Materials,15.05316172355904,21.88024622271964,30.591357088703564,43.15673289183223,21.72859450726979,22.0,0.11975377728035852,PASS,False
PIDILITIND,2017-03,Materials,15.364073348762686,22.467509346626315,24.863151829443964,35.360044830484725,18.09224318658281,22.0,0.46750934662631494,PASS,False
PIDILITIND,2018-03,Materials,15.893385982230997,22.063178677196447,27.028539451594852,36.25304136253041,18.580496249278706,22.0,0.0631786771964471,PASS,False
PIDILITIND,2019-03,Materials,13.111048318734106,19.369878496750495,22.372227579556416,32.17554564656184,15.718157181571815,19.0,0.3698784967504949,PASS,False
PIDILITIND,2020-03,Materials,15.382506169454347,21.606800109679188,25.179533213644522,33.22091062394604,17.200674536256326,22.0,0.3931998903208118,PASS,False
PIDILITIND,2021-03,Materials,15.439462498286026,23.118058412176058,20.132308242445916,28.460499662390276,12.775130474245518,23.0,0.11805841217605817,PASS,False
PIDILITIND,2022-03,Materials,12.166112287067836,18.707791553270837,18.847595252966894,27.21407624633431,12.71329260585633,19.0,0.2922084467291626,PASS,False
PIDILITIND,2023-03,Materials,10.924654631748453,16.831934909738113,17.872989462007766,26.121267920557674,12.270347453593528,17.0,0.1680650902618872,PASS,False
PIDILITIND,2024-03,Materials,14.108051360736493,21.868690947266415,20.780302129178065,30.81124132438275,14.466710831401125,22.0,0.1313090527335845,PASS,False
PNB,2013-03,Financials,11.655174014998492,,812.2977346278317,,65.57805355976485,,,PASS,True
PNB,2014-03,Financials,8.172071711375061,,393.3618843683083,,31.83708838821491,,,PASS,True
PNB,2015-03,Financials,7.236707041675221,,223.2425585813806,,18.51851851851852,,,PASS,True
PNB,2016-03,Financials,-6.908904810644831,,-163.56011183597388,,-11.829732735667823,,,PASS,True
PNB,2017-03,Financials,2.578134753839111,,22.212262459662963,,2.884078212290503,,,PASS,True
PNB,2018-03,Financials,-24.855823499230375,,-184.36596133353632,,-19.218318575645053,,,PASS,True
PNB,2019-03,Financials,-18.31361343893225,,-128.4465366509751,,-11.402985074626866,,,PASS,True
PNB,2020-03,Financials,0.883134855602899,,6.1029319239964765,,0.6149047848467175,,,PASS,True
PNB,2021-03,Financials,3.289192652712516,,30.393594225780983,,3.7780550376403625,,,PASS,True
PNB,2022-03,Financials,5.125783688780462,,39.87348229772472,,5.95287056923944,,,PASS,True
PNB,2023-03,Financials,3.8678104669238302,,30.667397060166163,,5.02806676146995,,,PASS,True
PNB,2024-03,Financials,8.395910695456838,,61.320565191187306,,12.652858189053626,,,PASS,True
POWERGRID,2013-03,Energy,32.97148536044645,82.84534821496827,16.3352649320153,11.331506963904806,3.8038876737458547,83.0,0.1546517850317315,PASS,False
POWERGRID,2014-03,Energy,29.238187078109934,83.36226293796207,13.107383710876707,10.904152441177954,3.214588634435963,83.0,0.3622629379620719,PASS,False
POWERGRID,2015-03,Energy,28.76852907639681,85.10262257696694,13.127292593459766,11.083143998455622,3.1383719773111753,85.0,0.10262257696693666,PASS,False
POWERGRID,2016-03,Energy,28.854348247143136,88.04958357544064,13.552422105981352,11.922761695570927,3.323257785312751,88.0,0.04958357544063574,PASS,False
POWERGRID,2017-03,Energy,28.995602599525238,87.36428376853328,14.94204467974171,13.295509730299548,3.808097637763081,87.0,0.3642837685332836,PASS,False
POWERGRID,2018-03,Energy,27.388662616011217,86.66955999198771,15.073678021533826,13.962856789419616,3.640494510858472,87.0,0.3304400080122889,PASS,False
POWERGRID,2019-03,Energy,28.62032573661542,76.78484839841411,16.981164006837144,13.10198817316818,4.056108011965398,77.0,0.21515160158588742,PASS,False
POWERGRID,2020-03,Energy,29.300021195421788,87.12908011869436,17.0937925064919,15.44190152418696,4.308628555621788,87.0,0.1290801186943611,PASS,False
POWERGRID,2021-03,Energy,30.363269424823407,88.05751765893038,17.210020590253947,16.374878030473617,4.706931343563752,88.0,0.05751765893037941,PASS,False
POWERGRID,2022-03,Energy,40.420931238287444,86.07467204843591,22.065130431361236,16.98373494261483,6.70412432755529,86.0,0.07467204843591446,PASS,False
POWERGRID,2023-03,Energy,33.81356489704624,86.78376422603776,18.57249536289837,18.702329757572894,6.113589057389236,87.0,0.21623577396223936,PASS,False
POWERGRID,2024-03,Energy,33.97028990249329,86.87476823070044,17.870011245496066,18.905165620757423,6.208612241806171,87.0,0.12523176929956037,PASS,False
RECLTD,2013-03,Financials,28.113539680211236,97.33020390200969,21.86537364517969,10.591258819397886,2.9355901049245614,97.0,0.33020390200968563,PASS,True
RECLTD,2014-03,Financials,27.527143935435173,96.67305347500435,22.789982214103734,11.32838014369693,3.0998273878020717,97.0,0.32694652499564825,PASS,True
RECLTD,2015-03,Financials,26.012461059190027,94.4071261682243,21.31461391193363,11.016694026162874,2.912960055817199,94.0,0.4071261682242948,PASS,True
RECLTD,2016-03,Financials,23.589637305699483,93.03626943005182,19.69681237670024,11.329850331894702,2.750006040252241,93.0,0.03626943005181715,PASS,True
RECLTD,2017-03,Financials,25.938861040348428,92.2425836141014,18.749071901636423,11.140167623546692,3.002687340959357,92.0,0.24258361410140594,PASS,True
RECLTD,2018-03,Financials,19.644275752493602,85.08694500838556,13.658401865717442,8.13614399358528,1.8364484053306929,85.0,0.08694500838555541,PASS,True
RECLTD,2019-03,Financials,22.59524559193955,93.29738664987406,16.618421814392402,8.502663247188796,1.9235795130907944,93.0,0.2973866498740563,PASS,True
RECLTD,2020-03,Financials,16.605437178545188,86.70429497027587,14.046388111986891,8.070292148243938,1.432729158862346,87.0,0.2957050297241324,PASS,True
RECLTD,2021-03,Financials,23.562167786933657,90.74162612143881,19.143588337446303,8.638854899902809,2.089969990046574,91.0,0.2583738785611871,PASS,True
RECLTD,2022-03,Financials,25.55250025460841,87.68204501476728,19.558015356432943,8.959899260323086,2.4426812052767364,88.0,0.31795498523271704,PASS,True
RECLTD,2023-03,Financials,28.28090968951021,95.29453477181787,19.213695801789402,8.573055979585792,2.3989104259263634,95.0,0.29453477181786525,PASS,True
RECLTD,2024-03,Financials,29.7682934528695,100.7702506471368,20.39653929343908,9.29915054435852,2.5803050396668312,101.0,0.22974935286319464,PASS,True
RELIANCE,2013-03,Energy,5.274815194579209,8.373383978563329,11.472357254675785,11.461451772368065,5.763928943003723,8.0,0.3733839785633286,PASS,False
RELIANCE,2014-03,Energy,5.2011321250873666,8.058433155487277,11.348502921680835,10.352706194732225,5.257868264143288,8.0,0.05843315548727723,PASS,False
RELIANCE,2015-03,Energy,6.314574807945039,10.003151945124102,10.81927148408002,9.682999353587588,4.685957588515835,10.0,0.00315194512410244,PASS,False
RELIANCE,2016-03,Energy,10.954828437576811,15.327808410649233,12.895800583876039,9.801534238862693,4.985166870618717,15.0,0.32780841064923294,PASS,False
RELIANCE,2017-03,Energy,9.81497200234246,15.234871066016566,11.31284863239404,9.623553567865931,4.2208426122167175,15.0,0.2348710660165665,PASS,False
RELIANCE,2018-03,Energy,9.231800584919515,16.456298631349743,12.292764032081116,12.05870827544441,4.447331539444798,16.0,0.4562986313497426,PASS,False
RELIANCE,2019-03,Energy,7.00939759332931,14.823951282425742,10.290820227737708,12.125337854369295,3.9931637982017385,15.0,0.17604871757425755,PASS,False
RELIANCE,2020-03,Energy,6.683660728800578,14.960472884080051,8.878677370949715,11.098608850688613,3.429018542323186,15.0,0.03952711591994884,PASS,False
RELIANCE,2021-03,Energy,11.524382005845935,17.32549586431257,7.675114114817502,8.251168890059992,4.0709359008836685,17.0,0.3254958643125683,PASS,False
RELIANCE,2022-03,Energy,9.76646566082171,15.630519683361813,8.703823678454365,9.883192265367367,4.527158950022088,16.0,0.36948031663818703,PASS,False
RELIANCE,2023-03,Energy,8.45371270521545,16.239006111392566,10.349336194179966,12.189602718888326,4.613539475503181,16.0,0.2390061113925661,PASS,False
RELIANCE,2024-03,Energy,8.789365557299389,18.07459281612296,9.958650553699458,12.974182257168223,4.502440958879758,18.0,0.07459281612295854,PASS,False
SBILIFE,2013-03,Financials,4.236718224613315,2.8715534633490245,23.026315789473685,15.60672514619883,1.1728785791413783,3.0,0.1284465366509755,PASS,True
SBILIFE,2014-03,Financials,4.218333526480473,2.9609456483949472,21.69249106078665,15.226460071513706,1.2005277044854883,3.0,0.03905435160505277,PASS,True
SBILIFE,2015-03,Financials,3.4830548314030514,3.3933074062994146,20.09368836291913,19.57593688362919,1.0995534329002576,3.0,0.39330740629941463,PASS,True
SBILIFE,2016-03,Financials,4.367625750362244,4.760919064375906,17.832241707162478,19.437988590745828,1.0116386388426086,5.0,0.23908093562409416,PASS,True
SBILIFE,2017-03,Financials,3.1262275762734055,3.496137226659683,17.201008645533143,19.236311239193082,0.9340766823161188,4.0,0.5038627733403169,PASS,True
SBILIFE,2018-03,Financials,3.3756017377010687,3.9098274040154988,17.61642156862745,20.40441176470588,0.9447913243509694,4.0,0.09017259598450122,PASS,True
SBILIFE,2019-03,Financials,2.9750695004932295,3.304636355483813,17.51583949313622,19.456177402323124,0.9043575449452751,3.0,0.30463635548381296,PASS,True
SBILIFE,2020-03,Financials,3.246723594684689,3.0846157358783506,16.264440123527393,15.452361889511609,0.8587993719048195,3.0,0.08461573587835058,PASS,True
SBILIFE,2021-03,Financials,1.7774956356133946,1.0645440894607694,14.000000000000002,8.384615384615385,0.641890402504078,1.0,0.0645440894607694,PASS,True
SBILIFE,2022-03,Financials,1.8148295434004555,0.8796982514490921,12.958182756840475,6.281190844949235,0.5509682187190171,1.0,0.12030174855090792,PASS,True
SBILIFE,2023-03,Financials,2.1342824544868297,0.15129718736048417,13.220156706099248,0.937163926870487,0.547045604086472,0.0,0.15129718736048417,PASS,True
SBILIFE,2024-03,Financials,1.4349789374791648,0.18638058005273206,12.704588140595655,1.650120740541991,0.4755221579767963,0.0,0.18638058005273206,PASS,True
SBIN,2013-03,Financials,11.046220888698386,-3.0504357765395054,,,,-3.0,0.05043577653950537,PASS,True
SBIN,2014-03,Financials,7.831822365150057,-7.729739450550613,,,,-8.0,0.2702605494493868,PASS,True
SBIN,2015-03,Financials,8.574148691663382,-10.520065008126016,,,,-11.0,0.4799349918739839,PASS,True
SBIN,2016-03,Financials,5.900749207960731,-14.684566678602023,,,,-15.0,0.3154333213979772,PASS,True
SBIN,2017-03,Financials,-0.042092107946729615,-27.917048171596942,,,,-28.0,0.0829518284030577,PASS,True
SBIN,2018-03,Financials,-1.6373324016246669,-37.86391230292178,,,,-38.0,0.13608769707821722,PASS,True
SBIN,2019-03,Financials,1.322822336788751,-27.099501819818254,,,,-27.0,0.09950181981825423,PASS,True
SBIN,2020-03,Financials,7.833923780442613,-23.78377777448379,,,,-24.0,0.2162222255162085,PASS,True
SBIN,2021-03,Financials,8.589252647286195,-25.426532189921435,,,,-25.0,0.42653218992143493,PASS,True
SBIN,2022-03,Financials,12.822917995813404,-21.92273073699965,,,,-22.0,0.07726926300034975,PASS,True
SBIN,2023-03,Financials,16.460260228876,-12.381250979777395,,,,-12.0,0.38125097977739486,PASS,True
SBIN,2024-03,Financials,15.83441297482405,-13.729168991026642,,,,-14.0,0.2708310089733583,PASS,True
SHREECEM,2013-06,Materials,18.530823181985973,28.811369509043928,26.11862643080125,30.416991426344502,16.2987012987013,29.0,0.1886304909560721,PASS,False
SHREECEM,2014-06,Materials,13.770778652668417,24.32195975503062,16.705582678836763,23.515479614278465,10.738163460226497,24.0,0.321959755030619,PASS,False
SHREECEM,2015-06,Materials,6.806199073334398,21.47307876657613,8.074298711144806,21.701921524301632,5.326331582895724,21.0,0.4730787665761298,PASS,False
SHREECEM,2017-03,Materials,15.580637654177332,29.24133116127531,17.394128345024683,27.95017239461684,11.99176070213147,29.0,0.2413311612753084,PASS,False
SHREECEM,2018-03,Materials,14.075053391640393,25.15000508491813,15.55580532763853,20.10569105691057,9.140140007924977,25.0,0.15000508491813136,PASS,False
SHREECEM,2019-03,Materials,8.084428514536041,22.277976901632815,10.495295212490953,22.422639089305758,6.551345769056994,22.0,0.2779769016328153,PASS,False
SHREECEM,2020-03,Materials,11.998756605533105,29.305253341622628,11.72450451818665,23.113699049954032,7.741676694745286,29.0,0.3052533416226275,PASS,False
SHREECEM,2021-03,Materials,17.234513274336283,30.169616519174042,15.17828148340586,23.20871390480513,10.863198995955933,30.0,0.16961651917404197,PASS,False
SHREECEM,2022-03,Materials,8.454363757495004,24.716855429713526,7.268041237113403,18.939200571749453,5.343382879279127,25.0,0.2831445702864741,PASS,False
SHREECEM,2023-03,Materials,13.270221823885278,16.580775263275825,12.711955355226442,13.857029165301249,8.99597478544847,17.0,0.4192247367241748,PASS,False
SHREECEM,2024-03,Materials,8.445007553238145,22.01647093221578,8.370767521615225,20.206628203408023,6.205908683974934,22.0,0.016470932215778333,PASS,False
SHRIRAMFIN,2013-03,Financials,20.873163076045085,31.088600370951635,19.937312619242302,5.350653177487477,3.0947243728053473,31.0,0.0886003709516352,PASS,True
SHRIRAMFIN,2014-03,Financials,16.021708352996697,23.58423784804153,15.957696827262044,4.240560033941451,2.5949705724986623,24.0,0.41576215195847155,PASS,True
SHRIRAMFIN,2015-03,Financials,11.201917838073443,18.426501035196686,11.094323332613858,3.0217472882900593,1.6539563020883612,18.0,0.4265010351966865,PASS,True
SHRIRAMFIN,2016-03,Financials,11.429674679023073,17.607877208224732,11.635220125786164,3.0417236433979253,1.7408436622410421,18.0,0.3921227917752681,PASS,True
SHRIRAMFIN,2017-03,Financials,11.611483078051913,18.08676511052004,11.17190257677374,3.0615413277029124,1.7005614808048786,18.0,0.08676511052004088,PASS,True
SHRIRAMFIN,2018-03,Financials,18.878684639312695,28.181010220708043,18.619430241051862,3.9709458260715293,2.6181183237469186,28.0,0.18101022070804262,PASS,True
SHRIRAMFIN,2019-03,Financials,16.580844490216272,24.465756951596294,16.13731754682704,3.6591353235076096,2.443582276439731,24.0,0.46575695159629404,PASS,True
SHRIRAMFIN,2020-03,Financials,15.168166173540246,21.526477869693856,13.84632344835189,3.1583050577176928,2.1983792204155215,22.0,0.47352213030614365,PASS,True
SHRIRAMFIN,2021-03,Financials,14.343932958328551,19.527034783606933,11.50711424229866,2.652362723466627,1.9236394426910937,20.0,0.4729652163930673,PASS,True
SHRIRAMFIN,2022-03,Financials,14.131394443001819,19.03921059465074,10.427284920482851,2.601088398691651,1.9125875108949308,19.0,0.03921059465073995,PASS,True
SHRIRAMFIN,2023-03,Financials,19.742883379247015,28.856749311294767,13.835263835263836,4.236113117074439,2.8588660464541986,29.0,0.1432506887052334,PASS,True
SHRIRAMFIN,2024-03,Financials,20.333626470264925,28.918874354182698,15.116350338120824,4.304889074344531,2.9802711607711085,29.0,0.08112564581730197,PASS,True
SIEMENS,2011-09,Industrials,7.26056043496445,9.795064826432455,22.746331236897273,30.686582809224316,8.544989171096674,10.0,0.2049351735675451,PASS,False
SIEMENS,2014-09,Industrials,5.6471249297621275,1.1144409065368046,13.782857142857145,2.7199999999999998,5.860058309037901,1.0,0.11444090653680461,PASS,False
SIEMENS,2015-09,Industrials,11.114266780270757,9.448073463978037,22.94313074066836,19.40879035394788,11.100605143721634,9.0,0.44807346397803727,PASS,False
SIEMENS,2016-09,Industrials,26.889360524130296,9.421426594075852,42.83404380420402,14.953134153485648,24.311696979809778,9.0,0.4214265940758519,PASS,False
SIEMENS,2017-09,Industrials,10.275643922277451,9.543605964753727,14.785435630689205,13.732119635890767,8.654285279342364,10.0,0.456394035246273,PASS,False
SIEMENS,2018-09,Industrials,7.041813208284486,10.371238765142634,10.85672972647307,15.98987829859019,6.284877232142858,10.0,0.37123876514263365,PASS,False
SIEMENS,2019-09,Industrials,8.399571996331396,11.38795475389789,12.144988396507902,16.465907835119904,7.15587967183227,11.0,0.38795475389789047,PASS,False
SIEMENS,2020-09,Industrials,7.7317514578725115,10.08445606273879,8.1015592077539,10.566793088916983,4.848675914249685,10.0,0.08445606273878958,PASS,False
SIEMENS,2021-09,Industrials,8.25125018942264,11.001666919230187,10.52478979414323,14.027630180658873,6.04496253122398,11.0,0.001666919230187247,PASS,False
SIEMENS,2022-09,Industrials,9.561283926137069,11.525591770975337,13.290267011197244,15.773405698778834,7.673181162663484,12.0,0.47440822902466273,PASS,False
SIEMENS,2023-09,Industrials,10.03375268487266,12.718625345197914,14.991976770841292,18.752827627808777,9.064030305830178,13.0,0.2813746548020859,PASS,False
SIEMENS,2024-09,Industrials,12.221223021582734,13.956834532374101,17.698769290877124,19.85162445638271,10.743507648523657,14.0,0.04316546762589901,PASS,False
SUNPHARMA,2013-03,Healthcare,31.165214266463032,42.979067469230074,23.142094729819878,31.37049180327869,17.024095794277862,43.0,0.02093253076992596,PASS,False
SUNPHARMA,2014-03,Healthcare,24.12313432835821,43.55099502487562,20.939271255060728,33.21160959878593,13.332187661110156,44.0,0.44900497512438164,PASS,False
SUNPHARMA,2015-03,Healthcare,19.99123831775701,28.818633177570092,21.358920352601608,22.792631518161343,11.239045214785625,29.0,0.18136682242990787,PASS,False
SUNPHARMA,2016-03,Healthcare,19.861691297784954,28.693790149892934,17.154291604766094,19.705882352941178,10.207837194197879,29.0,0.3062098501070665,PASS,False
SUNPHARMA,2017-03,Healthcare,24.846412059028438,31.99062638545823,21.413755458515286,21.737820623170943,12.842294786807432,32.0,0.00937361454176866,PASS,False
SUNPHARMA,2018-03,Healthcare,9.596436256559326,21.257880629695343,6.634650519392389,11.562865767264215,3.9535281583899717,21.0,0.2578806296953431,PASS,False
SUNPHARMA,2019-03,Healthcare,11.036950388770386,21.939723388151105,7.747108116593012,12.281647824663445,4.96671311348506,22.0,0.0602766118488951,PASS,False
SUNPHARMA,2020-03,Healthcare,12.704793227358548,21.264997868323285,9.216834198608197,13.03284807764091,6.117840279203449,21.0,0.26499786832328454,PASS,False
SUNPHARMA,2021-03,Healthcare,6.782494477282226,25.285091647262526,4.889912403417773,16.82826035126758,3.359853302179764,25.0,0.2850916472625258,PASS,False
SUNPHARMA,2022-03,Healthcare,8.767527293423708,26.538003828840484,7.0587990252233865,20.806880184986106,4.856970878238935,27.0,0.46199617115951597,PASS,False
SUNPHARMA,2023-03,Healthcare,19.39798569019733,26.546051132479608,15.20314313778016,18.527059048043128,10.547378332837743,27.0,0.453948867520392,PASS,False
SUNPHARMA,2024-03,Healthcare,19.815658700538176,26.84289749881436,15.094161810671148,19.446975695015013,11.2650630655976,28.0,1.1571025011856406,MISMATCH,False
TATACONSUM,2013-03,Consumer Staples,6.0535981499115765,10.474765338049245,9.251559251559252,12.421358283594127,5.060268364794178,10.0,0.47476533804924514,PASS,False
TATACONSUM,2014-03,Consumer Staples,6.590850348927371,9.7182734556733,8.719439220379552,10.319747495540003,5.145797598627787,10.0,0.2817265443267001,PASS,False
TATACONSUM,2015-03,Consumer Staples,3.415488552483423,9.908670086325534,4.96996176952485,11.61801378905677,2.886445337280609,10.0,0.09132991367446586,PASS,False
TATACONSUM,2016-03,Consumer Staples,-0.5574807895133344,5.514539701672443,-0.5922842964623019,4.815155900539403,-0.3739262253663466,6.0,0.4854602983275571,PASS,False
TATACONSUM,2017-03,Consumer Staples,6.710914454277287,11.666666666666666,7.262569832402235,11.216676120249575,4.763899068160402,12.0,0.3333333333333339,PASS,False
TATACONSUM,2018-03,Consumer Staples,8.158473954512106,12.311078503301541,7.907836723083488,10.359303617730584,5.31497944747156,12.0,0.3110785033015411,PASS,False
TATACONSUM,2019-03,Consumer Staples,6.301709873138445,10.83838940981798,6.232951445717403,9.276525433730674,4.199981619336459,11.0,0.16161059018202018,PASS,False
TATACONSUM,2020-03,Consumer Staples,4.77326968973747,13.406661824219155,3.329714078899747,8.389065645087982,2.490120716721702,13.0,0.40666182421915487,PASS,False
TATACONSUM,2021-03,Consumer Staples,8.015859334597483,13.308050336148941,6.398789046374019,9.549727857496288,4.599861509545949,13.0,0.3080503361489413,PASS,False
TATACONSUM,2022-03,Consumer Staples,8.169014084507042,13.835010060362174,6.703209615638621,10.384197172888728,4.816132858837485,14.0,0.1649899396378256,PASS,False
TATACONSUM,2023-03,Consumer Staples,9.577015163607342,13.465863745193355,8.109602506604412,10.38205515466801,5.799138915736754,13.0,0.4658637451933547,PASS,False
TATACONSUM,2024-03,Consumer Staples,7.9902669998684726,15.020386689464685,7.566793298872766,11.692433705334288,4.358119014311847,15.0,0.020386689464684693,PASS,False
TATAMOTORS,2013-03,Consumer Discretionary,5.284094219595007,13.02802540348424,26.505832026994714,26.924129475769814,5.9264539891879044,13.0,0.02802540348423932,PASS,False
TATAMOTORS,2014-03,Consumer Discretionary,6.034342063444342,14.96903373218688,21.416377050179864,27.607211317586298,6.432384423099815,15.0,0.030966267813120396,PASS,False
TATAMOTORS,2015-03,Consumer Discretionary,5.347717539586334,14.910757374819026,25.013330489495573,30.21359492423309,5.9300929144807535,15.0,0.08924262518097414,PASS,False
TATAMOTORS,2016-03,Consumer Discretionary,4.276935021937695,14.061733187814507,14.791265579086026,25.88799287987486,4.437199829776886,14.0,0.06173318781450732,PASS,False
TATAMOTORS,2017-03,Consumer Discretionary,2.8020749518897414,10.971363735803303,13.015397333884469,21.650593417528867,2.7723970944309926,11.0,0.02863626419669707,PASS,False
TATAMOTORS,2018-03,Consumer Discretionary,3.1181615503344196,10.789915966386554,9.526554051221863,17.06168848778054,2.778490916648329,11.0,0.2100840336134464,PASS,False
TATAMOTORS,2019-03,Consumer Discretionary,-9.513211321529585,8.16856440726242,-47.73093604081158,14.826213977421643,-9.396047798026189,8.0,0.16856440726241928,PASS,False
TATAMOTORS,2020-03,Consumer Discretionary,-4.586927543781696,6.889775843841452,-18.984131010320393,9.574326518228322,-3.740095384144494,7.0,0.11022415615854797,PASS,False
TATAMOTORS,2021-03,Consumer Discretionary,-5.362397165675854,12.92539882703817,-24.245660397849658,16.357952760692683,-3.921597329976286,13.0,0.07460117296182922,PASS,False
TATAMOTORS,2022-03,Consumer Discretionary,-4.061353042154179,8.877588398801956,-25.378694374004173,12.941730799434584,-3.4367488094912497,9.0,0.12241160119804384,PASS,False
TATAMOTORS,2023-03,Consumer Discretionary,0.7775308049611668,9.196252821800924,5.935307356250828,17.73121185944771,0.8037672481280291,9.0,0.19625282180092363,PASS,False
TATAMOTORS,2024-03,Consumer Discretionary,7.263066074788551,13.595385542828959,37.45613415294755,30.98033093974399,8.607629877598297,14.0,0.40461445717104105,PASS,False
TATAPOWER,2013-03,Energy,0.37073876480694457,16.864092594267113,0.9971625456019456,11.141645259573451,0.18288059235469914,17.0,0.13590740573288684,PASS,False
TATAPOWER,2014-03,Energy,0.033588982813637126,19.35845042825953,0.0967663898072736,13.15479134172785,0.016810725242704848,19.0,0.35845042825953044,PASS,False
TATAPOWER,2015-03,Energy,1.3604024647992141,18.756883874616737,3.1917865623690456,11.47200728265817,0.607834009443373,19.0,0.24311612538326344,PASS,False
TATAPOWER,2016-03,Energy,2.664948803146403,7.137044822675799,6.7566405914209575,4.169803098133988,1.1219435602438015,7.0,0.13704482267579898,PASS,False
TATAPOWER,2017-03,Energy,3.9872408293460926,19.838335508191967,8.32450431360678,8.823292331006465,1.3280372816284152,20.0,0.16166449180803255,PASS,False
TATAPOWER,2018-03,Energy,9.728017883755587,8.550670640834575,15.921702542837979,3.5314211854496214,3.1883456259463685,9.0,0.44932935916542505,PASS,False
TATAPOWER,2019-03,Energy,8.721261001974499,10.27408721261002,14.236547391423107,4.595051713041266,3.099687176620318,10.0,0.27408721261002,PASS,False
TATAPOWER,2020-03,Energy,4.516749038989566,23.355985722130697,6.725953184094859,9.517216301641913,1.4675379708722707,23.0,0.355985722130697,PASS,False
TATAPOWER,2021-03,Energy,4.400207931994006,21.163196037060818,6.446266182860727,10.02593037910504,1.4586184177183112,21.0,0.16319603706081764,PASS,False
TATAPOWER,2022-03,Energy,5.035500747384155,16.421431240657697,9.606986899563319,9.548189089723916,1.9155930697467793,16.0,0.42143124065769655,PASS,False
TATAPOWER,2023-03,Energy,6.913571285996843,14.023117821045563,13.234681117132139,9.457722950398354,2.97433175118661,14.0,0.023117821045563147,PASS,False
TATAPOWER,2024-03,Energy,6.965125551270159,17.469771680580646,13.227840276919272,12.476029984310536,3.0779409438060035,17.0,0.4697716805806458,PASS,False
TATASTEEL,2013-03,Materials,-5.398182789951898,2.943316111408041,-21.280580592297788,3.8607219014420506,-4.951115226449522,3.0,0.056683888591959164,PASS,False
TATASTEEL,2014-03,Materials,2.466120284764558,10.889956531686112,9.042238231520773,13.24809063449055,2.1357311018391183,11.0,0.11004346831388823,PASS,False
TATASTEEL,2015-03,Materials,-2.8235749512558783,2.4436575295332035,-12.564994098695333,3.0423917893797414,-2.475661339082013,2.0,0.4436575295332035,PASS,False
TATASTEEL,2016-03,Materials,-0.4874221546609131,-0.6129554258814298,-1.136467575230952,-0.4971404481422856,-0.2809751023269488,-1.0,0.3870445741185702,PASS,False
TATASTEEL,2017-03,Materials,-3.712410618082084,11.704467537555988,-11.023559586451254,10.87782311123617,-2.4175543790265994,12.0,0.29553246244401166,PASS,False
TATASTEEL,2018-03,Materials,14.396060008600475,17.38999910749783,29.148527213287117,14.006848867453503,8.500780943072604,17.0,0.38999910749782885,PASS,False
TATASTEEL,2019-03,Materials,5.785538057576315,18.59465081912107,13.234675371780922,17.272197053157456,3.918839384292852,19.0,0.4053491808789289,PASS,False
TATASTEEL,2020-03,Materials,0.8396689959017859,12.489897508886616,1.5956290094596066,9.19569887943382,0.4712039783422771,12.0,0.48989750888661554,PASS,False
TATASTEEL,2021-03,Materials,5.240124380974318,19.517063994779072,11.031937391398053,18.74400884846995,3.357809674919745,20.0,0.48293600522092817,PASS,False
TATASTEEL,2022-03,Materials,17.113121467131773,26.02486483384503,36.48016916718366,33.41508599818951,14.782488616325923,26.0,0.024864833845029466,PASS,False
TATASTEEL,2023-03,Materials,3.3182249653795104,13.272899861518042,7.833569391358336,17.183136055326507,2.829401953776507,13.0,0.2728998615180416,PASS,False
TATASTEEL,2024-03,Materials,-2.1425049417247384,9.70803461170916,-5.334926929972293,12.42093156986774,-1.823164211026616,10.0,0.2919653882908406,PASS,False
TCS,2013-03,Information Technology,22.346758957913288,28.639921256092332,36.51740777253152,46.40156386645404,27.104675344681507,29.0,0.3600787439076676,PASS,False
TCS,2014-03,Information Technology,23.630651884267014,30.746005940666677,39.29667649151337,50.82235512810151,28.927561388020173,31.0,0.25399405933332275,PASS,False
TCS,2015-03,Information Technology,21.194320006761895,25.866368016228552,39.616865804285574,48.0105112466417,27.36026623748602,26.0,0.1336319837714477,PASS,False
TCS,2016-03,Information Technology,22.401192864900686,28.2357380851573,34.2441467807294,43.01498941346383,27.565663544415624,28.0,0.2357380851573012,PASS,False
TCS,2017-03,Information Technology,22.342878456504415,27.390095451231712,30.571600900085834,37.35246176433187,25.75610995475555,27.0,0.3900954512317121,PASS,False
TCS,2018-03,Information Technology,21.02287496750715,26.41343904341045,30.401278075368854,38.08609077598828,24.618077354793297,26.0,0.4134390434104489,PASS,False
TCS,2019-03,Information Technology,21.549469831971216,26.973365286795982,35.28609440332715,44.136836930777136,27.710028884733234,27.0,0.026634713204018112,PASS,False
TCS,2020-03,Information Technology,20.673594607165384,26.829734499741953,38.56952666238737,45.62188515709643,27.010580469003635,27.0,0.1702655002580471,PASS,False
TCS,2021-03,Information Technology,19.833472410873632,28.351108864213625,37.67311096456215,49.39720677505625,25.04923379900302,28.0,0.3511088642136251,PASS,False
TCS,2022-03,Information Technology,20.051211448001087,27.669305464292794,43.13375739014349,54.72219643759605,27.283500326417077,28.0,0.33069453570720597,PASS,False
TCS,2023-03,Information Technology,18.763139919630266,26.283831134845514,46.7829337344068,60.39933953033268,29.61171504770438,26.0,0.2838311348455136,PASS,False
TCS,2024-03,Information Technology,19.136712150207767,26.690688396923118,50.944313673485176,65.26850065983149,31.689259788825343,27.0,0.3093116030768819,PASS,False
TECHM,2013-03,Information Technology,19.01644114651535,20.689655172413794,24.087725764835973,20.893329415221864,14.548085485307213,21.0,0.3103448275862064,PASS,False
TECHM,2014-03,Information Technology,16.28550154238911,22.189128816083397,33.34785449793073,43.708748035620744,19.209535759096614,22.0,0.1891288160833966,PASS,False
TECHM,2015-03,Information Technology,11.754564342867248,18.535873745634586,21.70966688438929,32.3833796725363,13.396815800080613,19.0,0.4641262543654143,PASS,False
TECHM,2016-03,Information Technology,11.425228353589493,16.0791122518306,20.745665136042764,27.164902435913785,13.438401775804662,16.0,0.07911225183060111,PASS,False
TECHM,2017-03,Information Technology,9.783466593459387,14.357777701520194,17.34501429701284,23.50165702409706,10.941397705031278,14.0,0.3577777015201935,PASS,False
TECHM,2018-03,Information Technology,12.302992883371786,15.305625060930037,20.092341983760548,22.175141242937855,12.441260556669185,15.0,0.30562506093003705,PASS,False
TECHM,2019-03,Information Technology,12.345288123884636,18.050198606873526,21.143702243036728,28.14505632601768,12.823656042576093,18.0,0.05019860687352562,PASS,False
TECHM,2020-03,Information Technology,10.570142128675274,14.926223283063903,17.865493054600467,21.594788682651178,10.442681815745752,15.0,0.07377671693609678,PASS,False
TECHM,2021-03,Information Technology,11.499141460837405,17.952714304583278,17.506535290569072,24.47597781459339,10.991869097520327,18.0,0.04728569541672201,PASS,False
TECHM,2022-03,Information Technology,12.610312234018725,17.963535367110158,20.940266309603512,27.182754880694144,12.675612391930835,18.0,0.03646463288984236,PASS,False
TECHM,2023-03,Information Technology,9.11428035278664,14.567461062112965,17.3936398796734,25.316331854943908,10.59855543675126,15.0,0.4325389378870348,PASS,False
TECHM,2024-03,Information Technology,4.60996999769213,8.666051234710363,8.987963553189097,15.428336643155516,5.555169297086839,9.0,0.33394876528963735,PASS,False
TITAN,2013-03,Consumer Discretionary,7.161908525140769,10.01679344067964,36.80203045685279,51.47208121827411,12.321549966009519,10.0,0.01679344067964017,PASS,False
TITAN,2014-03,Consumer Discretionary,6.726457399103139,9.581769927702021,29.131985731272298,31.44144144144144,12.027491408934708,10.0,0.4182300722979786,PASS,False
TITAN,2015-03,Consumer Discretionary,6.849660035255603,9.678502476286411,26.459143968871597,36.212311557788944,13.905930470347649,10.0,0.32149752371358886,PASS,False
TITAN,2016-03,Consumer Discretionary,5.9861653068464,8.32742107130188,19.24721984602224,25.939226519337016,10.64333017975402,8.0,0.32742107130187925,PASS,False
TITAN,2017-03,Consumer Discretionary,5.256013875273358,8.777618580800844,16.46586345381526,19.03515944399019,8.289724072312083,9.0,0.22238141919915577,PASS,False
TITAN,2018-03,Consumer Discretionary,6.836228287841191,10.198511166253102,21.650294695481335,24.244211768175784,11.574414452263419,10.0,0.19851116625310183,PASS,False
TITAN,2019-03,Consumer Discretionary,7.022599726983164,10.081399464078062,22.8830313014827,23.56138485170743,11.861656703672075,10.0,0.08139946407806242,PASS,False
TITAN,2020-03,Consumer Discretionary,7.091962758882767,11.69960098802964,22.38716449242765,24.073893070081127,11.02333136444182,12.0,0.30039901197035945,PASS,False
TITAN,2021-03,Consumer Discretionary,4.500092404361486,7.969876178155609,12.99186341203148,13.132851161020175,5.923133057650206,8.0,0.03012382184439133,PASS,False
TITAN,2022-03,Consumer Discretionary,7.632209451717073,11.611514288690579,23.6267870579383,20.1713113765231,10.37379648857844,12.0,0.38848571130942133,PASS,False
TITAN,2023-03,Consumer Discretionary,8.069008009858287,12.03203943314849,27.626360644671337,23.008766141954943,12.116950407105847,12.0,0.03203943314849056,PASS,False
TITAN,2024-03,Consumer Discretionary,6.843630099444054,10.359408033826638,37.2192057915469,21.23510292524377,11.081877833074461,10.0,0.35940803382663766,PASS,False
TORNTPHARM,2013-03,Healthcare,13.581017795816422,21.76084920387137,30.590717299578056,32.95508274231678,11.590727418065548,22.0,0.2391507961286301,PASS,False
TORNTPHARM,2014-03,Healthcare,15.915627996164908,22.890699904122723,34.8922753547031,31.466227347611202,13.221823974512144,23.0,0.10930009587727696,PASS,False
TORNTPHARM,2015-03,Healthcare,16.199309749784298,22.001725625539258,30.148534725010034,19.49913974383483,9.603580562659847,22.0,0.0017256255392581465,PASS,False
TORNTPHARM,2016-03,Healthcare,25.915956333183786,40.87034544638852,49.59931310818546,46.749914471433456,19.502588341210895,41.0,0.1296545536114806,PASS,False
TORNTPHARM,2017-03,Healthcare,16.059147180192575,23.676066024759283,21.466329579407034,20.069960647135986,9.728153317362773,24.0,0.3239339752407169,PASS,False
TORNTPHARM,2018-03,Healthcare,11.394957983193276,22.672268907563026,14.665801427644388,12.169598556608028,4.76023309695991,23.0,0.3277310924369736,PASS,False
TORNTPHARM,2019-03,Healthcare,5.682262478821843,25.843868108953473,9.227513227513228,18.42423116231534,3.0893502444554666,26.0,0.15613189104652747,PASS,False
TORNTPHARM,2020-03,Healthcare,12.910945962967629,27.333417306965615,21.24792703150912,20.456259426847662,7.316202712348323,27.0,0.33341730696561456,PASS,False
TORNTPHARM,2021-03,Healthcare,15.640224859462837,30.98063710181137,21.44570058239123,23.15160567587752,8.895204262877442,31.0,0.019362898188628463,PASS,False
TORNTPHARM,2022-03,Healthcare,9.132581100141044,28.573107663375648,13.052242566773057,24.25421530479896,6.02045560204556,29.0,0.426892336624352,PASS,False
TORNTPHARM,2023-03,Healthcare,12.941787941787942,29.54261954261954,20.087124878993222,24.56989712112043,8.521560574948666,30.0,0.4573804573804594,PASS,False
TORNTPHARM,2024-03,Healthcare,15.436241610738255,31.3944817300522,24.154025670945156,30.961573818716676,11.416752843846949,31.0,0.394481730052199,PASS,False
TRENT,2013-03,Consumer Discretionary,-1.2664165103189493,0.23452157598499063,-2.1933387489845653,0.3176620076238882,-1.2222725215029424,0.0,0.23452157598499063,PASS,False
TRENT,2014-03,Consumer Discretionary,-0.8144020574367767,-0.42863266180882986,-1.917255297679112,-0.7558578987150416,-0.981404958677686,0.0,0.42863266180882986,PASS,False
TRENT,2015-03,Consumer Discretionary,5.64798598949212,3.852889667250438,9.071729957805907,5.210183540556542,5.845038513819665,4.0,0.1471103327495622,PASS,False
TRENT,2016-03,Consumer Discretionary,3.262158956109134,5.338078291814947,3.7568306010928962,4.828326180257511,2.5498377375985166,5.0,0.33807829181494675,PASS,False
TRENT,2017-03,Consumer Discretionary,4.690949227373068,7.39514348785872,5.4945054945054945,6.910778751933987,3.825382538253826,7.0,0.39514348785871967,PASS,False
TRENT,2018-03,Consumer Discretionary,4.033379694019471,9.643022716736208,5.454545454545454,10.473313192346426,3.724315068493151,10.0,0.35697728326379163,PASS,False
TRENT,2019-03,Consumer Discretionary,3.6121673003802277,9.163498098859316,5.771567436208992,11.261682242990654,3.7123876514263383,9.0,0.163498098859316,PASS,False
TRENT,2020-03,Consumer Discretionary,3.040734366035571,15.174985656913368,4.438860971524288,19.680059523809522,1.9248229526057745,15.0,0.17498565691336765,PASS,False
TRENT,2021-03,Consumer Discretionary,-6.980331662167373,4.3964519861164675,-7.825335062689148,4.3628013777267505,-3.1621243885394827,4.0,0.3964519861164675,PASS,False
TRENT,2022-03,Consumer Discretionary,0.7781236104935527,13.228101378390395,1.4805414551607445,8.393285371702639,0.45301579083613774,13.0,0.22810137839039513,PASS,False
TRENT,2023-03,Consumer Discretionary,4.780393108468818,13.516136859985439,15.177195685670261,15.779036827195467,4.875030932937392,14.0,0.4838631400145612,PASS,False
TRENT,2024-03,Consumer Discretionary,11.935353535353535,15.927272727272726,36.30776794493609,33.86016148428105,20.622731080703712,16.0,0.07272727272727408,PASS,False
TVSMOTOR,2013-03,Consumer Discretionary,2.6364846870838883,5.832223701731025,22.024471635150167,22.267412302999492,5.8562555456965395,6.0,0.16777629826897478,PASS,False
TVSMOTOR,2014-03,Consumer Discretionary,2.23043893129771,5.868320610687023,16.1068044788975,26.045526733721548,5.148678414096916,6.0,0.13167938931297662,PASS,False
TVSMOTOR,2015-03,Consumer Discretionary,3.1981279251170043,5.898985959438377,24.754716981132074,24.754500818330605,7.177242888402626,6.0,0.10101404056162266,PASS,False
TVSMOTOR,2016-03,Consumer Discretionary,3.7707655796782986,7.198734288476752,23.58438702583837,28.144329896907216,8.336572094830936,7.0,0.19873428847675179,PASS,False
TVSMOTOR,2017-03,Consumer Discretionary,4.084088903153334,6.988686512075744,22.95895354082093,24.688208616780045,8.306135770234988,7.0,0.011313487924256016,PASS,False
TVSMOTOR,2018-03,Consumer Discretionary,4.069767441860465,9.614443084455324,24.8319641523525,16.3543618571726,5.0416982562547386,10.0,0.38555691554467586,PASS,False
TVSMOTOR,2019-03,Consumer Discretionary,3.5962301587301586,10.729166666666666,22.863450015767896,17.347020611115564,4.34235745088644,11.0,0.2708333333333339,PASS,False
TVSMOTOR,2020-03,Consumer Discretionary,3.4325428404689906,12.011247281022866,19.70758452634785,15.221191340594325,3.3572021585720218,12.0,0.011247281022866318,PASS,False
TVSMOTOR,2021-03,Consumer Discretionary,3.1306317903300553,11.49271407239586,15.88711784687745,13.94477071098338,2.780699748456437,11.0,0.4927140723958594,PASS,False
TVSMOTOR,2022-03,Consumer Discretionary,3.0014370765756517,11.311845616916443,16.613636363636363,13.620408365056608,2.715554069616256,11.0,0.3118456169164432,PASS,False
TVSMOTOR,2023-03,Consumer Discretionary,4.093951335460061,12.594608119096767,23.77838328792007,14.443527850507515,3.737330478229836,13.0,0.40539188090323286,PASS,False
TVSMOTOR,2024-03,Consumer Discretionary,4.544641716694342,14.050325712096054,26.223466981132077,16.773406526379993,4.233295259851514,14.0,0.050325712096054076,PASS,False
