company_id,year,operating_activity,sales,net_profit,cfo_margin_pct,cfo_pat_ratio,cfo_pat_flag,fcf,fcf_margin_pct,capex_sales_pct,capex_kpi_status
ABB,2012-12,101.0,1653.0,145.0,6.110102843315184,0.696551724137931,NORMAL,,,,CAPEX_SOURCE_UNAVAILABLE
ABB,2014-03,0.0,2276.0,198.0,0.0,0.0,NORMAL,,,,CAPEX_SOURCE_UNAVAILABLE
ABB,2015-03,-35.0,2289.0,229.0,-1.529051987767584,-0.15283842794759825,NORMAL,,,,CAPEX_SOURCE_UNAVAILABLE
ABB,2016-03,1544.0,2614.0,255.0,59.06656465187452,6.0549019607843135,NORMAL,,,,CAPEX_SOURCE_UNAVAILABLE
ABB,2017-03,2189.0,2903.0,277.0,75.4047537030658,7.902527075812275,NORMAL,,,,CAPEX_SOURCE_UNAVAILABLE
ABB,2018-03,2198.0,3298.0,401.0,66.64645239539114,5.4812967581047385,NORMAL,,,,CAPEX_SOURCE_UNAVAILABLE
ABB,2019-03,2591.0,3679.0,450.0,70.42674639847785,5.757777777777778,NORMAL,,,,CAPEX_SOURCE_UNAVAILABLE
ABB,2020-03,5437.0,4093.0,593.0,132.83655020767165,9.168634064080944,NORMAL,,,,CAPEX_SOURCE_UNAVAILABLE
ABB,2021-03,3784.0,4310.0,691.0,87.79582366589327,5.476121562952243,NORMAL,,,,CAPEX_SOURCE_UNAVAILABLE
ABB,2022-03,4097.0,4913.0,799.0,83.39100346020761,5.127659574468085,NORMAL,,,,CAPEX_SOURCE_UNAVAILABLE
ABB,2023-03,3777.0,5349.0,949.0,70.61132922041503,3.9799789251844047,NORMAL,,,,CAPEX_SOURCE_UNAVAILABLE
ABB,2024-03,6038.0,5849.0,1201.0,103.23132159343477,5.027477102414655,NORMAL,,,,CAPEX_SOURCE_UNAVAILABLE
ADANIENSOL,2014-03,0.0,0.0,0.0,,,ZERO_PAT,,,,CAPEX_SOURCE_UNAVAILABLE
ADANIENSOL,2015-03,-35.0,131.0,-7.0,-26.717557251908396,5.0,NEGATIVE_PAT,,,,CAPEX_SOURCE_UNAVAILABLE
ADANIENSOL,2016-03,1544.0,2194.0,368.0,70.37374658158613,4.195652173913044,NORMAL,,,,CAPEX_SOURCE_UNAVAILABLE
ADANIENSOL,2017-03,2189.0,2876.0,416.0,76.11265646731572,5.262019230769231,NORMAL,,,,CAPEX_SOURCE_UNAVAILABLE
ADANIENSOL,2018-03,2198.0,3944.0,1143.0,55.730223123732245,1.9230096237970253,NORMAL,,,,CAPEX_SOURCE_UNAVAILABLE
ADANIENSOL,2019-03,2591.0,7305.0,559.0,35.46885694729637,4.635062611806798,NORMAL,,,,CAPEX_SOURCE_UNAVAILABLE
ADANIENSOL,2020-03,5437.0,11416.0,706.0,47.62613875262789,7.701133144475921,NORMAL,,,,CAPEX_SOURCE_UNAVAILABLE
ADANIENSOL,2021-03,3784.0,9926.0,1290.0,38.122103566391296,2.933333333333333,NORMAL,,,,CAPEX_SOURCE_UNAVAILABLE
ADANIENSOL,2022-03,4097.0,11258.0,1236.0,36.391899093977614,3.3147249190938513,NORMAL,,,,CAPEX_SOURCE_UNAVAILABLE
ADANIENSOL,2023-03,3777.0,13293.0,1281.0,28.413450688332205,2.9484777517564402,NORMAL,,,,CAPEX_SOURCE_UNAVAILABLE
ADANIENSOL,2024-03,6038.0,16607.0,1196.0,36.35816222075029,5.048494983277592,NORMAL,,,,CAPEX_SOURCE_UNAVAILABLE
ADANIENT,2013-03,7666.0,46375.0,1218.0,16.530458221024258,6.293924466338259,NORMAL,,,,CAPEX_SOURCE_UNAVAILABLE
ADANIENT,2014-03,8228.0,54947.0,2646.0,14.974429905181358,3.109599395313681,NORMAL,,,,CAPEX_SOURCE_UNAVAILABLE
ADANIENT,2015-03,8532.0,64465.0,2298.0,13.235088807880246,3.7127937336814623,NORMAL,,,,CAPEX_SOURCE_UNAVAILABLE
ADANIENT,2016-03,5112.0,34008.0,1000.0,15.031757233592097,5.112,NORMAL,,,,CAPEX_SOURCE_UNAVAILABLE
ADANIENT,2017-03,774.0,36533.0,925.0,2.118632469274355,0.8367567567567568,NORMAL,,,,CAPEX_SOURCE_UNAVAILABLE
ADANIENT,2018-03,2942.0,35924.0,594.0,8.189511190290613,4.952861952861953,NORMAL,,,,CAPEX_SOURCE_UNAVAILABLE
ADANIENT,2019-03,3236.0,40379.0,506.0,8.014066717848387,6.395256916996048,NORMAL,,,,CAPEX_SOURCE_UNAVAILABLE
ADANIENT,2020-03,2454.0,43403.0,1040.0,5.653987051586295,2.3596153846153847,NORMAL,,,,CAPEX_SOURCE_UNAVAILABLE
ADANIENT,2021-03,4043.0,39537.0,1046.0,10.225864380200825,3.8652007648183555,NORMAL,,,,CAPEX_SOURCE_UNAVAILABLE
ADANIENT,2022-03,1385.0,69420.0,788.0,1.9951022760011525,1.7576142131979695,NORMAL,,,,CAPEX_SOURCE_UNAVAILABLE
ADANIENT,2023-03,17626.0,127540.0,2422.0,13.819978046103184,7.277456647398844,NORMAL,,,,CAPEX_SOURCE_UNAVAILABLE
ADANIENT,2024-03,10312.0,96421.0,3335.0,10.694765663081695,3.0920539730134933,NORMAL,,,,CAPEX_SOURCE_UNAVAILABLE
ADANIGREEN,2017-03,28.0,502.0,-47.0,5.577689243027888,-0.5957446808510638,NEGATIVE_PAT,,,,CAPEX_SOURCE_UNAVAILABLE
ADANIGREEN,2018-03,649.0,1480.0,-138.0,43.851351351351354,-4.702898550724638,NEGATIVE_PAT,,,,CAPEX_SOURCE_UNAVAILABLE
ADANIGREEN,2019-03,1625.0,2058.0,-475.0,78.96015549076773,-3.4210526315789473,NEGATIVE_PAT,,,,CAPEX_SOURCE_UNAVAILABLE
ADANIGREEN,2020-03,1965.0,2549.0,-68.0,77.08905453118871,-28.897058823529413,NEGATIVE_PAT,,,,CAPEX_SOURCE_UNAVAILABLE
ADANIGREEN,2021-03,1601.0,3124.0,182.0,51.2483994878361,8.796703296703297,NORMAL,,,,CAPEX_SOURCE_UNAVAILABLE
ADANIGREEN,2022-03,3127.0,5133.0,489.0,60.91954022988506,6.394683026584867,NORMAL,,,,CAPEX_SOURCE_UNAVAILABLE
ADANIGREEN,2023-03,7265.0,7776.0,973.0,93.42849794238684,7.466598150051388,NORMAL,,,,CAPEX_SOURCE_UNAVAILABLE
ADANIGREEN,2024-03,7713.0,9220.0,1260.0,83.65509761388287,6.121428571428571,NORMAL,,,,CAPEX_SOURCE_UNAVAILABLE
ADANIPORTS,2013-03,1379.0,3577.0,1639.0,38.551859099804304,0.8413666870042709,NORMAL,,,,CAPEX_SOURCE_UNAVAILABLE
ADANIPORTS,2014-03,1132.0,4830.0,1741.0,23.436853002070393,0.6502010338885698,NORMAL,,,,CAPEX_SOURCE_UNAVAILABLE
ADANIPORTS,2015-03,3057.0,6152.0,2324.0,49.69115734720416,1.3154044750430292,NORMAL,,,,CAPEX_SOURCE_UNAVAILABLE
ADANIPORTS,2016-03,2381.0,7109.0,2856.0,33.49275566183711,0.8336834733893558,NORMAL,,,,CAPEX_SOURCE_UNAVAILABLE
ADANIPORTS,2017-03,4063.0,8439.0,3902.0,48.145514871430265,1.0412608918503332,NORMAL,,,,CAPEX_SOURCE_UNAVAILABLE
ADANIPORTS,2018-03,5608.0,11323.0,3690.0,49.52751037710854,1.5197831978319782,NORMAL,,,,CAPEX_SOURCE_UNAVAILABLE
ADANIPORTS,2019-03,6029.0,10925.0,4045.0,55.18535469107552,1.4904820766378244,NORMAL,,,,CAPEX_SOURCE_UNAVAILABLE
ADANIPORTS,2020-03,7402.0,11873.0,3785.0,62.343131474774694,1.9556142668428005,NORMAL,,,,CAPEX_SOURCE_UNAVAILABLE
ADANIPORTS,2021-03,7556.0,12550.0,5049.0,60.20717131474104,1.4965339671222024,NORMAL,,,,CAPEX_SOURCE_UNAVAILABLE
ADANIPORTS,2022-03,10420.0,17119.0,4953.0,60.86804135755594,2.103775489602261,NORMAL,,,,CAPEX_SOURCE_UNAVAILABLE
ADANIPORTS,2023-03,11900.0,20852.0,5391.0,57.06886629579896,2.2073826748284175,NORMAL,,,,CAPEX_SOURCE_UNAVAILABLE
ADANIPORTS,2024-03,15018.0,26711.0,8104.0,56.22402755419116,1.8531589338598222,NORMAL,,,,CAPEX_SOURCE_UNAVAILABLE
ADANIPOWER,2013-03,3001.0,6692.0,-2295.0,44.84459055588763,-1.3076252723311548,NEGATIVE_PAT,,,,CAPEX_SOURCE_UNAVAILABLE
ADANIPOWER,2014-03,3238.0,15328.0,-291.0,21.12473903966597,-11.127147766323024,NEGATIVE_PAT,,,,CAPEX_SOURCE_UNAVAILABLE
ADANIPOWER,2015-03,5824.0,18683.0,-816.0,31.172723866616707,-7.137254901960785,NEGATIVE_PAT,,,,CAPEX_SOURCE_UNAVAILABLE
ADANIPOWER,2016-03,5257.0,25377.0,551.0,20.715608621980532,9.540834845735027,NORMAL,,,,CAPEX_SOURCE_UNAVAILABLE
ADANIPOWER,2017-03,4725.0,22616.0,-6174.0,20.892288645206932,-0.7653061224489796,NEGATIVE_PAT,,,,CAPEX_SOURCE_UNAVAILABLE
ADANIPOWER,2018-03,5101.0,20304.0,-2103.0,25.12312844759653,-2.425582501188778,NEGATIVE_PAT,,,,CAPEX_SOURCE_UNAVAILABLE
ADANIPOWER,2019-03,5610.0,23884.0,-984.0,23.48852788477642,-5.701219512195122,NEGATIVE_PAT,,,,CAPEX_SOURCE_UNAVAILABLE
ADANIPOWER,2020-03,5598.0,26468.0,-2275.0,21.15006800664954,-2.4606593406593404,NEGATIVE_PAT,,,,CAPEX_SOURCE_UNAVAILABLE
ADANIPOWER,2021-03,7014.0,26221.0,1270.0,26.749551885892984,5.522834645669291,NORMAL,,,,CAPEX_SOURCE_UNAVAILABLE
ADANIPOWER,2022-03,10233.0,27711.0,4912.0,36.927573887625854,2.0832654723127035,NORMAL,,,,CAPEX_SOURCE_UNAVAILABLE
ADANIPOWER,2023-03,8431.0,38773.0,10727.0,21.744512934258374,0.7859606600167801,NORMAL,,,,CAPEX_SOURCE_UNAVAILABLE
ADANIPOWER,2024-03,14170.0,50351.0,20829.0,28.14244007070366,0.6803015027125642,NORMAL,,,,CAPEX_SOURCE_UNAVAILABLE
AMBUJACEM,2012-12,1860.0,9749.0,1292.0,19.07887988511642,1.4396284829721362,NORMAL,,,,CAPEX_SOURCE_UNAVAILABLE
AMBUJACEM,2013-12,1267.0,9161.0,1278.0,13.830367863770332,0.9913928012519562,NORMAL,,,,CAPEX_SOURCE_UNAVAILABLE
AMBUJACEM,2014-12,1675.0,9955.0,1487.0,16.825715720743347,1.1264290517821116,NORMAL,,,,CAPEX_SOURCE_UNAVAILABLE
AMBUJACEM,2015-12,1557.0,9437.0,808.0,16.498887358270636,1.926980198019802,NORMAL,,,,CAPEX_SOURCE_UNAVAILABLE
AMBUJACEM,2016-12,2810.0,20094.0,1434.0,13.984273912610728,1.9595536959553697,NORMAL,,,,CAPEX_SOURCE_UNAVAILABLE
AMBUJACEM,2017-12,3416.0,23609.0,1945.0,14.469058409928417,1.7562982005141388,NORMAL,,,,CAPEX_SOURCE_UNAVAILABLE
AMBUJACEM,2018-12,1703.0,26041.0,2973.0,6.539687415997849,0.5728220652539522,NORMAL,,,,CAPEX_SOURCE_UNAVAILABLE
AMBUJACEM,2019-12,4739.0,27104.0,2783.0,17.484504132231404,1.7028386633129715,NORMAL,,,,CAPEX_SOURCE_UNAVAILABLE
AMBUJACEM,2020-12,4832.0,24516.0,3107.0,19.70957741882852,1.5551979401351785,NORMAL,,,,CAPEX_SOURCE_UNAVAILABLE
AMBUJACEM,2021-12,5309.0,28965.0,3711.0,18.329017780079408,1.4306116949609269,NORMAL,,,,CAPEX_SOURCE_UNAVAILABLE
AMBUJACEM,2023-03,735.0,,,,,MISSING,,,,CAPEX_SOURCE_UNAVAILABLE
AMBUJACEM,2024-03,5646.0,33160.0,4738.0,17.026537997587454,1.1916420430561419,NORMAL,,,,CAPEX_SOURCE_UNAVAILABLE
APOLLOHOSP,2013-03,443.0,3769.0,303.0,11.753780843725126,1.462046204620462,NORMAL,,,,CAPEX_SOURCE_UNAVAILABLE
APOLLOHOSP,2014-03,373.0,4357.0,315.0,8.560936424145053,1.1841269841269841,NORMAL,,,,CAPEX_SOURCE_UNAVAILABLE
APOLLOHOSP,2015-03,470.0,5129.0,335.0,9.163579645155002,1.4029850746268657,NORMAL,,,,CAPEX_SOURCE_UNAVAILABLE
APOLLOHOSP,2016-03,597.0,6150.0,235.0,9.707317073170731,2.5404255319148934,NORMAL,,,,CAPEX_SOURCE_UNAVAILABLE
APOLLOHOSP,2017-03,623.0,7256.0,131.0,8.585997794928335,4.755725190839694,NORMAL,,,,CAPEX_SOURCE_UNAVAILABLE
APOLLOHOSP,2018-03,537.0,8243.0,60.0,6.514618464151402,8.95,NORMAL,,,,CAPEX_SOURCE_UNAVAILABLE
APOLLOHOSP,2019-03,905.0,9617.0,200.0,9.410419049599668,4.525,NORMAL,,,,CAPEX_SOURCE_UNAVAILABLE
APOLLOHOSP,2020-03,1293.0,11247.0,432.0,11.496399039743931,2.9930555555555554,NORMAL,,,,CAPEX_SOURCE_UNAVAILABLE
APOLLOHOSP,2021-03,1265.0,10560.0,137.0,11.979166666666668,9.233576642335766,NORMAL,,,,CAPEX_SOURCE_UNAVAILABLE
APOLLOHOSP,2022-03,1696.0,14663.0,1108.0,11.566527995635273,1.5306859205776173,NORMAL,,,,CAPEX_SOURCE_UNAVAILABLE
APOLLOHOSP,2023-03,1377.0,16612.0,844.0,8.289188538405972,1.6315165876777251,NORMAL,,,,CAPEX_SOURCE_UNAVAILABLE
APOLLOHOSP,2024-03,1920.0,19059.0,935.0,10.073980796474107,2.053475935828877,NORMAL,,,,CAPEX_SOURCE_UNAVAILABLE
ASIANPAINT,2013-03,1187.0,10504.0,1160.0,11.300456968773801,1.0232758620689655,NORMAL,,,,CAPEX_SOURCE_UNAVAILABLE
ASIANPAINT,2014-03,1402.0,12220.0,1263.0,11.472995090016367,1.110055423594616,NORMAL,,,,CAPEX_SOURCE_UNAVAILABLE
ASIANPAINT,2015-03,1188.0,13615.0,1427.0,8.725670216672787,0.8325157673440785,NORMAL,,,,CAPEX_SOURCE_UNAVAILABLE
ASIANPAINT,2016-03,2243.0,14271.0,1803.0,15.717188704365496,1.2440377149195785,NORMAL,,,,CAPEX_SOURCE_UNAVAILABLE
ASIANPAINT,2017-03,1527.0,15062.0,2016.0,10.138095870402337,0.7574404761904762,NORMAL,,,,CAPEX_SOURCE_UNAVAILABLE
ASIANPAINT,2018-03,2113.0,16825.0,2098.0,12.558692421991086,1.0071496663489037,NORMAL,,,,CAPEX_SOURCE_UNAVAILABLE
ASIANPAINT,2019-03,2470.0,19240.0,2208.0,12.837837837837837,1.118659420289855,NORMAL,,,,CAPEX_SOURCE_UNAVAILABLE
ASIANPAINT,2020-03,3038.0,20211.0,2774.0,15.031418534461432,1.0951694304253785,NORMAL,,,,CAPEX_SOURCE_UNAVAILABLE
ASIANPAINT,2021-03,3683.0,21713.0,3207.0,16.962188550637865,1.1484253196133458,NORMAL,,,,CAPEX_SOURCE_UNAVAILABLE
ASIANPAINT,2022-03,986.0,29101.0,3085.0,3.388199718222742,0.3196110210696921,NORMAL,,,,CAPEX_SOURCE_UNAVAILABLE
ASIANPAINT,2023-03,4193.0,34489.0,4195.0,12.15749949259184,0.999523241954708,NORMAL,,,,CAPEX_SOURCE_UNAVAILABLE
ASIANPAINT,2024-03,6104.0,35495.0,5558.0,17.196788280039442,1.0982367758186398,NORMAL,,,,CAPEX_SOURCE_UNAVAILABLE
AXISBANK,2013-03,2573.0,27183.0,5179.0,9.46547474524519,0.4968140567677158,NORMAL,,,,CAPEX_SOURCE_UNAVAILABLE
AXISBANK,2014-03,14464.0,30641.0,6218.0,47.204725694331124,2.326149887423609,NORMAL,,,,CAPEX_SOURCE_UNAVAILABLE
AXISBANK,2015-03,-15162.0,35479.0,7358.0,-42.735139096366865,-2.060614297363414,NORMAL,,,,CAPEX_SOURCE_UNAVAILABLE
AXISBANK,2016-03,-34495.0,40988.0,8224.0,-84.1587781789792,-4.19443093385214,NORMAL,,,,CAPEX_SOURCE_UNAVAILABLE
AXISBANK,2017-03,32209.0,44542.0,3679.0,72.31152619999102,8.754824680619734,NORMAL,,,,CAPEX_SOURCE_UNAVAILABLE
AXISBANK,2018-03,-38390.0,45780.0,276.0,-83.85757972913936,-139.09420289855072,NORMAL,,,,CAPEX_SOURCE_UNAVAILABLE
AXISBANK,2019-03,37125.0,54986.0,4677.0,67.51718619284908,7.937780628608082,NORMAL,,,,CAPEX_SOURCE_UNAVAILABLE
AXISBANK,2020-03,30416.0,62635.0,1627.0,48.5607088688433,18.694529809465273,NORMAL,,,,CAPEX_SOURCE_UNAVAILABLE
AXISBANK,2021-03,12633.0,63346.0,6588.0,19.942853534556246,1.9175774134790529,NORMAL,,,,CAPEX_SOURCE_UNAVAILABLE
AXISBANK,2022-03,28137.0,67377.0,13025.0,41.76054143105214,2.1602303262955855,NORMAL,,,,CAPEX_SOURCE_UNAVAILABLE
AXISBANK,2023-03,22075.0,85164.0,9580.0,25.92057676952703,2.3042797494780793,NORMAL,,,,CAPEX_SOURCE_UNAVAILABLE
AXISBANK,2024-03,-5555.0,109369.0,24861.0,-5.079135769733654,-0.2234423394071035,NORMAL,,,,CAPEX_SOURCE_UNAVAILABLE
BAJAJ-AUTO,2013-03,2218.0,20025.0,3133.0,11.076154806491886,0.7079476540057453,NORMAL,,,,CAPEX_SOURCE_UNAVAILABLE
BAJAJ-AUTO,2014-03,3502.0,20137.0,3380.0,17.390872523215968,1.036094674556213,NORMAL,,,,CAPEX_SOURCE_UNAVAILABLE
BAJAJ-AUTO,2015-03,2114.0,21595.0,3026.0,9.789303079416532,0.6986120290812955,NORMAL,,,,CAPEX_SOURCE_UNAVAILABLE
BAJAJ-AUTO,2016-03,3690.0,22574.0,4061.0,16.34623903605918,0.9086431913321842,NORMAL,,,,CAPEX_SOURCE_UNAVAILABLE
BAJAJ-AUTO,2017-03,3267.0,21755.0,4079.0,15.01723741668582,0.8009316008825692,NORMAL,,,,CAPEX_SOURCE_UNAVAILABLE
BAJAJ-AUTO,2018-03,4328.0,25210.0,4219.0,17.167790559301864,1.0258355060440862,NORMAL,,,,CAPEX_SOURCE_UNAVAILABLE
BAJAJ-AUTO,2019-03,2487.0,30358.0,4928.0,8.192239277949799,0.5046672077922078,NORMAL,,,,CAPEX_SOURCE_UNAVAILABLE
BAJAJ-AUTO,2020-03,3850.0,29919.0,5212.0,12.868077141615696,0.7386799693016116,NORMAL,,,,CAPEX_SOURCE_UNAVAILABLE
BAJAJ-AUTO,2021-03,3120.0,27741.0,4857.0,11.246890883529794,0.6423718344657195,NORMAL,,,,CAPEX_SOURCE_UNAVAILABLE
BAJAJ-AUTO,2022-03,4197.0,33145.0,6166.0,12.66254337004073,0.6806681803438209,NORMAL,,,,CAPEX_SOURCE_UNAVAILABLE
BAJAJ-AUTO,2023-03,5277.0,36455.0,6060.0,14.475380606226857,0.8707920792079208,NORMAL,,,,CAPEX_SOURCE_UNAVAILABLE
BAJAJ-AUTO,2024-03,6558.0,44870.0,7708.0,14.61555605081346,0.8508043591074209,NORMAL,,,,CAPEX_SOURCE_UNAVAILABLE
BAJAJFINSV,2013-03,-6922.0,8055.0,2214.0,-85.93420235878337,-3.1264679313459802,NORMAL,,,,CAPEX_SOURCE_UNAVAILABLE
BAJAJFINSV,2014-03,-9807.0,6023.0,2191.0,-162.82583430184295,-4.476038338658147,NORMAL,,,,CAPEX_SOURCE_UNAVAILABLE
BAJAJFINSV,2015-03,-10731.0,11335.0,2409.0,-94.67137185707985,-4.454545454545454,NORMAL,,,,CAPEX_SOURCE_UNAVAILABLE
BAJAJFINSV,2016-03,-9795.0,20533.0,2775.0,-47.70369648857936,-3.5297297297297296,NORMAL,,,,CAPEX_SOURCE_UNAVAILABLE
BAJAJFINSV,2017-03,-10922.0,24507.0,3450.0,-44.566858448606524,-3.165797101449275,NORMAL,,,,CAPEX_SOURCE_UNAVAILABLE
BAJAJFINSV,2018-03,-19580.0,32862.0,4176.0,-59.582496500517315,-4.688697318007663,NORMAL,,,,CAPEX_SOURCE_UNAVAILABLE
BAJAJFINSV,2019-03,-27076.0,42605.0,5374.0,-63.55122638188006,-5.038332713062895,NORMAL,,,,CAPEX_SOURCE_UNAVAILABLE
BAJAJFINSV,2020-03,-23369.0,54351.0,5994.0,-42.99644900737797,-3.898732065398732,NORMAL,,,,CAPEX_SOURCE_UNAVAILABLE
BAJAJFINSV,2021-03,4547.0,60592.0,7367.0,7.504290995510958,0.6172118908646668,NORMAL,,,,CAPEX_SOURCE_UNAVAILABLE
BAJAJFINSV,2022-03,-33670.0,68406.0,8314.0,-49.2208285822881,-4.049795525619437,NORMAL,,,,CAPEX_SOURCE_UNAVAILABLE
BAJAJFINSV,2023-03,-39480.0,82072.0,12210.0,-48.104103713812265,-3.2334152334152333,NORMAL,,,,CAPEX_SOURCE_UNAVAILABLE
BAJAJFINSV,2024-03,-68674.0,110382.0,15595.0,-62.21485387110217,-4.403590894517474,NORMAL,,,,CAPEX_SOURCE_UNAVAILABLE
BAJAJHLDNG,2013-03,473.0,337.0,1856.0,140.35608308605342,0.2548491379310345,NORMAL,,,,CAPEX_SOURCE_UNAVAILABLE
BAJAJHLDNG,2014-03,872.0,423.0,1988.0,206.1465721040189,0.4386317907444668,NORMAL,,,,CAPEX_SOURCE_UNAVAILABLE
BAJAJHLDNG,2015-03,796.0,524.0,2029.0,151.9083969465649,0.39231148348940365,NORMAL,,,,CAPEX_SOURCE_UNAVAILABLE
BAJAJHLDNG,2016-03,1147.0,470.0,2265.0,244.0425531914894,0.506401766004415,NORMAL,,,,CAPEX_SOURCE_UNAVAILABLE
BAJAJHLDNG,2017-03,-923.0,842.0,2473.0,-109.61995249406175,-0.3732308936514355,NORMAL,,,,CAPEX_SOURCE_UNAVAILABLE
BAJAJHLDNG,2018-03,1631.0,420.0,2655.0,388.3333333333333,0.6143126177024482,NORMAL,,,,CAPEX_SOURCE_UNAVAILABLE
BAJAJHLDNG,2019-03,628.0,431.0,3048.0,145.707656612529,0.20603674540682415,NORMAL,,,,CAPEX_SOURCE_UNAVAILABLE
BAJAJHLDNG,2020-03,1920.0,435.0,3080.0,441.37931034482756,0.6233766233766234,NORMAL,,,,CAPEX_SOURCE_UNAVAILABLE
BAJAJHLDNG,2021-03,272.0,457.0,3654.0,59.51859956236324,0.07443897099069513,NORMAL,,,,CAPEX_SOURCE_UNAVAILABLE
BAJAJHLDNG,2022-03,1610.0,484.0,4126.0,332.64462809917353,0.39020843431895297,NORMAL,,,,CAPEX_SOURCE_UNAVAILABLE
BAJAJHLDNG,2023-03,1728.0,522.0,4946.0,331.0344827586207,0.3493732308936514,NORMAL,,,,CAPEX_SOURCE_UNAVAILABLE
BAJAJHLDNG,2024-03,1941.0,1702.0,7365.0,114.04230317273796,0.26354378818737273,NORMAL,,,,CAPEX_SOURCE_UNAVAILABLE
BAJFINANCE,2015-03,-7064.0,5392.0,898.0,-131.00890207715133,-7.866369710467706,NORMAL,,,,CAPEX_SOURCE_UNAVAILABLE
BAJFINANCE,2016-03,-9870.0,7299.0,1279.0,-135.22400328812165,-7.716966379984362,NORMAL,,,,CAPEX_SOURCE_UNAVAILABLE
BAJFINANCE,2017-03,-10439.0,9970.0,1836.0,-104.70411233701103,-5.685729847494553,NORMAL,,,,CAPEX_SOURCE_UNAVAILABLE
BAJFINANCE,2018-03,-20566.0,12746.0,2496.0,-161.35258120194572,-8.239583333333334,NORMAL,,,,CAPEX_SOURCE_UNAVAILABLE
BAJFINANCE,2019-03,-29062.0,18487.0,3995.0,-157.20235841402067,-7.27459324155194,NORMAL,,,,CAPEX_SOURCE_UNAVAILABLE
BAJFINANCE,2020-03,-24412.0,26374.0,5264.0,-92.560855387882,-4.637537993920972,NORMAL,,,,CAPEX_SOURCE_UNAVAILABLE
BAJFINANCE,2021-03,-807.0,26673.0,4420.0,-3.0255314362838828,-0.18257918552036198,NORMAL,,,,CAPEX_SOURCE_UNAVAILABLE
BAJFINANCE,2022-03,-37090.0,31641.0,7028.0,-117.22132675958407,-5.277461582242458,NORMAL,,,,CAPEX_SOURCE_UNAVAILABLE
BAJFINANCE,2023-03,-42112.0,41411.0,11508.0,-101.69278694066794,-3.659367396593674,NORMAL,,,,CAPEX_SOURCE_UNAVAILABLE
BAJFINANCE,2024-03,-72760.0,54972.0,14451.0,-132.3582914938514,-5.034945678499758,NORMAL,,,,CAPEX_SOURCE_UNAVAILABLE
BANKBARODA,2013-03,23196.0,36442.0,4829.0,63.651830305691234,4.803478981155519,NORMAL,,,,CAPEX_SOURCE_UNAVAILABLE
BANKBARODA,2014-03,42233.0,40463.0,5036.0,104.37436670538516,8.386219221604447,NORMAL,,,,CAPEX_SOURCE_UNAVAILABLE
BANKBARODA,2015-03,17838.0,44915.0,3950.0,39.71501725481465,4.5159493670886075,NORMAL,,,,CAPEX_SOURCE_UNAVAILABLE
BANKBARODA,2016-03,-10011.0,45799.0,-5033.0,-21.858555863665146,1.9890721239817206,NEGATIVE_PAT,,,,CAPEX_SOURCE_UNAVAILABLE
BANKBARODA,2017-03,17865.0,44473.0,1855.0,40.170440491983896,9.630727762803234,NORMAL,,,,CAPEX_SOURCE_UNAVAILABLE
BANKBARODA,2018-03,-59692.0,46056.0,-1836.0,-129.6074344276533,32.5119825708061,NEGATIVE_PAT,,,,CAPEX_SOURCE_UNAVAILABLE
BANKBARODA,2019-03,-1449.0,52906.0,1166.0,-2.7388197935961895,-1.2427101200686106,NORMAL,,,,CAPEX_SOURCE_UNAVAILABLE
BANKBARODA,2020-03,18531.0,78895.0,981.0,23.488180493060394,18.889908256880734,NORMAL,,,,CAPEX_SOURCE_UNAVAILABLE
BANKBARODA,2021-03,-887.0,74314.0,1620.0,-1.1935839814839735,-0.5475308641975308,NORMAL,,,,CAPEX_SOURCE_UNAVAILABLE
BANKBARODA,2022-03,6210.0,73385.0,7933.0,8.462219799686585,0.7828060002521114,NORMAL,,,,CAPEX_SOURCE_UNAVAILABLE
BANKBARODA,2023-03,-21354.0,94503.0,15005.0,-22.596108060061585,-1.423125624791736,NORMAL,,,,CAPEX_SOURCE_UNAVAILABLE
BANKBARODA,2024-03,-6274.0,118379.0,18869.0,-5.299926507235235,-0.3325030473263024,NORMAL,,,,CAPEX_SOURCE_UNAVAILABLE
BEL,2013-03,-1539.0,6273.0,911.0,-24.533715925394546,-1.6893523600439078,NORMAL,,,,CAPEX_SOURCE_UNAVAILABLE
BEL,2014-03,-569.0,6518.0,952.0,-8.729671678428966,-0.5976890756302521,NORMAL,,,,CAPEX_SOURCE_UNAVAILABLE
BEL,2015-03,1434.0,7093.0,1197.0,20.217115465952347,1.1979949874686717,NORMAL,,,,CAPEX_SOURCE_UNAVAILABLE
BEL,2016-03,2260.0,7354.0,1337.0,30.731574653249933,1.6903515332834704,NORMAL,,,,CAPEX_SOURCE_UNAVAILABLE
BEL,2017-03,-61.0,8656.0,1523.0,-0.7047134935304991,-0.04005252790544977,NORMAL,,,,CAPEX_SOURCE_UNAVAILABLE
BEL,2018-03,-687.0,10401.0,1431.0,-6.6051341217190656,-0.480083857442348,NORMAL,,,,CAPEX_SOURCE_UNAVAILABLE
BEL,2019-03,1514.0,12164.0,1887.0,12.446563630384743,0.8023317435082141,NORMAL,,,,CAPEX_SOURCE_UNAVAILABLE
BEL,2020-03,2570.0,12968.0,1825.0,19.818013571869216,1.4082191780821918,NORMAL,,,,CAPEX_SOURCE_UNAVAILABLE
BEL,2021-03,5093.0,14109.0,2100.0,36.097526401587636,2.4252380952380954,NORMAL,,,,CAPEX_SOURCE_UNAVAILABLE
BEL,2022-03,4207.0,15368.0,2400.0,27.3750650702759,1.7529166666666667,NORMAL,,,,CAPEX_SOURCE_UNAVAILABLE
BEL,2023-03,1199.0,17734.0,2986.0,6.761024021653321,0.4015405224380442,NORMAL,,,,CAPEX_SOURCE_UNAVAILABLE
BEL,2024-03,4659.0,20268.0,3985.0,22.98697454114861,1.1691342534504392,NORMAL,,,,CAPEX_SOURCE_UNAVAILABLE
BHARTIARTL,2013-03,22608.0,76947.0,2267.0,29.381262427385085,9.972651080723423,NORMAL,,,,CAPEX_SOURCE_UNAVAILABLE
BHARTIARTL,2014-03,26233.0,85864.0,3019.0,30.551802851020216,8.689301093077178,NORMAL,,,,CAPEX_SOURCE_UNAVAILABLE
BHARTIARTL,2015-03,28059.0,96101.0,5048.0,29.1974068948294,5.558438985736926,NORMAL,,,,CAPEX_SOURCE_UNAVAILABLE
BHARTIARTL,2016-03,27942.0,96532.0,6893.0,28.945841793394937,4.053677643986653,NORMAL,,,,CAPEX_SOURCE_UNAVAILABLE
BHARTIARTL,2017-03,28280.0,95468.0,4241.0,29.622491305987346,6.668238622966282,NORMAL,,,,CAPEX_SOURCE_UNAVAILABLE
BHARTIARTL,2018-03,29854.0,82639.0,2184.0,36.125800166991375,13.66941391941392,NORMAL,,,,CAPEX_SOURCE_UNAVAILABLE
BHARTIARTL,2019-03,20070.0,80780.0,1688.0,24.845258727407774,11.889810426540285,NORMAL,,,,CAPEX_SOURCE_UNAVAILABLE
BHARTIARTL,2020-03,18129.0,87539.0,-30664.0,20.70962656644467,-0.5912144534307331,NEGATIVE_PAT,,,,CAPEX_SOURCE_UNAVAILABLE
BHARTIARTL,2021-03,48205.0,100616.0,-12364.0,47.90987516895921,-3.8988191523778712,NEGATIVE_PAT,,,,CAPEX_SOURCE_UNAVAILABLE
BHARTIARTL,2022-03,55017.0,116547.0,8305.0,47.20584828438312,6.624563515954245,NORMAL,,,,CAPEX_SOURCE_UNAVAILABLE
BHARTIARTL,2023-03,65325.0,139145.0,12287.0,46.94742894103274,5.31659477496541,NORMAL,,,,CAPEX_SOURCE_UNAVAILABLE
BHARTIARTL,2024-03,78898.0,149982.0,8558.0,52.60497926417836,9.219210095816779,NORMAL,,,,CAPEX_SOURCE_UNAVAILABLE
BHEL,2013-03,1759.0,48903.0,6693.0,3.5969163446005354,0.26281189302256086,NORMAL,,,,CAPEX_SOURCE_UNAVAILABLE
BHEL,2014-03,4512.0,39561.0,3502.0,11.405171760066732,1.2884066247858366,NORMAL,,,,CAPEX_SOURCE_UNAVAILABLE
BHEL,2015-03,821.0,31323.0,1450.0,2.6210771637454906,0.5662068965517242,NORMAL,,,,CAPEX_SOURCE_UNAVAILABLE
BHEL,2016-03,374.0,25505.0,-706.0,1.4663791413448344,-0.5297450424929179,NEGATIVE_PAT,,,,CAPEX_SOURCE_UNAVAILABLE
BHEL,2017-03,560.0,28465.0,455.0,1.9673282979097138,1.2307692307692308,NORMAL,,,,CAPEX_SOURCE_UNAVAILABLE
BHEL,2018-03,989.0,28827.0,438.0,3.4308113920976866,2.2579908675799087,NORMAL,,,,CAPEX_SOURCE_UNAVAILABLE
BHEL,2019-03,-3860.0,30441.0,1002.0,-12.680266745507703,-3.852295409181637,NORMAL,,,,CAPEX_SOURCE_UNAVAILABLE
BHEL,2020-03,-2892.0,21463.0,-1468.0,-13.474351209057447,1.9700272479564032,NEGATIVE_PAT,,,,CAPEX_SOURCE_UNAVAILABLE
BHEL,2021-03,560.0,17309.0,-2700.0,3.2353111098272573,-0.2074074074074074,NEGATIVE_PAT,,,,CAPEX_SOURCE_UNAVAILABLE
BHEL,2022-03,660.0,21211.0,445.0,3.111593041346471,1.4831460674157304,NORMAL,,,,CAPEX_SOURCE_UNAVAILABLE
BHEL,2023-03,-741.0,23365.0,654.0,-3.171410228974963,-1.1330275229357798,NORMAL,,,,CAPEX_SOURCE_UNAVAILABLE
BHEL,2024-03,-3713.0,23893.0,282.0,-15.540116352069644,-13.166666666666666,NORMAL,,,,CAPEX_SOURCE_UNAVAILABLE
BOSCHLTD,2012-12,871.0,8659.0,958.0,10.05889825614967,0.9091858037578288,NORMAL,,,,CAPEX_SOURCE_UNAVAILABLE
BOSCHLTD,2013-12,1057.0,8757.0,885.0,12.070343725019985,1.1943502824858756,NORMAL,,,,CAPEX_SOURCE_UNAVAILABLE
BOSCHLTD,2015-03,1396.0,12086.0,1338.0,11.550554360417012,1.0433482810164425,NORMAL,,,,CAPEX_SOURCE_UNAVAILABLE
BOSCHLTD,2016-03,1318.0,9701.0,1531.0,13.586228223894445,0.8608752449379491,NORMAL,,,,CAPEX_SOURCE_UNAVAILABLE
BOSCHLTD,2017-03,1457.0,10435.0,1741.0,13.962625778629612,0.8368753589890867,NORMAL,,,,CAPEX_SOURCE_UNAVAILABLE
BOSCHLTD,2018-03,1729.0,11690.0,1371.0,14.790419161676645,1.261123267687819,NORMAL,,,,CAPEX_SOURCE_UNAVAILABLE
BOSCHLTD,2019-03,593.0,12085.0,1598.0,4.906909391808027,0.3710888610763454,NORMAL,,,,CAPEX_SOURCE_UNAVAILABLE
BOSCHLTD,2020-03,1336.0,9842.0,650.0,13.574476732371469,2.0553846153846154,NORMAL,,,,CAPEX_SOURCE_UNAVAILABLE
BOSCHLTD,2021-03,835.0,9718.0,482.0,8.592302942992387,1.7323651452282158,NORMAL,,,,CAPEX_SOURCE_UNAVAILABLE
BOSCHLTD,2022-03,271.0,11782.0,1217.0,2.30011882532677,0.22267871815940837,NORMAL,,,,CAPEX_SOURCE_UNAVAILABLE
BOSCHLTD,2023-03,1214.0,14929.0,1424.0,8.131823966776073,0.8525280898876404,NORMAL,,,,CAPEX_SOURCE_UNAVAILABLE
BOSCHLTD,2024-03,1253.0,16727.0,2490.0,7.490883003527231,0.5032128514056224,NORMAL,,,,CAPEX_SOURCE_UNAVAILABLE
BPCL,2013-03,5926.0,242181.0,1936.0,2.4469301885779644,3.0609504132231407,NORMAL,,,,CAPEX_SOURCE_UNAVAILABLE
BPCL,2014-03,9588.0,264421.0,4053.0,3.6260357535899193,2.3656550703182826,NORMAL,,,,CAPEX_SOURCE_UNAVAILABLE
BPCL,2015-03,20742.0,242598.0,5082.0,8.549946825612743,4.0814639905549,NORMAL,,,,CAPEX_SOURCE_UNAVAILABLE
BPCL,2016-03,11119.0,187815.0,8089.0,5.920187418470303,1.3745827667202373,NORMAL,,,,CAPEX_SOURCE_UNAVAILABLE
BPCL,2017-03,9041.0,201251.0,9507.0,4.492400037763788,0.9509834858525297,NORMAL,,,,CAPEX_SOURCE_UNAVAILABLE
BPCL,2018-03,11068.0,235895.0,9792.0,4.691918014370801,1.1303104575163399,NORMAL,,,,CAPEX_SOURCE_UNAVAILABLE
BPCL,2019-03,10157.0,298226.0,8528.0,3.405806334793077,1.1910178236397748,NORMAL,,,,CAPEX_SOURCE_UNAVAILABLE
BPCL,2020-03,7881.0,284572.0,3666.0,2.7694221497547193,2.1497545008183305,NORMAL,,,,CAPEX_SOURCE_UNAVAILABLE
BPCL,2021-03,23455.0,230171.0,17320.0,10.19024985771448,1.3542147806004619,NORMAL,,,,CAPEX_SOURCE_UNAVAILABLE
BPCL,2022-03,20336.0,346791.0,11682.0,5.86405068182277,1.7407978085944187,NORMAL,,,,CAPEX_SOURCE_UNAVAILABLE
BPCL,2023-03,12466.0,473187.0,2131.0,2.6344764332071677,5.849835757860159,NORMAL,,,,CAPEX_SOURCE_UNAVAILABLE
BPCL,2024-03,35936.0,448083.0,26859.0,8.019942733823868,1.3379500353698945,NORMAL,,,,CAPEX_SOURCE_UNAVAILABLE
BRITANNIA,2013-03,320.0,6185.0,260.0,5.173807599029911,1.2307692307692308,NORMAL,,,,CAPEX_SOURCE_UNAVAILABLE
BRITANNIA,2014-03,671.0,6913.0,395.0,9.706350354404744,1.6987341772151898,NORMAL,,,,CAPEX_SOURCE_UNAVAILABLE
BRITANNIA,2015-03,584.0,7858.0,689.0,7.4319165181980145,0.8476052249637155,NORMAL,,,,CAPEX_SOURCE_UNAVAILABLE
BRITANNIA,2016-03,959.0,8397.0,825.0,11.42074550434679,1.1624242424242424,NORMAL,,,,CAPEX_SOURCE_UNAVAILABLE
BRITANNIA,2017-03,441.0,9054.0,885.0,4.870775347912525,0.49830508474576274,NORMAL,,,,CAPEX_SOURCE_UNAVAILABLE
BRITANNIA,2018-03,1249.0,9914.0,1004.0,12.598345773653419,1.2440239043824701,NORMAL,,,,CAPEX_SOURCE_UNAVAILABLE
BRITANNIA,2019-03,1156.0,11055.0,1155.0,10.456806874717323,1.000865800865801,NORMAL,,,,CAPEX_SOURCE_UNAVAILABLE
BRITANNIA,2020-03,1485.0,11600.0,1394.0,12.801724137931034,1.0652797704447632,NORMAL,,,,CAPEX_SOURCE_UNAVAILABLE
BRITANNIA,2021-03,1876.0,13136.0,1851.0,14.28136419001218,1.0135062128579146,NORMAL,,,,CAPEX_SOURCE_UNAVAILABLE
BRITANNIA,2022-03,1300.0,14136.0,1516.0,9.19637804187889,0.8575197889182058,NORMAL,,,,CAPEX_SOURCE_UNAVAILABLE
BRITANNIA,2023-03,2526.0,16301.0,2316.0,15.495981841604808,1.0906735751295338,NORMAL,,,,CAPEX_SOURCE_UNAVAILABLE
BRITANNIA,2024-03,2573.0,16769.0,2134.0,15.343789134712862,1.2057169634489222,NORMAL,,,,CAPEX_SOURCE_UNAVAILABLE
CANBK,2013-03,8010.0,34070.0,2995.0,23.51041972409745,2.674457429048414,NORMAL,,,,CAPEX_SOURCE_UNAVAILABLE
CANBK,2014-03,14244.0,39570.0,2672.0,35.99696739954511,5.330838323353293,NORMAL,,,,CAPEX_SOURCE_UNAVAILABLE
CANBK,2015-03,6344.0,43813.0,2931.0,14.479720630862985,2.1644489935175706,NORMAL,,,,CAPEX_SOURCE_UNAVAILABLE
CANBK,2016-03,9346.0,44039.0,-2535.0,21.222098594427667,-3.686785009861933,NEGATIVE_PAT,,,,CAPEX_SOURCE_UNAVAILABLE
CANBK,2017-03,2575.0,41457.0,1411.0,6.211255035337819,1.824946846208363,NORMAL,,,,CAPEX_SOURCE_UNAVAILABLE
CANBK,2018-03,-11120.0,41345.0,-3873.0,-26.89563429677107,2.871159308029951,NEGATIVE_PAT,,,,CAPEX_SOURCE_UNAVAILABLE
CANBK,2019-03,18237.0,47951.0,696.0,38.03257492023107,26.20258620689655,NORMAL,,,,CAPEX_SOURCE_UNAVAILABLE
CANBK,2020-03,-5289.0,49759.0,-1921.0,-10.629232902590486,2.7532535137948986,NEGATIVE_PAT,,,,CAPEX_SOURCE_UNAVAILABLE
CANBK,2021-03,59118.0,70253.0,2957.0,84.15014305438913,19.99256002705445,NORMAL,,,,CAPEX_SOURCE_UNAVAILABLE
CANBK,2022-03,919.0,70614.0,6158.0,1.301441640467896,0.14923676518350112,NORMAL,,,,CAPEX_SOURCE_UNAVAILABLE
CANBK,2023-03,-39978.0,85885.0,11345.0,-46.548291319788085,-3.523843102688409,NORMAL,,,,CAPEX_SOURCE_UNAVAILABLE
CANBK,2024-03,15046.0,110519.0,15401.0,13.613948732797077,0.9769495487306019,NORMAL,,,,CAPEX_SOURCE_UNAVAILABLE
CHOLAFIN,2013-03,-3754.0,2570.0,308.0,-146.07003891050582,-12.188311688311689,NORMAL,,,,CAPEX_SOURCE_UNAVAILABLE
CHOLAFIN,2014-03,-2447.0,3279.0,368.0,-74.62641049100336,-6.649456521739131,NORMAL,,,,CAPEX_SOURCE_UNAVAILABLE
CHOLAFIN,2015-03,-2264.0,3715.0,444.0,-60.9421265141319,-5.099099099099099,NORMAL,,,,CAPEX_SOURCE_UNAVAILABLE
CHOLAFIN,2016-03,-2809.0,4214.0,575.0,-66.65875652586615,-4.885217391304348,NORMAL,,,,CAPEX_SOURCE_UNAVAILABLE
CHOLAFIN,2017-03,-1468.0,4694.0,718.0,-31.273966766084367,-2.0445682451253484,NORMAL,,,,CAPEX_SOURCE_UNAVAILABLE
CHOLAFIN,2018-03,-7926.0,5559.0,918.0,-142.57960064759848,-8.633986928104575,NORMAL,,,,CAPEX_SOURCE_UNAVAILABLE
CHOLAFIN,2019-03,-9317.0,7108.0,1197.0,-131.0776589758019,-7.783625730994152,NORMAL,,,,CAPEX_SOURCE_UNAVAILABLE
CHOLAFIN,2020-03,-2075.0,8712.0,1054.0,-23.817722681359044,-1.9686907020872866,NORMAL,,,,CAPEX_SOURCE_UNAVAILABLE
CHOLAFIN,2021-03,-8848.0,9583.0,1521.0,-92.33016800584369,-5.817225509533202,NORMAL,,,,CAPEX_SOURCE_UNAVAILABLE
CHOLAFIN,2022-03,-5571.0,10148.0,2154.0,-54.89751675206938,-2.586350974930362,NORMAL,,,,CAPEX_SOURCE_UNAVAILABLE
CHOLAFIN,2023-03,-27105.0,12884.0,2665.0,-210.37721204594848,-10.170731707317072,NORMAL,,,,CAPEX_SOURCE_UNAVAILABLE
CHOLAFIN,2024-03,-35683.0,19163.0,3420.0,-186.20779627406984,-10.433625730994152,NORMAL,,,,CAPEX_SOURCE_UNAVAILABLE
CIPLA,2013-03,1398.0,8279.0,1545.0,16.88609735475299,0.9048543689320389,NORMAL,,,,CAPEX_SOURCE_UNAVAILABLE
CIPLA,2014-03,1563.0,10173.0,1404.0,15.364199351223828,1.1132478632478633,NORMAL,,,,CAPEX_SOURCE_UNAVAILABLE
CIPLA,2015-03,1173.0,11345.0,1229.0,10.339356544733363,0.9544344995931652,NORMAL,,,,CAPEX_SOURCE_UNAVAILABLE
CIPLA,2016-03,1741.0,13790.0,1383.0,12.625090645395215,1.2588575560375994,NORMAL,,,,CAPEX_SOURCE_UNAVAILABLE
CIPLA,2017-03,2382.0,14394.0,1035.0,16.548561900792,2.301449275362319,NORMAL,,,,CAPEX_SOURCE_UNAVAILABLE
CIPLA,2018-03,1463.0,15156.0,1417.0,9.65294272895223,1.0324629498941424,NORMAL,,,,CAPEX_SOURCE_UNAVAILABLE
CIPLA,2019-03,1691.0,16362.0,1492.0,10.334922381127,1.133378016085791,NORMAL,,,,CAPEX_SOURCE_UNAVAILABLE
CIPLA,2020-03,3068.0,17132.0,1500.0,17.908008405323372,2.0453333333333332,NORMAL,,,,CAPEX_SOURCE_UNAVAILABLE
CIPLA,2021-03,3755.0,19160.0,2389.0,19.59812108559499,1.571787358727501,NORMAL,,,,CAPEX_SOURCE_UNAVAILABLE
CIPLA,2022-03,3326.0,21763.0,2547.0,15.282819464228279,1.3058500196309384,NORMAL,,,,CAPEX_SOURCE_UNAVAILABLE
CIPLA,2023-03,3238.0,22753.0,2833.0,14.231090405660792,1.1429579950582422,NORMAL,,,,CAPEX_SOURCE_UNAVAILABLE
CIPLA,2024-03,4134.0,25774.0,4154.0,16.039419570109413,0.9951853635050554,NORMAL,,,,CAPEX_SOURCE_UNAVAILABLE
COALINDIA,2013-03,9109.0,68303.0,17356.0,13.336163858102864,0.5248329108089421,NORMAL,,,,CAPEX_SOURCE_UNAVAILABLE
COALINDIA,2014-03,14525.0,70608.0,15112.0,20.571323362791752,0.9611566966649021,NORMAL,,,,CAPEX_SOURCE_UNAVAILABLE
COALINDIA,2015-03,14382.0,74120.0,13727.0,19.40366972477064,1.0477161797916514,NORMAL,,,,CAPEX_SOURCE_UNAVAILABLE
COALINDIA,2016-03,13154.0,77861.0,14267.0,16.89420891075121,0.9219878040232705,NORMAL,,,,CAPEX_SOURCE_UNAVAILABLE
COALINDIA,2017-03,16461.0,78164.0,9280.0,21.05956706412159,1.7738146551724139,NORMAL,,,,CAPEX_SOURCE_UNAVAILABLE
COALINDIA,2018-03,21115.0,85244.0,7038.0,24.77007179390925,3.000142085819835,NORMAL,,,,CAPEX_SOURCE_UNAVAILABLE
COALINDIA,2019-03,16356.0,99586.0,17464.0,16.423995340710544,0.9365551992670637,NORMAL,,,,CAPEX_SOURCE_UNAVAILABLE
COALINDIA,2020-03,4977.0,96080.0,16700.0,5.180058284762698,0.2980239520958084,NORMAL,,,,CAPEX_SOURCE_UNAVAILABLE
COALINDIA,2021-03,10592.0,90026.0,12702.0,11.765489969564348,0.8338844276491891,NORMAL,,,,CAPEX_SOURCE_UNAVAILABLE
COALINDIA,2022-03,41107.0,109715.0,17378.0,37.46707378207173,2.365462078490045,NORMAL,,,,CAPEX_SOURCE_UNAVAILABLE
COALINDIA,2023-03,35734.0,138252.0,31723.0,25.847004021641638,1.1264382309365444,NORMAL,,,,CAPEX_SOURCE_UNAVAILABLE
COALINDIA,2024-03,18103.0,142324.0,37369.0,12.71956943312442,0.48443897348069254,NORMAL,,,,CAPEX_SOURCE_UNAVAILABLE
DABUR,2013-03,870.0,6140.0,766.0,14.169381107491857,1.1357702349869452,NORMAL,,,,CAPEX_SOURCE_UNAVAILABLE
DABUR,2014-03,1098.0,7058.0,916.0,15.556814961745538,1.1986899563318778,NORMAL,,,,CAPEX_SOURCE_UNAVAILABLE
DABUR,2015-03,1047.0,7795.0,1068.0,13.431686978832586,0.9803370786516854,NORMAL,,,,CAPEX_SOURCE_UNAVAILABLE
DABUR,2016-03,1187.0,7780.0,1254.0,15.257069408740358,0.9465709728867624,NORMAL,,,,CAPEX_SOURCE_UNAVAILABLE
DABUR,2017-03,1227.0,7614.0,1280.0,16.1150512214342,0.95859375,NORMAL,,,,CAPEX_SOURCE_UNAVAILABLE
DABUR,2018-03,1092.0,7722.0,1358.0,14.14141414141414,0.8041237113402062,NORMAL,,,,CAPEX_SOURCE_UNAVAILABLE
DABUR,2019-03,1499.0,8515.0,1446.0,17.604227833235466,1.0366528354080222,NORMAL,,,,CAPEX_SOURCE_UNAVAILABLE
DABUR,2020-03,1614.0,8685.0,1448.0,18.583765112262522,1.1146408839779005,NORMAL,,,,CAPEX_SOURCE_UNAVAILABLE
DABUR,2021-03,2115.0,9562.0,1695.0,22.11880359757373,1.247787610619469,NORMAL,,,,CAPEX_SOURCE_UNAVAILABLE
DABUR,2022-03,1802.0,10889.0,1742.0,16.54881072642116,1.034443168771527,NORMAL,,,,CAPEX_SOURCE_UNAVAILABLE
DABUR,2023-03,1488.0,11530.0,1701.0,12.905464006938422,0.8747795414462081,NORMAL,,,,CAPEX_SOURCE_UNAVAILABLE
DABUR,2024-03,2013.0,12404.0,1811.0,16.228635923895517,1.1115405853119824,NORMAL,,,,CAPEX_SOURCE_UNAVAILABLE
DIVISLAB,2013-03,480.0,2145.0,602.0,22.377622377622377,0.7973421926910299,NORMAL,,,,CAPEX_SOURCE_UNAVAILABLE
DIVISLAB,2014-03,557.0,2532.0,773.0,21.998420221169035,0.720569210866753,NORMAL,,,,CAPEX_SOURCE_UNAVAILABLE
DIVISLAB,2015-03,826.0,3115.0,852.0,26.516853932584272,0.9694835680751174,NORMAL,,,,CAPEX_SOURCE_UNAVAILABLE
DIVISLAB,2016-03,1038.0,3776.0,1126.0,27.489406779661017,0.9218472468916519,NORMAL,,,,CAPEX_SOURCE_UNAVAILABLE
DIVISLAB,2017-03,1150.0,4064.0,1060.0,28.29724409448819,1.0849056603773586,NORMAL,,,,CAPEX_SOURCE_UNAVAILABLE
DIVISLAB,2018-03,776.0,3891.0,877.0,19.943459264970446,0.8848346636259977,NORMAL,,,,CAPEX_SOURCE_UNAVAILABLE
DIVISLAB,2019-03,954.0,4946.0,1353.0,19.288313788920338,0.70509977827051,NORMAL,,,,CAPEX_SOURCE_UNAVAILABLE
DIVISLAB,2020-03,1216.0,5394.0,1377.0,22.54356692621431,0.8830791575889615,NORMAL,,,,CAPEX_SOURCE_UNAVAILABLE
DIVISLAB,2021-03,1947.0,6969.0,1984.0,27.93801119242359,0.9813508064516129,NORMAL,,,,CAPEX_SOURCE_UNAVAILABLE
DIVISLAB,2022-03,1912.0,8960.0,2960.0,21.33928571428571,0.6459459459459459,NORMAL,,,,CAPEX_SOURCE_UNAVAILABLE
DIVISLAB,2023-03,2459.0,7767.0,1824.0,31.659585425518216,1.3481359649122806,NORMAL,,,,CAPEX_SOURCE_UNAVAILABLE
DIVISLAB,2024-03,1261.0,7845.0,1600.0,16.07393244104525,0.788125,NORMAL,,,,CAPEX_SOURCE_UNAVAILABLE
DLF,2013-03,2009.0,7773.0,667.0,25.845876752862473,3.0119940029985006,NORMAL,,,,CAPEX_SOURCE_UNAVAILABLE
DLF,2014-03,1468.0,8298.0,590.0,17.69100988189925,2.488135593220339,NORMAL,,,,CAPEX_SOURCE_UNAVAILABLE
DLF,2015-03,2037.0,7649.0,507.0,26.630932147993203,4.017751479289941,NORMAL,,,,CAPEX_SOURCE_UNAVAILABLE
DLF,2016-03,2957.0,9926.0,305.0,29.790449325005035,9.695081967213115,NORMAL,,,,CAPEX_SOURCE_UNAVAILABLE
DLF,2017-03,-898.0,8221.0,708.0,-10.923245347281354,-1.268361581920904,NORMAL,,,,CAPEX_SOURCE_UNAVAILABLE
DLF,2018-03,270.0,6707.0,4477.0,4.025644848665573,0.060308242126423946,NORMAL,,,,CAPEX_SOURCE_UNAVAILABLE
DLF,2019-03,2043.0,8366.0,1314.0,24.42027253167583,1.5547945205479452,NORMAL,,,,CAPEX_SOURCE_UNAVAILABLE
DLF,2020-03,356.0,6083.0,-590.0,5.852375472628637,-0.6033898305084746,NEGATIVE_PAT,,,,CAPEX_SOURCE_UNAVAILABLE
DLF,2021-03,1460.0,5414.0,1083.0,26.967122275581822,1.348107109879963,NORMAL,,,,CAPEX_SOURCE_UNAVAILABLE
DLF,2022-03,2832.0,5717.0,1500.0,49.53647017666608,1.888,NORMAL,,,,CAPEX_SOURCE_UNAVAILABLE
DLF,2023-03,2375.0,5695.0,2034.0,41.70324846356453,1.1676499508357916,NORMAL,,,,CAPEX_SOURCE_UNAVAILABLE
DLF,2024-03,2539.0,6427.0,2724.0,39.50521238524973,0.9320851688693098,NORMAL,,,,CAPEX_SOURCE_UNAVAILABLE
DMART,2013-03,127.0,3341.0,94.0,3.8012571086501046,1.351063829787234,NORMAL,,,,CAPEX_SOURCE_UNAVAILABLE
DMART,2014-03,198.0,4686.0,161.0,4.225352112676056,1.2298136645962734,NORMAL,,,,CAPEX_SOURCE_UNAVAILABLE
DMART,2015-03,222.0,6439.0,212.0,3.447740332349744,1.0471698113207548,NORMAL,,,,CAPEX_SOURCE_UNAVAILABLE
DMART,2016-03,433.0,8584.0,320.0,5.0442684063373715,1.353125,NORMAL,,,,CAPEX_SOURCE_UNAVAILABLE
DMART,2017-03,455.0,11898.0,479.0,3.8241721297697087,0.9498956158663883,NORMAL,,,,CAPEX_SOURCE_UNAVAILABLE
DMART,2018-03,730.0,15033.0,806.0,4.855983502960155,0.9057071960297767,NORMAL,,,,CAPEX_SOURCE_UNAVAILABLE
DMART,2019-03,807.0,20005.0,902.0,4.033991502124469,0.8946784922394678,NORMAL,,,,CAPEX_SOURCE_UNAVAILABLE
DMART,2020-03,1280.0,24870.0,1301.0,5.146763168476076,0.9838585703305149,NORMAL,,,,CAPEX_SOURCE_UNAVAILABLE
DMART,2021-03,1375.0,24143.0,1099.0,5.695232572588329,1.2511373976342128,NORMAL,,,,CAPEX_SOURCE_UNAVAILABLE
DMART,2022-03,1372.0,30976.0,1492.0,4.429235537190083,0.9195710455764075,NORMAL,,,,CAPEX_SOURCE_UNAVAILABLE
DMART,2023-03,2630.0,42840.0,2378.0,6.139122315592903,1.1059714045416316,NORMAL,,,,CAPEX_SOURCE_UNAVAILABLE
DMART,2024-03,2746.0,50789.0,2536.0,5.4066825493709265,1.082807570977918,NORMAL,,,,CAPEX_SOURCE_UNAVAILABLE
DRREDDY,2013-03,1378.0,11833.0,1527.0,11.645398461928504,0.9024230517354289,NORMAL,,,,CAPEX_SOURCE_UNAVAILABLE
DRREDDY,2014-03,1970.0,13415.0,1963.0,14.68505404398062,1.0035659704533877,NORMAL,,,,CAPEX_SOURCE_UNAVAILABLE
DRREDDY,2015-03,2524.0,15023.0,2336.0,16.800905278572856,1.0804794520547945,NORMAL,,,,CAPEX_SOURCE_UNAVAILABLE
DRREDDY,2016-03,3263.0,15568.0,2131.0,20.959660842754367,1.5312060065696855,NORMAL,,,,CAPEX_SOURCE_UNAVAILABLE
DRREDDY,2017-03,2144.0,14196.0,1292.0,15.102845872076642,1.6594427244582044,NORMAL,,,,CAPEX_SOURCE_UNAVAILABLE
DRREDDY,2018-03,1803.0,14281.0,947.0,12.625166304880612,1.903907074973601,NORMAL,,,,CAPEX_SOURCE_UNAVAILABLE
DRREDDY,2019-03,2870.0,15448.0,1950.0,18.578456758156396,1.471794871794872,NORMAL,,,,CAPEX_SOURCE_UNAVAILABLE
DRREDDY,2020-03,2984.0,17517.0,2026.0,17.034880401895304,1.472852912142152,NORMAL,,,,CAPEX_SOURCE_UNAVAILABLE
DRREDDY,2021-03,3570.0,19048.0,1952.0,18.74212515749685,1.8288934426229508,NORMAL,,,,CAPEX_SOURCE_UNAVAILABLE
DRREDDY,2022-03,2811.0,21545.0,2182.0,13.047110698537946,1.2882676443629697,NORMAL,,,,CAPEX_SOURCE_UNAVAILABLE
DRREDDY,2023-03,5888.0,24670.0,4507.0,23.86704499391974,1.3064122476148214,NORMAL,,,,CAPEX_SOURCE_UNAVAILABLE
DRREDDY,2024-03,4543.0,28011.0,5578.0,16.21862839598729,0.8144496235209753,NORMAL,,,,CAPEX_SOURCE_UNAVAILABLE
EICHERMOT,2012-12,496.0,6390.0,475.0,7.762128325508607,1.0442105263157895,NORMAL,,,,CAPEX_SOURCE_UNAVAILABLE
EICHERMOT,2013-12,716.0,6810.0,525.0,10.513950073421439,1.3638095238095238,NORMAL,,,,CAPEX_SOURCE_UNAVAILABLE
EICHERMOT,2014-12,1047.0,8738.0,702.0,11.982146944380865,1.4914529914529915,NORMAL,,,,CAPEX_SOURCE_UNAVAILABLE
EICHERMOT,2016-03,1463.0,6173.0,1338.0,23.69998380042119,1.093423019431988,NORMAL,,,,CAPEX_SOURCE_UNAVAILABLE
EICHERMOT,2017-03,1708.0,7033.0,1667.0,24.285511161666427,1.0245950809838031,NORMAL,,,,CAPEX_SOURCE_UNAVAILABLE
EICHERMOT,2018-03,2482.0,8965.0,1960.0,27.685443390964863,1.2663265306122449,NORMAL,,,,CAPEX_SOURCE_UNAVAILABLE
EICHERMOT,2019-03,1575.0,9797.0,2203.0,16.076349903031538,0.7149341806627326,NORMAL,,,,CAPEX_SOURCE_UNAVAILABLE
EICHERMOT,2020-03,1694.0,9154.0,1827.0,18.505571334935546,0.9272030651340997,NORMAL,,,,CAPEX_SOURCE_UNAVAILABLE
EICHERMOT,2021-03,1691.0,8720.0,1347.0,19.392201834862384,1.2553823311061618,NORMAL,,,,CAPEX_SOURCE_UNAVAILABLE
EICHERMOT,2022-03,1527.0,10298.0,1677.0,14.82812196543018,0.9105545617173524,NORMAL,,,,CAPEX_SOURCE_UNAVAILABLE
EICHERMOT,2023-03,2823.0,14442.0,2914.0,19.547154133776484,0.9687714481811942,NORMAL,,,,CAPEX_SOURCE_UNAVAILABLE
EICHERMOT,2024-03,3724.0,16536.0,4001.0,22.520561199806483,0.9307673081729567,NORMAL,,,,CAPEX_SOURCE_UNAVAILABLE
GAIL,2013-03,6603.0,50974.0,4367.0,12.953662651547848,1.5120219830547286,NORMAL,,,,CAPEX_SOURCE_UNAVAILABLE
GAIL,2014-03,4615.0,61765.0,4786.0,7.471869181575326,0.9642707898035938,NORMAL,,,,CAPEX_SOURCE_UNAVAILABLE
GAIL,2015-03,4214.0,60557.0,3160.0,6.958733094439949,1.3335443037974684,NORMAL,,,,CAPEX_SOURCE_UNAVAILABLE
GAIL,2016-03,3960.0,52053.0,1874.0,7.607630684110426,2.113127001067236,NORMAL,,,,CAPEX_SOURCE_UNAVAILABLE
GAIL,2017-03,6024.0,48552.0,3374.0,12.40731586752348,1.7854179016004743,NORMAL,,,,CAPEX_SOURCE_UNAVAILABLE
GAIL,2018-03,8769.0,54496.0,4805.0,16.09108925425719,1.8249739854318419,NORMAL,,,,CAPEX_SOURCE_UNAVAILABLE
GAIL,2019-03,7984.0,76190.0,6553.0,10.479065494159338,1.2183732641538227,NORMAL,,,,CAPEX_SOURCE_UNAVAILABLE
GAIL,2020-03,8345.0,72518.0,9515.0,11.507487796133374,0.8770362585391487,NORMAL,,,,CAPEX_SOURCE_UNAVAILABLE
GAIL,2021-03,8993.0,57372.0,6143.0,15.674893676357804,1.463942699007,NORMAL,,,,CAPEX_SOURCE_UNAVAILABLE
GAIL,2022-03,9420.0,92770.0,12304.0,10.154144658833674,0.7656046814044213,NORMAL,,,,CAPEX_SOURCE_UNAVAILABLE
GAIL,2023-03,3205.0,145668.0,5596.0,2.2002086937419336,0.5727305218012866,NORMAL,,,,CAPEX_SOURCE_UNAVAILABLE
GAIL,2024-03,12586.0,133228.0,9903.0,9.446963100849672,1.270928001615672,NORMAL,,,,CAPEX_SOURCE_UNAVAILABLE
GODREJCP,2013-03,820.0,6412.0,845.0,12.788521522145976,0.9704142011834319,NORMAL,,,,CAPEX_SOURCE_UNAVAILABLE
GODREJCP,2014-03,1116.0,7599.0,819.0,14.686142913541255,1.3626373626373627,NORMAL,,,,CAPEX_SOURCE_UNAVAILABLE
GODREJCP,2015-03,1027.0,8273.0,976.0,12.413876465611024,1.0522540983606556,NORMAL,,,,CAPEX_SOURCE_UNAVAILABLE
GODREJCP,2016-03,847.0,8424.0,831.0,10.054605887939221,1.0192539109506618,NORMAL,,,,CAPEX_SOURCE_UNAVAILABLE
GODREJCP,2017-03,1860.0,9268.0,1308.0,20.069054812257228,1.4220183486238531,NORMAL,,,,CAPEX_SOURCE_UNAVAILABLE
GODREJCP,2018-03,1723.0,9847.0,1634.0,17.49771504011374,1.0544675642594858,NORMAL,,,,CAPEX_SOURCE_UNAVAILABLE
GODREJCP,2019-03,1729.0,10314.0,2342.0,16.76362226100446,0.7382578992314262,NORMAL,,,,CAPEX_SOURCE_UNAVAILABLE
GODREJCP,2020-03,1588.0,9911.0,1497.0,16.022601150237108,1.0607882431529727,NORMAL,,,,CAPEX_SOURCE_UNAVAILABLE
GODREJCP,2021-03,2030.0,11029.0,1721.0,18.40602049143168,1.179546775130738,NORMAL,,,,CAPEX_SOURCE_UNAVAILABLE
GODREJCP,2022-03,1451.0,12276.0,1783.0,11.8198110133594,0.8137969713965227,NORMAL,,,,CAPEX_SOURCE_UNAVAILABLE
GODREJCP,2023-03,2151.0,13316.0,1702.0,16.15349954941424,1.263807285546416,NORMAL,,,,CAPEX_SOURCE_UNAVAILABLE
GODREJCP,2024-03,2070.0,14096.0,-561.0,14.685017026106697,-3.6898395721925135,NEGATIVE_PAT,,,,CAPEX_SOURCE_UNAVAILABLE
GRASIM,2013-03,4242.0,27909.0,3778.0,15.199398043641835,1.1228163049232398,NORMAL,,,,CAPEX_SOURCE_UNAVAILABLE
GRASIM,2014-03,3549.0,28331.0,2954.0,12.526913981151388,1.2014218009478672,NORMAL,,,,CAPEX_SOURCE_UNAVAILABLE
GRASIM,2015-03,4594.0,31734.0,2582.0,14.47658662633138,1.7792408985282726,NORMAL,,,,CAPEX_SOURCE_UNAVAILABLE
GRASIM,2016-03,5868.0,34487.0,3455.0,17.015107141821556,1.6984081041968162,NORMAL,,,,CAPEX_SOURCE_UNAVAILABLE
GRASIM,2017-03,7288.0,36068.0,4246.0,20.206277032272375,1.7164390014130946,NORMAL,,,,CAPEX_SOURCE_UNAVAILABLE
GRASIM,2018-03,-4140.0,55894.0,3688.0,-7.406877303467277,-1.1225596529284165,NORMAL,,,,CAPEX_SOURCE_UNAVAILABLE
GRASIM,2019-03,-1659.0,77200.0,2745.0,-2.1489637305699483,-0.6043715846994535,NORMAL,,,,CAPEX_SOURCE_UNAVAILABLE
GRASIM,2020-03,16620.0,68252.0,6639.0,24.35093477114224,2.5033890646181653,NORMAL,,,,CAPEX_SOURCE_UNAVAILABLE
GRASIM,2021-03,15075.0,76404.0,6987.0,19.73064237474478,2.157578359811078,NORMAL,,,,CAPEX_SOURCE_UNAVAILABLE
GRASIM,2022-03,7038.0,95701.0,11206.0,7.354155128995517,0.6280563983580225,NORMAL,,,,CAPEX_SOURCE_UNAVAILABLE
GRASIM,2023-03,-12685.0,117627.0,11078.0,-10.784088687121155,-1.1450622856111212,NORMAL,,,,CAPEX_SOURCE_UNAVAILABLE
GRASIM,2024-03,-10719.0,130978.0,9926.0,-8.183817129594283,-1.0798911948418295,NORMAL,,,,CAPEX_SOURCE_UNAVAILABLE
HAL,2017-03,-423.0,17950.0,2616.0,-2.3565459610027855,-0.16169724770642202,NORMAL,,,,CAPEX_SOURCE_UNAVAILABLE
HAL,2018-03,-734.0,18519.0,1987.0,-3.9634969490793237,-0.36940110719677904,NORMAL,,,,CAPEX_SOURCE_UNAVAILABLE
HAL,2019-03,-7694.0,20008.0,2346.0,-38.45461815273891,-3.279624893435635,NORMAL,,,,CAPEX_SOURCE_UNAVAILABLE
HAL,2020-03,1537.0,21445.0,2842.0,7.167171834926556,0.5408163265306123,NORMAL,,,,CAPEX_SOURCE_UNAVAILABLE
HAL,2021-03,15124.0,22882.0,3239.0,66.09562101214928,4.669342389626428,NORMAL,,,,CAPEX_SOURCE_UNAVAILABLE
HAL,2022-03,10180.0,24620.0,5086.0,41.348497156783104,2.0015729453401496,NORMAL,,,,CAPEX_SOURCE_UNAVAILABLE
HAL,2023-03,8836.0,26928.0,5811.0,32.8134284016637,1.5205644467389434,NORMAL,,,,CAPEX_SOURCE_UNAVAILABLE
HAL,2024-03,8226.0,30381.0,7595.0,27.076133109509232,1.0830809743252139,NORMAL,,,,CAPEX_SOURCE_UNAVAILABLE
HAVELLS,2013-03,638.0,7135.0,581.0,8.941836019621583,1.0981067125645438,NORMAL,,,,CAPEX_SOURCE_UNAVAILABLE
HAVELLS,2014-03,868.0,8051.0,446.0,10.781269407527015,1.946188340807175,NORMAL,,,,CAPEX_SOURCE_UNAVAILABLE
HAVELLS,2015-03,963.0,8468.0,385.0,11.372224846480869,2.501298701298701,NORMAL,,,,CAPEX_SOURCE_UNAVAILABLE
HAVELLS,2016-03,513.0,7594.0,1300.0,6.755333157756123,0.3946153846153846,NORMAL,,,,CAPEX_SOURCE_UNAVAILABLE
HAVELLS,2017-03,767.0,6130.0,494.0,12.512234910277325,1.5526315789473684,NORMAL,,,,CAPEX_SOURCE_UNAVAILABLE
HAVELLS,2018-03,1100.0,8116.0,661.0,13.553474618038441,1.6641452344931922,NORMAL,,,,CAPEX_SOURCE_UNAVAILABLE
HAVELLS,2019-03,501.0,10073.0,788.0,4.973692048049241,0.6357868020304569,NORMAL,,,,CAPEX_SOURCE_UNAVAILABLE
HAVELLS,2020-03,827.0,9440.0,735.0,8.760593220338983,1.125170068027211,NORMAL,,,,CAPEX_SOURCE_UNAVAILABLE
HAVELLS,2021-03,660.0,10457.0,1044.0,6.311561633355647,0.632183908045977,NORMAL,,,,CAPEX_SOURCE_UNAVAILABLE
HAVELLS,2022-03,1728.0,13938.0,1196.0,12.397761515281964,1.4448160535117056,NORMAL,,,,CAPEX_SOURCE_UNAVAILABLE
HAVELLS,2023-03,565.0,16911.0,1072.0,3.3410206374549114,0.5270522388059702,NORMAL,,,,CAPEX_SOURCE_UNAVAILABLE
HAVELLS,2024-03,1953.0,18590.0,1271.0,10.50564819795589,1.5365853658536586,NORMAL,,,,CAPEX_SOURCE_UNAVAILABLE
HCLTECH,2013-06,4492.0,25581.0,4040.0,17.55990774402877,1.111881188118812,NORMAL,,,,CAPEX_SOURCE_UNAVAILABLE
HCLTECH,2014-06,6457.0,32144.0,6528.0,20.087730214036835,0.9891237745098039,NORMAL,,,,CAPEX_SOURCE_UNAVAILABLE
HCLTECH,2015-06,5539.0,36701.0,7342.0,15.092231819296478,0.7544265867611005,NORMAL,,,,CAPEX_SOURCE_UNAVAILABLE
HCLTECH,2016-03,3823.0,,,,,MISSING,,,,CAPEX_SOURCE_UNAVAILABLE
HCLTECH,2017-03,8995.0,47568.0,8606.0,18.90977127480659,1.0452010225424122,NORMAL,,,,CAPEX_SOURCE_UNAVAILABLE
HCLTECH,2018-03,8328.0,50569.0,8722.0,16.468587474539735,0.9548268745700528,NORMAL,,,,CAPEX_SOURCE_UNAVAILABLE
HCLTECH,2019-03,8971.0,60427.0,10120.0,14.846012544061429,0.8864624505928854,NORMAL,,,,CAPEX_SOURCE_UNAVAILABLE
HCLTECH,2020-03,13359.0,70676.0,11057.0,18.901748825626804,1.2081939043140093,NORMAL,,,,CAPEX_SOURCE_UNAVAILABLE
HCLTECH,2021-03,19618.0,75379.0,11169.0,26.025816208758407,1.756468797564688,NORMAL,,,,CAPEX_SOURCE_UNAVAILABLE
HCLTECH,2022-03,16900.0,85651.0,13523.0,19.731234895097547,1.2497226946683428,NORMAL,,,,CAPEX_SOURCE_UNAVAILABLE
HCLTECH,2023-03,18009.0,101456.0,14845.0,17.75055196341271,1.2131357359380264,NORMAL,,,,CAPEX_SOURCE_UNAVAILABLE
HCLTECH,2024-03,22448.0,109913.0,15710.0,20.423425800405777,1.428898790579249,NORMAL,,,,CAPEX_SOURCE_UNAVAILABLE
HDFCBANK,2013-03,-5847.0,35861.0,6903.0,-16.304620618499204,-0.8470230334637114,NORMAL,,,,CAPEX_SOURCE_UNAVAILABLE
HDFCBANK,2014-03,4211.0,42555.0,8768.0,9.89542944424862,0.4802691605839416,NORMAL,,,,CAPEX_SOURCE_UNAVAILABLE
HDFCBANK,2015-03,-21281.0,50666.0,10703.0,-42.00252634903091,-1.9883210314864992,NORMAL,,,,CAPEX_SOURCE_UNAVAILABLE
HDFCBANK,2016-03,-34435.0,63162.0,12821.0,-54.5185396282575,-2.6858279385383357,NORMAL,,,,CAPEX_SOURCE_UNAVAILABLE
HDFCBANK,2017-03,17282.0,73271.0,15317.0,23.586412086637278,1.128288829405236,NORMAL,,,,CAPEX_SOURCE_UNAVAILABLE
HDFCBANK,2018-03,17214.0,85288.0,18561.0,20.183378669918394,0.9274284790690157,NORMAL,,,,CAPEX_SOURCE_UNAVAILABLE
HDFCBANK,2019-03,-62872.0,105161.0,22446.0,-59.78642272325292,-2.801033591731266,NORMAL,,,,CAPEX_SOURCE_UNAVAILABLE
HDFCBANK,2020-03,-16869.0,122189.0,27296.0,-13.805661720776829,-0.6180026377491208,NORMAL,,,,CAPEX_SOURCE_UNAVAILABLE
HDFCBANK,2021-03,42476.0,128552.0,31857.0,33.04188188437364,1.3333333333333333,NORMAL,,,,CAPEX_SOURCE_UNAVAILABLE
HDFCBANK,2022-03,-11960.0,135936.0,38151.0,-8.798258003766477,-0.3134911273623234,NORMAL,,,,CAPEX_SOURCE_UNAVAILABLE
HDFCBANK,2023-03,20814.0,170754.0,46149.0,12.189465546927158,0.45101735682246635,NORMAL,,,,CAPEX_SOURCE_UNAVAILABLE
HDFCBANK,2024-03,19069.0,283649.0,65446.0,6.722745364869962,0.2913699844146319,NORMAL,,,,CAPEX_SOURCE_UNAVAILABLE
HDFCLIFE,2013-03,,14060.0,447.0,,,MISSING,,,,CAPEX_SOURCE_UNAVAILABLE
HDFCLIFE,2014-03,,17166.0,725.0,,,MISSING,,,,CAPEX_SOURCE_UNAVAILABLE
HDFCLIFE,2015-03,4459.0,27215.0,786.0,16.384346867536284,5.673027989821883,NORMAL,,,,CAPEX_SOURCE_UNAVAILABLE
HDFCLIFE,2016-03,5687.0,18141.0,817.0,31.34887823163001,6.960832313341493,NORMAL,,,,CAPEX_SOURCE_UNAVAILABLE
HDFCLIFE,2017-03,6230.0,30647.0,887.0,20.328253988971188,7.023675310033822,NORMAL,,,,CAPEX_SOURCE_UNAVAILABLE
HDFCLIFE,2018-03,6739.0,32260.0,1107.0,20.88964662120273,6.087624209575429,NORMAL,,,,CAPEX_SOURCE_UNAVAILABLE
HDFCLIFE,2019-03,9868.0,38855.0,1278.0,25.396988804529663,7.721439749608764,NORMAL,,,,CAPEX_SOURCE_UNAVAILABLE
HDFCLIFE,2020-03,7388.0,29380.0,1297.0,25.14635806671205,5.696222050886662,NORMAL,,,,CAPEX_SOURCE_UNAVAILABLE
HDFCLIFE,2021-03,9703.0,71528.0,1361.0,13.565317078626551,7.129316678912565,NORMAL,,,,CAPEX_SOURCE_UNAVAILABLE
HDFCLIFE,2022-03,5943.0,67126.0,1327.0,8.853499389208354,4.47852298417483,NORMAL,,,,CAPEX_SOURCE_UNAVAILABLE
HDFCLIFE,2023-03,6883.0,70207.0,1368.0,9.8038657113963,5.031432748538012,NORMAL,,,,CAPEX_SOURCE_UNAVAILABLE
HDFCLIFE,2024-03,10721.0,101482.0,1574.0,10.564435072229559,6.81130876747141,NORMAL,,,,CAPEX_SOURCE_UNAVAILABLE
HEROMOTOCO,2014-03,2963.0,25275.0,2102.0,11.723046488625123,1.4096098953377736,NORMAL,,,,CAPEX_SOURCE_UNAVAILABLE
HEROMOTOCO,2015-03,2186.0,27538.0,2364.0,7.938121867964268,0.9247038917089678,NORMAL,,,,CAPEX_SOURCE_UNAVAILABLE
HEROMOTOCO,2016-03,3722.0,28457.0,3112.0,13.07938292862916,1.1960154241645244,NORMAL,,,,CAPEX_SOURCE_UNAVAILABLE
HEROMOTOCO,2017-03,4007.0,28610.0,3546.0,14.005592450192243,1.1300056401579244,NORMAL,,,,CAPEX_SOURCE_UNAVAILABLE
HEROMOTOCO,2018-03,4017.0,32458.0,3722.0,12.37599359171853,1.0792584631918323,NORMAL,,,,CAPEX_SOURCE_UNAVAILABLE
HEROMOTOCO,2019-03,1032.0,33971.0,3466.0,3.0378852550705013,0.2977495672244662,NORMAL,,,,CAPEX_SOURCE_UNAVAILABLE
HEROMOTOCO,2020-03,5518.0,29254.0,3659.0,18.862377794489642,1.508062312107133,NORMAL,,,,CAPEX_SOURCE_UNAVAILABLE
HEROMOTOCO,2021-03,4110.0,30959.0,2936.0,13.275622597629122,1.3998637602179838,NORMAL,,,,CAPEX_SOURCE_UNAVAILABLE
HEROMOTOCO,2022-03,2104.0,29551.0,2329.0,7.119894419816589,0.9033920137398025,NORMAL,,,,CAPEX_SOURCE_UNAVAILABLE
HEROMOTOCO,2023-03,2614.0,34158.0,2800.0,7.652672873119035,0.9335714285714286,NORMAL,,,,CAPEX_SOURCE_UNAVAILABLE
HEROMOTOCO,2024-03,4923.0,37789.0,3742.0,13.027600624520364,1.3156066274719402,NORMAL,,,,CAPEX_SOURCE_UNAVAILABLE
HINDALCO,2013-03,2977.0,80193.0,3007.0,3.712294090506653,0.9900232790156301,NORMAL,,,,CAPEX_SOURCE_UNAVAILABLE
HINDALCO,2014-03,7956.0,87695.0,2195.0,9.072353041792576,3.624601366742597,NORMAL,,,,CAPEX_SOURCE_UNAVAILABLE
HINDALCO,2015-03,7143.0,104281.0,259.0,6.849761701556371,27.57915057915058,NORMAL,,,,CAPEX_SOURCE_UNAVAILABLE
HINDALCO,2016-03,11688.0,98759.0,-702.0,11.83487074595733,-16.64957264957265,NEGATIVE_PAT,,,,CAPEX_SOURCE_UNAVAILABLE
HINDALCO,2017-03,12687.0,100184.0,1882.0,12.66369879421864,6.741232731137088,NORMAL,,,,CAPEX_SOURCE_UNAVAILABLE
HINDALCO,2018-03,10898.0,115183.0,6083.0,9.461465667676654,1.7915502219299688,NORMAL,,,,CAPEX_SOURCE_UNAVAILABLE
HINDALCO,2019-03,11977.0,130542.0,5495.0,9.174824960549095,2.1796178343949046,NORMAL,,,,CAPEX_SOURCE_UNAVAILABLE
HINDALCO,2020-03,12745.0,118144.0,3767.0,10.787682827735646,3.383328908946111,NORMAL,,,,CAPEX_SOURCE_UNAVAILABLE
HINDALCO,2021-03,17232.0,132008.0,3483.0,13.053754317920127,4.9474590869939705,NORMAL,,,,CAPEX_SOURCE_UNAVAILABLE
HINDALCO,2022-03,16838.0,195059.0,13730.0,8.632259982876976,1.226365622723962,NORMAL,,,,CAPEX_SOURCE_UNAVAILABLE
HINDALCO,2023-03,19208.0,223202.0,10097.0,8.605657655397353,1.9023472318510448,NORMAL,,,,CAPEX_SOURCE_UNAVAILABLE
HINDALCO,2024-03,24056.0,215962.0,10155.0,11.138996675341033,2.368882323978336,NORMAL,,,,CAPEX_SOURCE_UNAVAILABLE
HINDUNILVR,2013-03,3605.0,27004.0,3839.0,13.349874092727005,0.9390466267257098,NORMAL,,,,CAPEX_SOURCE_UNAVAILABLE
HINDUNILVR,2014-03,3818.0,29234.0,3956.0,13.060135458712457,0.9651162790697675,NORMAL,,,,CAPEX_SOURCE_UNAVAILABLE
HINDUNILVR,2015-03,3292.0,31972.0,4376.0,10.296509445765043,0.7522851919561243,NORMAL,,,,CAPEX_SOURCE_UNAVAILABLE
HINDUNILVR,2016-03,4171.0,32186.0,4151.0,12.959050518859131,1.0048181161165983,NORMAL,,,,CAPEX_SOURCE_UNAVAILABLE
HINDUNILVR,2017-03,5185.0,33162.0,4490.0,15.635365780109764,1.1547884187082404,NORMAL,,,,CAPEX_SOURCE_UNAVAILABLE
HINDUNILVR,2018-03,6059.0,35545.0,5227.0,17.045998030665356,1.1591735220968051,NORMAL,,,,CAPEX_SOURCE_UNAVAILABLE
HINDUNILVR,2019-03,5800.0,39310.0,6060.0,14.754515390485881,0.9570957095709571,NORMAL,,,,CAPEX_SOURCE_UNAVAILABLE
HINDUNILVR,2020-03,7623.0,39783.0,6756.0,19.161450870975038,1.1283303730017762,NORMAL,,,,CAPEX_SOURCE_UNAVAILABLE
HINDUNILVR,2021-03,9163.0,47028.0,7999.0,19.484137109806923,1.1455181897737217,NORMAL,,,,CAPEX_SOURCE_UNAVAILABLE
HINDUNILVR,2022-03,9048.0,52446.0,8892.0,17.25203066010754,1.0175438596491229,NORMAL,,,,CAPEX_SOURCE_UNAVAILABLE
HINDUNILVR,2023-03,9991.0,60580.0,10143.0,16.492241663915483,0.9850142955733018,NORMAL,,,,CAPEX_SOURCE_UNAVAILABLE
HINDUNILVR,2024-03,15469.0,61896.0,10282.0,24.99192193356598,1.504473837774752,NORMAL,,,,CAPEX_SOURCE_UNAVAILABLE
ICICIBANK,2013-03,17494.0,44885.0,10130.0,38.97515873899967,1.726949654491609,NORMAL,,,,CAPEX_SOURCE_UNAVAILABLE
ICICIBANK,2014-03,6765.0,49479.0,11677.0,13.672467107257624,0.5793440095915047,NORMAL,,,,CAPEX_SOURCE_UNAVAILABLE
ICICIBANK,2015-03,-12273.0,54964.0,12942.0,-22.329160905319846,-0.9483078349559574,NORMAL,,,,CAPEX_SOURCE_UNAVAILABLE
ICICIBANK,2016-03,23645.0,59294.0,10927.0,39.87755928087159,2.16390592111284,NORMAL,,,,CAPEX_SOURCE_UNAVAILABLE
ICICIBANK,2017-03,52636.0,60940.0,11340.0,86.37348211355432,4.641622574955909,NORMAL,,,,CAPEX_SOURCE_UNAVAILABLE
ICICIBANK,2018-03,19383.0,62162.0,9100.0,31.181429168945655,2.13,NORMAL,,,,CAPEX_SOURCE_UNAVAILABLE
ICICIBANK,2019-03,48671.0,71982.0,5689.0,67.61551498985857,8.555282123396028,NORMAL,,,,CAPEX_SOURCE_UNAVAILABLE
ICICIBANK,2020-03,79565.0,84836.0,11225.0,93.78683577726437,7.088195991091314,NORMAL,,,,CAPEX_SOURCE_UNAVAILABLE
ICICIBANK,2021-03,138015.0,89163.0,20364.0,154.78954274755225,6.777401296405421,NORMAL,,,,CAPEX_SOURCE_UNAVAILABLE
ICICIBANK,2022-03,58111.0,95407.0,26538.0,60.908528724307445,2.18972793729746,NORMAL,,,,CAPEX_SOURCE_UNAVAILABLE
ICICIBANK,2023-03,-3771.0,121067.0,35461.0,-3.114804199327645,-0.10634217873156425,NORMAL,,,,CAPEX_SOURCE_UNAVAILABLE
ICICIBANK,2024-03,157284.0,159516.0,46081.0,98.60076732114646,3.4132071786636575,NORMAL,,,,CAPEX_SOURCE_UNAVAILABLE
ICICIGI,2013-03,984.0,4012.0,353.0,24.52642073778664,2.7875354107648724,NORMAL,,,,CAPEX_SOURCE_UNAVAILABLE
ICICIGI,2014-03,595.0,4352.0,520.0,13.671875,1.1442307692307692,NORMAL,,,,CAPEX_SOURCE_UNAVAILABLE
ICICIGI,2015-03,-98.0,4234.0,585.0,-2.314596126594237,-0.1675213675213675,NORMAL,,,,CAPEX_SOURCE_UNAVAILABLE
ICICIGI,2016-03,511.0,6033.0,507.0,8.470081219956905,1.0078895463510849,NORMAL,,,,CAPEX_SOURCE_UNAVAILABLE
ICICIGI,2017-03,1628.0,7520.0,702.0,21.648936170212764,2.319088319088319,NORMAL,,,,CAPEX_SOURCE_UNAVAILABLE
ICICIGI,2018-03,2390.0,6912.0,862.0,34.5775462962963,2.7726218097447797,NORMAL,,,,CAPEX_SOURCE_UNAVAILABLE
ICICIGI,2019-03,2976.0,11163.0,1049.0,26.659500134372482,2.8369876072449953,NORMAL,,,,CAPEX_SOURCE_UNAVAILABLE
ICICIGI,2020-03,3433.0,11517.0,1194.0,29.80810975080316,2.875209380234506,NORMAL,,,,CAPEX_SOURCE_UNAVAILABLE
ICICIGI,2021-03,1774.0,12161.0,1473.0,14.587616149987664,1.2043448744059742,NORMAL,,,,CAPEX_SOURCE_UNAVAILABLE
ICICIGI,2022-03,809.0,16026.0,1271.0,5.048046923748908,0.6365066876475216,NORMAL,,,,CAPEX_SOURCE_UNAVAILABLE
ICICIGI,2023-03,2290.0,17876.0,1729.0,12.81047214141866,1.324465008675535,NORMAL,,,,CAPEX_SOURCE_UNAVAILABLE
ICICIGI,2024-03,2407.0,20487.0,1919.0,11.748913945428809,1.2542991141219386,NORMAL,,,,CAPEX_SOURCE_UNAVAILABLE
ICICIPRULI,2013-03,-2641.0,20025.0,1515.0,-13.188514357053682,-1.7432343234323433,NORMAL,,,,CAPEX_SOURCE_UNAVAILABLE
ICICIPRULI,2014-03,-2382.0,21888.0,1561.0,-10.882675438596491,-1.5259449071108264,NORMAL,,,,CAPEX_SOURCE_UNAVAILABLE
ICICIPRULI,2015-03,523.0,34453.0,1640.0,1.5180100426668215,0.31890243902439025,NORMAL,,,,CAPEX_SOURCE_UNAVAILABLE
ICICIPRULI,2016-03,3634.0,20849.0,1650.0,17.430092570387067,2.2024242424242426,NORMAL,,,,CAPEX_SOURCE_UNAVAILABLE
ICICIPRULI,2017-03,4130.0,37816.0,1682.0,10.92130315210493,2.455410225921522,NORMAL,,,,CAPEX_SOURCE_UNAVAILABLE
ICICIPRULI,2018-03,5690.0,38832.0,1619.0,14.65286361763494,3.5145151327980235,NORMAL,,,,CAPEX_SOURCE_UNAVAILABLE
ICICIPRULI,2019-03,11377.0,41463.0,1139.0,27.438921448038013,9.988586479367866,NORMAL,,,,CAPEX_SOURCE_UNAVAILABLE
ICICIPRULI,2020-03,8596.0,21025.0,1067.0,40.884661117717,8.056232427366448,NORMAL,,,,CAPEX_SOURCE_UNAVAILABLE
ICICIPRULI,2021-03,7314.0,83182.0,956.0,8.792767666081604,7.650627615062762,NORMAL,,,,CAPEX_SOURCE_UNAVAILABLE
ICICIPRULI,2022-03,1831.0,63564.0,759.0,2.8805613240198853,2.412384716732543,NORMAL,,,,CAPEX_SOURCE_UNAVAILABLE
ICICIPRULI,2023-03,89.0,50478.0,813.0,0.1763144340108562,0.10947109471094711,NORMAL,,,,CAPEX_SOURCE_UNAVAILABLE
ICICIPRULI,2024-03,-7315.0,90307.0,851.0,-8.100147275405007,-8.595769682726205,NORMAL,,,,CAPEX_SOURCE_UNAVAILABLE
INDIGO,2013-03,1741.0,9203.0,787.0,18.917744213843314,2.2121982210927573,NORMAL,,,,CAPEX_SOURCE_UNAVAILABLE
INDIGO,2014-03,1595.0,11117.0,474.0,14.347395880183504,3.3649789029535864,NORMAL,,,,CAPEX_SOURCE_UNAVAILABLE
INDIGO,2015-03,2384.0,13925.0,1304.0,17.120287253141832,1.8282208588957056,NORMAL,,,,CAPEX_SOURCE_UNAVAILABLE
INDIGO,2016-03,3116.0,16140.0,1986.0,19.306071871127635,1.5689828801611279,NORMAL,,,,CAPEX_SOURCE_UNAVAILABLE
INDIGO,2017-03,3782.0,18580.0,1659.0,20.355220667384284,2.2796865581675707,NORMAL,,,,CAPEX_SOURCE_UNAVAILABLE
INDIGO,2018-03,3903.0,23021.0,2242.0,16.954085400286694,1.7408563782337199,NORMAL,,,,CAPEX_SOURCE_UNAVAILABLE
INDIGO,2019-03,3160.0,28497.0,156.0,11.088886549461346,20.256410256410255,NORMAL,,,,CAPEX_SOURCE_UNAVAILABLE
INDIGO,2020-03,6943.0,35756.0,-248.0,19.417720102919787,-27.995967741935484,NEGATIVE_PAT,,,,CAPEX_SOURCE_UNAVAILABLE
INDIGO,2021-03,-1620.0,14641.0,-6171.0,-11.064817976914146,0.2625182304326689,NEGATIVE_PAT,,,,CAPEX_SOURCE_UNAVAILABLE
INDIGO,2022-03,2064.0,25931.0,-317.0,7.959585052639698,-6.511041009463723,NEGATIVE_PAT,,,,CAPEX_SOURCE_UNAVAILABLE
INDIGO,2023-03,12703.0,54446.0,-317.0,23.33137420563494,-40.072555205047315,NEGATIVE_PAT,,,,CAPEX_SOURCE_UNAVAILABLE
INDIGO,2024-03,21183.0,68904.0,8167.0,30.74277255311738,2.5937308681278317,NORMAL,,,,CAPEX_SOURCE_UNAVAILABLE
INDUSINDBK,2013-03,-486.0,6983.0,1061.0,-6.9597594157239016,-0.4580584354382658,NORMAL,,,,CAPEX_SOURCE_UNAVAILABLE
INDUSINDBK,2014-03,-4106.0,8254.0,1408.0,-49.745577901623456,-2.9161931818181817,NORMAL,,,,CAPEX_SOURCE_UNAVAILABLE
INDUSINDBK,2015-03,-1421.0,9692.0,1794.0,-14.661576557985967,-0.7920847268673356,NORMAL,,,,CAPEX_SOURCE_UNAVAILABLE
INDUSINDBK,2016-03,-2927.0,11872.0,2286.0,-24.65464959568733,-1.2804024496937882,NORMAL,,,,CAPEX_SOURCE_UNAVAILABLE
INDUSINDBK,2017-03,11569.0,14406.0,2868.0,80.3068166041927,4.033821478382148,NORMAL,,,,CAPEX_SOURCE_UNAVAILABLE
INDUSINDBK,2018-03,-20700.0,17281.0,3606.0,-119.78473467970603,-5.740432612312812,NORMAL,,,,CAPEX_SOURCE_UNAVAILABLE
INDUSINDBK,2019-03,-6389.0,22261.0,3301.0,-28.700417770989624,-1.9354740987579522,NORMAL,,,,CAPEX_SOURCE_UNAVAILABLE
INDUSINDBK,2020-03,-12039.0,28783.0,4418.0,-41.82677274780252,-2.724988682661838,NORMAL,,,,CAPEX_SOURCE_UNAVAILABLE
INDUSINDBK,2021-03,44646.0,29000.0,2836.0,153.95172413793102,15.7425952045134,NORMAL,,,,CAPEX_SOURCE_UNAVAILABLE
INDUSINDBK,2022-03,16600.0,30822.0,4611.0,53.85763415742002,3.600086749078291,NORMAL,,,,CAPEX_SOURCE_UNAVAILABLE
INDUSINDBK,2023-03,-12438.0,36368.0,7390.0,-34.2003959524857,-1.683085250338295,NORMAL,,,,CAPEX_SOURCE_UNAVAILABLE
INDUSINDBK,2024-03,-16843.0,45748.0,8950.0,-36.81691002885372,-1.8818994413407821,NORMAL,,,,CAPEX_SOURCE_UNAVAILABLE
INFY,2013-03,7373.0,40352.0,9429.0,18.27170896114195,0.781949305334606,NORMAL,,,,CAPEX_SOURCE_UNAVAILABLE
INFY,2014-03,9825.0,50133.0,10656.0,19.597869666686613,0.9220157657657657,NORMAL,,,,CAPEX_SOURCE_UNAVAILABLE
INFY,2015-03,8353.0,53319.0,12372.0,15.666085260413738,0.6751535725832525,NORMAL,,,,CAPEX_SOURCE_UNAVAILABLE
INFY,2016-03,10028.0,62441.0,13489.0,16.05996060280905,0.7434205649047372,NORMAL,,,,CAPEX_SOURCE_UNAVAILABLE
INFY,2017-03,11531.0,68484.0,14353.0,16.837509491268033,0.8033860516965095,NORMAL,,,,CAPEX_SOURCE_UNAVAILABLE
INFY,2018-03,13218.0,70522.0,16029.0,18.743087263548965,0.8246303574770728,NORMAL,,,,CAPEX_SOURCE_UNAVAILABLE
INFY,2019-03,14841.0,82675.0,15410.0,17.9510130027215,0.9630759247242051,NORMAL,,,,CAPEX_SOURCE_UNAVAILABLE
INFY,2020-03,17003.0,90791.0,16639.0,18.727627187716845,1.0218763146823728,NORMAL,,,,CAPEX_SOURCE_UNAVAILABLE
INFY,2021-03,23224.0,100472.0,19423.0,23.11489768293654,1.195695824537919,NORMAL,,,,CAPEX_SOURCE_UNAVAILABLE
INFY,2022-03,23885.0,121641.0,22146.0,19.635649164344258,1.0785243384809897,NORMAL,,,,CAPEX_SOURCE_UNAVAILABLE
INFY,2023-03,22467.0,146767.0,24108.0,15.307937070322348,0.9319313091090095,NORMAL,,,,CAPEX_SOURCE_UNAVAILABLE
INFY,2024-03,25210.0,153670.0,26248.0,16.405284050237523,0.9604541298384639,NORMAL,,,,CAPEX_SOURCE_UNAVAILABLE
IOC,2013-03,9340.0,461780.0,3627.0,2.0226081683918746,2.5751309622277363,NORMAL,,,,CAPEX_SOURCE_UNAVAILABLE
IOC,2014-03,24195.0,488345.0,6967.0,4.954489141897634,3.4728003444811253,NORMAL,,,,CAPEX_SOURCE_UNAVAILABLE
IOC,2015-03,46092.0,449507.0,4872.0,10.253900384198689,9.460591133004925,NORMAL,,,,CAPEX_SOURCE_UNAVAILABLE
IOC,2016-03,25624.0,346045.0,12413.0,7.404817292548657,2.0642874405864817,NORMAL,,,,CAPEX_SOURCE_UNAVAILABLE
IOC,2017-03,28216.0,355379.0,20385.0,7.9396925535836385,1.3841550159430953,NORMAL,,,,CAPEX_SOURCE_UNAVAILABLE
IOC,2018-03,29115.0,421492.0,22626.0,6.907604414793163,1.286793953858393,NORMAL,,,,CAPEX_SOURCE_UNAVAILABLE
IOC,2019-03,12747.0,528158.0,17274.0,2.413482329151504,0.7379298367488711,NORMAL,,,,CAPEX_SOURCE_UNAVAILABLE
IOC,2020-03,7146.0,483763.0,-1876.0,1.477169605778036,-3.8091684434968016,NEGATIVE_PAT,,,,CAPEX_SOURCE_UNAVAILABLE
IOC,2021-03,49650.0,363950.0,21762.0,13.641983788982003,2.2814998621450235,NORMAL,,,,CAPEX_SOURCE_UNAVAILABLE
IOC,2022-03,25747.0,589321.0,25727.0,4.368926272778333,1.00077739339993,NORMAL,,,,CAPEX_SOURCE_UNAVAILABLE
IOC,2023-03,29644.0,841756.0,11704.0,3.521685619110526,2.5328092959671906,NORMAL,,,,CAPEX_SOURCE_UNAVAILABLE
IOC,2024-03,71099.0,776352.0,43161.0,9.158088083755821,1.6472973286068442,NORMAL,,,,CAPEX_SOURCE_UNAVAILABLE
IRCTC,2015-03,69.0,1059.0,131.0,6.515580736543909,0.5267175572519084,NORMAL,,,,CAPEX_SOURCE_UNAVAILABLE
IRCTC,2016-03,288.0,1367.0,189.0,21.068032187271395,1.5238095238095237,NORMAL,,,,CAPEX_SOURCE_UNAVAILABLE
IRCTC,2017-03,338.0,1520.0,229.0,22.236842105263158,1.4759825327510918,NORMAL,,,,CAPEX_SOURCE_UNAVAILABLE
IRCTC,2018-03,24.0,1466.0,221.0,1.6371077762619373,0.1085972850678733,NORMAL,,,,CAPEX_SOURCE_UNAVAILABLE
IRCTC,2019-03,499.0,1870.0,309.0,26.684491978609625,1.6148867313915858,NORMAL,,,,CAPEX_SOURCE_UNAVAILABLE
IRCTC,2020-03,409.0,2264.0,513.0,18.065371024734983,0.797270955165692,NORMAL,,,,CAPEX_SOURCE_UNAVAILABLE
IRCTC,2021-03,248.0,777.0,187.0,31.917631917631915,1.3262032085561497,NORMAL,,,,CAPEX_SOURCE_UNAVAILABLE
IRCTC,2022-03,524.0,1879.0,660.0,27.88717402873869,0.793939393939394,NORMAL,,,,CAPEX_SOURCE_UNAVAILABLE
IRCTC,2023-03,812.0,3541.0,1006.0,22.931375317706863,0.8071570576540755,NORMAL,,,,CAPEX_SOURCE_UNAVAILABLE
IRCTC,2024-03,882.0,4270.0,1111.0,20.655737704918035,0.7938793879387939,NORMAL,,,,CAPEX_SOURCE_UNAVAILABLE
IRFC,2016-03,-16378.0,7507.0,849.0,-218.1697082722792,-19.290930506478208,NORMAL,,,,CAPEX_SOURCE_UNAVAILABLE
IRFC,2017-03,-19455.0,9047.0,934.0,-215.04366088206038,-20.829764453961456,NORMAL,,,,CAPEX_SOURCE_UNAVAILABLE
IRFC,2018-03,-28076.0,9267.0,2055.0,-302.96751915398727,-13.662287104622871,NORMAL,,,,CAPEX_SOURCE_UNAVAILABLE
IRFC,2019-03,-41748.0,11134.0,2255.0,-374.9595832584875,-18.51352549889135,NORMAL,,,,CAPEX_SOURCE_UNAVAILABLE
IRFC,2020-03,-62701.0,13421.0,3192.0,-467.1857536696223,-19.64317042606516,NORMAL,,,,CAPEX_SOURCE_UNAVAILABLE
IRFC,2021-03,-89907.0,15771.0,4416.0,-570.0779912497622,-20.359375,NORMAL,,,,CAPEX_SOURCE_UNAVAILABLE
IRFC,2022-03,-64412.0,20299.0,6090.0,-317.3161239469925,-10.576683087027915,NORMAL,,,,CAPEX_SOURCE_UNAVAILABLE
IRFC,2023-03,-28588.0,23722.0,6167.0,-120.51260433353006,-4.635641316685585,NORMAL,,,,CAPEX_SOURCE_UNAVAILABLE
IRFC,2024-03,7914.0,26645.0,6412.0,29.701632576468377,1.2342482844666252,NORMAL,,,,CAPEX_SOURCE_UNAVAILABLE
ITC,2013-03,7102.0,31618.0,7704.0,22.4618887975204,0.921858774662513,NORMAL,,,,CAPEX_SOURCE_UNAVAILABLE
ITC,2014-03,7344.0,35306.0,9001.0,20.800996997677448,0.8159093434062882,NORMAL,,,,CAPEX_SOURCE_UNAVAILABLE
ITC,2015-03,9843.0,38817.0,9779.0,25.35744647963521,1.0065446364658963,NORMAL,,,,CAPEX_SOURCE_UNAVAILABLE
ITC,2016-03,9799.0,39192.0,9501.0,25.002551541130842,1.0313651194611093,NORMAL,,,,CAPEX_SOURCE_UNAVAILABLE
ITC,2017-03,10627.0,42768.0,10477.0,24.84801720912832,1.0143170754987114,NORMAL,,,,CAPEX_SOURCE_UNAVAILABLE
ITC,2018-03,13169.0,43449.0,11493.0,30.30909802296946,1.1458278952405812,NORMAL,,,,CAPEX_SOURCE_UNAVAILABLE
ITC,2019-03,12583.0,48340.0,12836.0,26.03020273065784,0.9802898099096292,NORMAL,,,,CAPEX_SOURCE_UNAVAILABLE
ITC,2020-03,14690.0,49388.0,15593.0,29.74406738478983,0.942089399089335,NORMAL,,,,CAPEX_SOURCE_UNAVAILABLE
ITC,2021-03,12527.0,49257.0,13383.0,25.43191830602757,0.9360382574908466,NORMAL,,,,CAPEX_SOURCE_UNAVAILABLE
ITC,2022-03,15776.0,60645.0,15503.0,26.013686206612253,1.017609494936464,NORMAL,,,,CAPEX_SOURCE_UNAVAILABLE
ITC,2023-03,18878.0,70919.0,19477.0,26.619100664137964,0.9692457770703907,NORMAL,,,,CAPEX_SOURCE_UNAVAILABLE
ITC,2024-03,17179.0,70866.0,20751.0,24.241526260830298,0.8278637174112091,NORMAL,,,,CAPEX_SOURCE_UNAVAILABLE
JINDALSTEL,2013-03,3522.0,19807.0,2952.0,17.781592366335133,1.193089430894309,NORMAL,,,,CAPEX_SOURCE_UNAVAILABLE
JINDALSTEL,2014-03,4580.0,19286.0,1896.0,23.747796328943274,2.4156118143459917,NORMAL,,,,CAPEX_SOURCE_UNAVAILABLE
JINDALSTEL,2015-03,1182.0,19401.0,-1452.0,6.092469460337096,-0.8140495867768595,NEGATIVE_PAT,,,,CAPEX_SOURCE_UNAVAILABLE
JINDALSTEL,2016-03,4333.0,19469.0,-3087.0,22.255893985309978,-1.4036281179138321,NEGATIVE_PAT,,,,CAPEX_SOURCE_UNAVAILABLE
JINDALSTEL,2017-03,6850.0,21603.0,-2538.0,31.70855899643568,-2.6989755713159966,NEGATIVE_PAT,,,,CAPEX_SOURCE_UNAVAILABLE
JINDALSTEL,2018-03,7724.0,33286.0,-1616.0,23.20495103046326,-4.77970297029703,NEGATIVE_PAT,,,,CAPEX_SOURCE_UNAVAILABLE
JINDALSTEL,2019-03,9027.0,46966.0,-2412.0,19.220287016139334,-3.7425373134328357,NEGATIVE_PAT,,,,CAPEX_SOURCE_UNAVAILABLE
JINDALSTEL,2020-03,8814.0,37923.0,-400.0,23.24183213353374,-22.035,NEGATIVE_PAT,,,,CAPEX_SOURCE_UNAVAILABLE
JINDALSTEL,2021-03,11961.0,34579.0,4267.0,34.59035830995691,2.8031403796578394,NORMAL,,,,CAPEX_SOURCE_UNAVAILABLE
JINDALSTEL,2022-03,16048.0,51166.0,6766.0,31.364578040104757,2.371859296482412,NORMAL,,,,CAPEX_SOURCE_UNAVAILABLE
JINDALSTEL,2023-03,7347.0,53212.0,3974.0,13.807036006915732,1.8487669854051334,NORMAL,,,,CAPEX_SOURCE_UNAVAILABLE
JINDALSTEL,2024-03,6008.0,50354.0,5943.0,11.931524804384955,1.010937237085647,NORMAL,,,,CAPEX_SOURCE_UNAVAILABLE
JIOFIN,2023-03,2055.0,45.0,31.0,4566.666666666666,66.29032258064517,NORMAL,,,,CAPEX_SOURCE_UNAVAILABLE
JIOFIN,2024-03,-678.0,1855.0,1605.0,-36.54986522911051,-0.4224299065420561,NORMAL,,,,CAPEX_SOURCE_UNAVAILABLE
JSWENERGY,2013-03,1725.0,8870.0,901.0,19.447576099210824,1.9145394006659266,NORMAL,,,,CAPEX_SOURCE_UNAVAILABLE
JSWENERGY,2014-03,2269.0,8648.0,760.0,26.237280296022202,2.985526315789474,NORMAL,,,,CAPEX_SOURCE_UNAVAILABLE
JSWENERGY,2015-03,3394.0,9347.0,1358.0,36.31111586605328,2.499263622974963,NORMAL,,,,CAPEX_SOURCE_UNAVAILABLE
JSWENERGY,2016-03,3538.0,9824.0,1460.0,36.01384364820847,2.4232876712328766,NORMAL,,,,CAPEX_SOURCE_UNAVAILABLE
JSWENERGY,2017-03,3853.0,8263.0,623.0,46.62955343095728,6.184590690208668,NORMAL,,,,CAPEX_SOURCE_UNAVAILABLE
JSWENERGY,2018-03,3934.0,8049.0,85.0,48.87563672505901,46.28235294117647,NORMAL,,,,CAPEX_SOURCE_UNAVAILABLE
JSWENERGY,2019-03,2491.0,9138.0,684.0,27.259794265703658,3.641812865497076,NORMAL,,,,CAPEX_SOURCE_UNAVAILABLE
JSWENERGY,2020-03,2082.0,8273.0,1081.0,25.166203311978723,1.9259944495837187,NORMAL,,,,CAPEX_SOURCE_UNAVAILABLE
JSWENERGY,2021-03,3700.0,6922.0,823.0,53.45275931811615,4.495747266099635,NORMAL,,,,CAPEX_SOURCE_UNAVAILABLE
JSWENERGY,2022-03,2952.0,8167.0,1743.0,36.14546345047141,1.693631669535284,NORMAL,,,,CAPEX_SOURCE_UNAVAILABLE
JSWENERGY,2023-03,2084.0,10332.0,1480.0,20.170344560588465,1.4081081081081082,NORMAL,,,,CAPEX_SOURCE_UNAVAILABLE
JSWENERGY,2024-03,6234.0,11486.0,1725.0,54.274769284346156,3.6139130434782607,NORMAL,,,,CAPEX_SOURCE_UNAVAILABLE
JSWSTEEL,2013-03,5844.0,38210.0,929.0,15.294425543051556,6.290635091496233,NORMAL,,,,CAPEX_SOURCE_UNAVAILABLE
JSWSTEEL,2014-03,2594.0,51220.0,402.0,5.064427957828973,6.45273631840796,NORMAL,,,,CAPEX_SOURCE_UNAVAILABLE
JSWSTEEL,2015-03,7876.0,52972.0,1722.0,14.868232273654005,4.5737514518002325,NORMAL,,,,CAPEX_SOURCE_UNAVAILABLE
JSWSTEEL,2016-03,6897.0,41546.0,-481.0,16.600876137293604,-14.338877338877339,NEGATIVE_PAT,,,,CAPEX_SOURCE_UNAVAILABLE
JSWSTEEL,2017-03,7888.0,55604.0,3467.0,14.186029782030069,2.275165849437554,NORMAL,,,,CAPEX_SOURCE_UNAVAILABLE
JSWSTEEL,2018-03,12379.0,71933.0,6113.0,17.209069550832023,2.0250286275151317,NORMAL,,,,CAPEX_SOURCE_UNAVAILABLE
JSWSTEEL,2019-03,14633.0,84757.0,7524.0,17.26465070731621,1.944843168527379,NORMAL,,,,CAPEX_SOURCE_UNAVAILABLE
JSWSTEEL,2020-03,12785.0,73326.0,3919.0,17.435834492540163,3.262311814238326,NORMAL,,,,CAPEX_SOURCE_UNAVAILABLE
JSWSTEEL,2021-03,18789.0,79839.0,7873.0,23.533611392928268,2.3865108599009273,NORMAL,,,,CAPEX_SOURCE_UNAVAILABLE
JSWSTEEL,2022-03,26270.0,146371.0,20938.0,17.947544253984738,1.2546566052153978,NORMAL,,,,CAPEX_SOURCE_UNAVAILABLE
JSWSTEEL,2023-03,23323.0,165960.0,4139.0,14.053386358158592,5.634935974873158,NORMAL,,,,CAPEX_SOURCE_UNAVAILABLE
JSWSTEEL,2024-03,12078.0,175006.0,8973.0,6.901477663622961,1.3460381143430291,NORMAL,,,,CAPEX_SOURCE_UNAVAILABLE
KOTAKBANK,2013-03,2878.0,10838.0,2238.0,26.554714892046505,1.285969615728329,NORMAL,,,,CAPEX_SOURCE_UNAVAILABLE
KOTAKBANK,2014-03,9068.0,11986.0,2527.0,75.65493075254463,3.588444796201029,NORMAL,,,,CAPEX_SOURCE_UNAVAILABLE
KOTAKBANK,2015-03,2302.0,13319.0,3105.0,17.283579848336963,0.7413848631239935,NORMAL,,,,CAPEX_SOURCE_UNAVAILABLE
KOTAKBANK,2016-03,5025.0,20402.0,3524.0,24.629938241348885,1.4259364358683315,NORMAL,,,,CAPEX_SOURCE_UNAVAILABLE
KOTAKBANK,2017-03,13222.0,22324.0,5019.0,59.22773696470167,2.634389320581789,NORMAL,,,,CAPEX_SOURCE_UNAVAILABLE
KOTAKBANK,2018-03,-10392.0,25131.0,6258.0,-41.351319087978986,-1.660594439117929,NORMAL,,,,CAPEX_SOURCE_UNAVAILABLE
KOTAKBANK,2019-03,1822.0,29831.0,7204.0,6.10774027018873,0.2529150471960022,NORMAL,,,,CAPEX_SOURCE_UNAVAILABLE
KOTAKBANK,2020-03,46619.0,33474.0,8593.0,139.26928362311048,5.425229838240428,NORMAL,,,,CAPEX_SOURCE_UNAVAILABLE
KOTAKBANK,2021-03,4881.0,32820.0,9990.0,14.87202925045704,0.4885885885885886,NORMAL,,,,CAPEX_SOURCE_UNAVAILABLE
KOTAKBANK,2022-03,8308.0,33741.0,12089.0,24.62286239293441,0.6872363305484325,NORMAL,,,,CAPEX_SOURCE_UNAVAILABLE
KOTAKBANK,2023-03,-1242.0,42151.0,14925.0,-2.9465493108111316,-0.08321608040201005,NORMAL,,,,CAPEX_SOURCE_UNAVAILABLE
KOTAKBANK,2024-03,15685.0,56237.0,18213.0,27.890890339100594,0.8611980453522209,NORMAL,,,,CAPEX_SOURCE_UNAVAILABLE
LICI,2019-03,13274.0,571508.0,2627.0,2.3226271548254793,5.052912066996574,NORMAL,,,,CAPEX_SOURCE_UNAVAILABLE
LICI,2020-03,54367.0,628043.0,2710.0,8.656572877971731,20.06162361623616,NORMAL,,,,CAPEX_SOURCE_UNAVAILABLE
LICI,2021-03,80602.0,690914.0,2974.0,11.665996057396434,27.10221923335575,NORMAL,,,,CAPEX_SOURCE_UNAVAILABLE
LICI,2022-03,-3783.0,723606.0,4125.0,-0.5227983184219036,-0.9170909090909091,NORMAL,,,,CAPEX_SOURCE_UNAVAILABLE
LICI,2023-03,54519.0,784628.0,35997.0,6.948388280815878,1.5145428785732145,NORMAL,,,,CAPEX_SOURCE_UNAVAILABLE
LICI,2024-03,26122.0,845966.0,40916.0,3.0878309530170243,0.6384299540522045,NORMAL,,,,CAPEX_SOURCE_UNAVAILABLE
LODHA,2016-03,387.0,8249.0,703.0,4.691477754879379,0.55049786628734,NORMAL,,,,CAPEX_SOURCE_UNAVAILABLE
LODHA,2017-03,1469.0,7926.0,584.0,18.533938935150136,2.5154109589041096,NORMAL,,,,CAPEX_SOURCE_UNAVAILABLE
LODHA,2018-03,696.0,9677.0,794.0,7.192311666838896,0.8765743073047859,NORMAL,,,,CAPEX_SOURCE_UNAVAILABLE
LODHA,2019-03,-463.0,11907.0,1644.0,-3.8884689678340476,-0.2816301703163017,NORMAL,,,,CAPEX_SOURCE_UNAVAILABLE
LODHA,2020-03,3772.0,12443.0,742.0,30.31423290203327,5.083557951482479,NORMAL,,,,CAPEX_SOURCE_UNAVAILABLE
LODHA,2021-03,2524.0,5449.0,48.0,46.32042576619563,52.583333333333336,NORMAL,,,,CAPEX_SOURCE_UNAVAILABLE
LODHA,2022-03,1998.0,9233.0,1208.0,21.6397703888227,1.653973509933775,NORMAL,,,,CAPEX_SOURCE_UNAVAILABLE
LODHA,2023-03,2750.0,9470.0,490.0,29.039070749736005,5.612244897959184,NORMAL,,,,CAPEX_SOURCE_UNAVAILABLE
LODHA,2024-03,2512.0,10316.0,1554.0,24.350523458704927,1.6164736164736164,NORMAL,,,,CAPEX_SOURCE_UNAVAILABLE
LT,2013-03,-4355.0,74426.0,5291.0,-5.851449762179883,-0.8230958230958231,NORMAL,,,,CAPEX_SOURCE_UNAVAILABLE
LT,2014-03,-7143.0,85054.0,4885.0,-8.398194088461448,-1.462231320368475,NORMAL,,,,CAPEX_SOURCE_UNAVAILABLE
LT,2015-03,-1365.0,91929.0,4966.0,-1.484841562510198,-0.27486910994764396,NORMAL,,,,CAPEX_SOURCE_UNAVAILABLE
LT,2016-03,-3240.0,101122.0,4592.0,-3.2040505527976113,-0.705574912891986,NORMAL,,,,CAPEX_SOURCE_UNAVAILABLE
LT,2017-03,6655.0,109312.0,6486.0,6.088078161592506,1.0260561208757324,NORMAL,,,,CAPEX_SOURCE_UNAVAILABLE
LT,2018-03,-10031.0,119683.0,8004.0,-8.381307286749163,-1.253248375812094,NORMAL,,,,CAPEX_SOURCE_UNAVAILABLE
LT,2019-03,-4756.0,135220.0,10217.0,-3.517231178819701,-0.46549867867280026,NORMAL,,,,CAPEX_SOURCE_UNAVAILABLE
LT,2020-03,6694.0,145452.0,10894.0,4.602205538596926,0.6144666789058197,NORMAL,,,,CAPEX_SOURCE_UNAVAILABLE
LT,2021-03,23074.0,135979.0,12921.0,16.96879665242427,1.7857750948069036,NORMAL,,,,CAPEX_SOURCE_UNAVAILABLE
LT,2022-03,19164.0,156521.0,10419.0,12.243724484254509,1.8393319896343219,NORMAL,,,,CAPEX_SOURCE_UNAVAILABLE
LT,2023-03,22777.0,183341.0,12531.0,12.42329866205595,1.8176522224882292,NORMAL,,,,CAPEX_SOURCE_UNAVAILABLE
LT,2024-03,18266.0,221113.0,15547.0,8.260934454328781,1.1748890461182222,NORMAL,,,,CAPEX_SOURCE_UNAVAILABLE
LTIM,2013-03,608.0,3851.0,562.0,15.788106985198649,1.0818505338078293,NORMAL,,,,CAPEX_SOURCE_UNAVAILABLE
LTIM,2014-03,628.0,4920.0,996.0,12.764227642276424,0.6305220883534136,NORMAL,,,,CAPEX_SOURCE_UNAVAILABLE
LTIM,2015-03,642.0,4978.0,769.0,12.896745680996386,0.834850455136541,NORMAL,,,,CAPEX_SOURCE_UNAVAILABLE
LTIM,2016-03,858.0,5846.0,836.0,14.676702018474169,1.0263157894736843,NORMAL,,,,CAPEX_SOURCE_UNAVAILABLE
LTIM,2017-03,1170.0,6501.0,971.0,17.99723119520074,1.2049433573635426,NORMAL,,,,CAPEX_SOURCE_UNAVAILABLE
LTIM,2018-03,844.0,7306.0,1112.0,11.552148918696961,0.7589928057553957,NORMAL,,,,CAPEX_SOURCE_UNAVAILABLE
LTIM,2019-03,1395.0,9446.0,1516.0,14.768155833156893,0.9201846965699209,NORMAL,,,,CAPEX_SOURCE_UNAVAILABLE
LTIM,2020-03,1644.0,10879.0,1520.0,15.111683059104697,1.081578947368421,NORMAL,,,,CAPEX_SOURCE_UNAVAILABLE
LTIM,2021-03,2400.0,12370.0,1938.0,19.401778496362166,1.238390092879257,NORMAL,,,,CAPEX_SOURCE_UNAVAILABLE
LTIM,2022-03,3251.0,26109.0,3950.0,12.451645026619174,0.8230379746835443,NORMAL,,,,CAPEX_SOURCE_UNAVAILABLE
LTIM,2023-03,3095.0,33183.0,4410.0,9.327065063436097,0.7018140589569161,NORMAL,,,,CAPEX_SOURCE_UNAVAILABLE
LTIM,2024-03,5670.0,35517.0,4585.0,15.964186164371991,1.2366412213740459,NORMAL,,,,CAPEX_SOURCE_UNAVAILABLE
M&M,2013-03,-922.0,68693.0,4129.0,-1.342203717991644,-0.223298619520465,NORMAL,,,,CAPEX_SOURCE_UNAVAILABLE
M&M,2014-03,-244.0,74001.0,5154.0,-0.329725273982784,-0.0473418703919286,NORMAL,,,,CAPEX_SOURCE_UNAVAILABLE
M&M,2015-03,1055.0,71448.0,3381.0,1.4765983652446535,0.3120378586217096,NORMAL,,,,CAPEX_SOURCE_UNAVAILABLE
M&M,2016-03,2385.0,75841.0,3554.0,3.1447370155984227,0.6710748452447945,NORMAL,,,,CAPEX_SOURCE_UNAVAILABLE
M&M,2017-03,183.0,83773.0,4051.0,0.21844747114225346,0.04517403110343125,NORMAL,,,,CAPEX_SOURCE_UNAVAILABLE
M&M,2018-03,682.0,92094.0,7958.0,0.7405477012617543,0.0856999246041719,NORMAL,,,,CAPEX_SOURCE_UNAVAILABLE
M&M,2019-03,-4347.0,104721.0,6017.0,-4.151029879393818,-0.7224530496925378,NORMAL,,,,CAPEX_SOURCE_UNAVAILABLE
M&M,2020-03,-1457.0,75382.0,-321.0,-1.9328221591361334,4.538940809968848,NEGATIVE_PAT,,,,CAPEX_SOURCE_UNAVAILABLE
M&M,2021-03,17909.0,74278.0,1512.0,24.110773041815882,11.84457671957672,NORMAL,,,,CAPEX_SOURCE_UNAVAILABLE
M&M,2022-03,9248.0,90171.0,7253.0,10.256069024409179,1.2750585964428511,NORMAL,,,,CAPEX_SOURCE_UNAVAILABLE
M&M,2023-03,-7074.0,121269.0,11374.0,-5.8333127180070745,-0.6219447863548444,NORMAL,,,,CAPEX_SOURCE_UNAVAILABLE
M&M,2024-03,-5630.0,139078.0,12270.0,-4.048088123211436,-0.4588427057864711,NORMAL,,,,CAPEX_SOURCE_UNAVAILABLE
MARUTI,2013-03,4059.0,44304.0,2470.0,9.161700975081256,1.6433198380566802,NORMAL,,,,CAPEX_SOURCE_UNAVAILABLE
MARUTI,2014-03,4995.0,44542.0,2854.0,11.214134973732657,1.750175192711983,NORMAL,,,,CAPEX_SOURCE_UNAVAILABLE
MARUTI,2015-03,6449.0,50801.0,3809.0,12.694631995433161,1.693095300603833,NORMAL,,,,CAPEX_SOURCE_UNAVAILABLE
MARUTI,2016-03,8482.0,57589.0,5497.0,14.728507180190661,1.543023467345825,NORMAL,,,,CAPEX_SOURCE_UNAVAILABLE
MARUTI,2017-03,10282.0,68085.0,7511.0,15.101711096423587,1.3689255758221275,NORMAL,,,,CAPEX_SOURCE_UNAVAILABLE
MARUTI,2018-03,11788.0,79809.0,7881.0,14.770264005312683,1.4957492703971578,NORMAL,,,,CAPEX_SOURCE_UNAVAILABLE
MARUTI,2019-03,6601.0,86068.0,7651.0,7.669517125993401,0.8627630375114365,NORMAL,,,,CAPEX_SOURCE_UNAVAILABLE
MARUTI,2020-03,3496.0,75660.0,5678.0,4.620671424795137,0.6157097569566748,NORMAL,,,,CAPEX_SOURCE_UNAVAILABLE
MARUTI,2021-03,8856.0,70372.0,4389.0,12.58455067356335,2.017771701982228,NORMAL,,,,CAPEX_SOURCE_UNAVAILABLE
MARUTI,2022-03,1840.0,88330.0,3880.0,2.0830974753764293,0.4742268041237113,NORMAL,,,,CAPEX_SOURCE_UNAVAILABLE
MARUTI,2023-03,10815.0,118410.0,8264.0,9.133519128451988,1.3086882865440466,NORMAL,,,,CAPEX_SOURCE_UNAVAILABLE
MARUTI,2024-03,16801.0,141858.0,13488.0,11.84353367451959,1.2456257413997627,NORMAL,,,,CAPEX_SOURCE_UNAVAILABLE
MOTHERSON,2013-03,1486.0,25298.0,452.0,5.873982132974938,3.2876106194690267,NORMAL,,,,CAPEX_SOURCE_UNAVAILABLE
MOTHERSON,2014-03,2695.0,30414.0,1097.0,8.861050831853753,2.456700091157703,NORMAL,,,,CAPEX_SOURCE_UNAVAILABLE
MOTHERSON,2015-03,3390.0,34661.0,1292.0,9.780444880413144,2.623839009287926,NORMAL,,,,CAPEX_SOURCE_UNAVAILABLE
MOTHERSON,2016-03,2188.0,37216.0,1774.0,5.879191745485812,1.23337091319053,NORMAL,,,,CAPEX_SOURCE_UNAVAILABLE
MOTHERSON,2017-03,3800.0,42376.0,2172.0,8.967340003775721,1.7495395948434622,NORMAL,,,,CAPEX_SOURCE_UNAVAILABLE
MOTHERSON,2018-03,3264.0,56303.0,2260.0,5.7972044118430635,1.4442477876106194,NORMAL,,,,CAPEX_SOURCE_UNAVAILABLE
MOTHERSON,2019-03,4312.0,63523.0,2098.0,6.788092501928436,2.0552907530981885,NORMAL,,,,CAPEX_SOURCE_UNAVAILABLE
MOTHERSON,2020-03,6352.0,60729.0,1294.0,10.459582736419174,4.908809891808346,NORMAL,,,,CAPEX_SOURCE_UNAVAILABLE
MOTHERSON,2021-03,5051.0,57370.0,1569.0,8.804253093951543,3.2192479286169533,NORMAL,,,,CAPEX_SOURCE_UNAVAILABLE
MOTHERSON,2022-03,2463.0,63774.0,1182.0,3.862075453946749,2.083756345177665,NORMAL,,,,CAPEX_SOURCE_UNAVAILABLE
MOTHERSON,2023-03,4643.0,78788.0,1670.0,5.893029395339392,2.7802395209580837,NORMAL,,,,CAPEX_SOURCE_UNAVAILABLE
MOTHERSON,2024-03,7569.0,98692.0,3020.0,7.6693146354314425,2.5062913907284767,NORMAL,,,,CAPEX_SOURCE_UNAVAILABLE
NAUKRI,2013-03,75.0,472.0,76.0,15.889830508474576,0.9868421052631579,NORMAL,,,,CAPEX_SOURCE_UNAVAILABLE
NAUKRI,2014-03,81.0,567.0,60.0,14.285714285714285,1.35,NORMAL,,,,CAPEX_SOURCE_UNAVAILABLE
NAUKRI,2015-03,51.0,732.0,-14.0,6.967213114754098,-3.642857142857143,NEGATIVE_PAT,,,,CAPEX_SOURCE_UNAVAILABLE
NAUKRI,2016-03,78.0,748.0,118.0,10.427807486631016,0.6610169491525424,NORMAL,,,,CAPEX_SOURCE_UNAVAILABLE
NAUKRI,2017-03,213.0,888.0,-43.0,23.986486486486484,-4.953488372093023,NEGATIVE_PAT,,,,CAPEX_SOURCE_UNAVAILABLE
NAUKRI,2018-03,253.0,988.0,501.0,25.607287449392715,0.5049900199600799,NORMAL,,,,CAPEX_SOURCE_UNAVAILABLE
NAUKRI,2019-03,276.0,1151.0,592.0,23.979148566463945,0.46621621621621623,NORMAL,,,,CAPEX_SOURCE_UNAVAILABLE
NAUKRI,2020-03,350.0,1312.0,-246.0,26.676829268292686,-1.4227642276422765,NEGATIVE_PAT,,,,CAPEX_SOURCE_UNAVAILABLE
NAUKRI,2021-03,276.0,1128.0,1418.0,24.46808510638298,0.19464033850493653,NORMAL,,,,CAPEX_SOURCE_UNAVAILABLE
NAUKRI,2022-03,707.0,1589.0,12882.0,44.49339207048458,0.05488278217668064,NORMAL,,,,CAPEX_SOURCE_UNAVAILABLE
NAUKRI,2023-03,512.0,2346.0,-70.0,21.824381926683717,-7.314285714285714,NEGATIVE_PAT,,,,CAPEX_SOURCE_UNAVAILABLE
NAUKRI,2024-03,702.0,2536.0,595.0,27.681388012618296,1.1798319327731093,NORMAL,,,,CAPEX_SOURCE_UNAVAILABLE
NESTLEIND,2013-12,1796.0,9101.0,1117.0,19.73409515437864,1.6078782452999105,NORMAL,,,,CAPEX_SOURCE_UNAVAILABLE
NESTLEIND,2014-12,1644.0,9855.0,1185.0,16.681887366818874,1.3873417721518988,NORMAL,,,,CAPEX_SOURCE_UNAVAILABLE
NESTLEIND,2015-12,1098.0,8175.0,563.0,13.431192660550458,1.9502664298401422,NORMAL,,,,CAPEX_SOURCE_UNAVAILABLE
NESTLEIND,2016-12,1466.0,9141.0,1001.0,16.037632644130838,1.4645354645354645,NORMAL,,,,CAPEX_SOURCE_UNAVAILABLE
NESTLEIND,2017-12,1818.0,10010.0,1225.0,18.161838161838162,1.4840816326530613,NORMAL,,,,CAPEX_SOURCE_UNAVAILABLE
NESTLEIND,2018-12,2052.0,11292.0,1607.0,18.172157279489902,1.2769135034225265,NORMAL,,,,CAPEX_SOURCE_UNAVAILABLE
NESTLEIND,2019-12,2295.0,12369.0,1968.0,18.554450642735873,1.166158536585366,NORMAL,,,,CAPEX_SOURCE_UNAVAILABLE
NESTLEIND,2020-12,2454.0,13350.0,2082.0,18.382022471910112,1.1786743515850144,NORMAL,,,,CAPEX_SOURCE_UNAVAILABLE
NESTLEIND,2021-12,2236.0,14741.0,2118.0,15.168577437080252,1.0557129367327667,NORMAL,,,,CAPEX_SOURCE_UNAVAILABLE
NESTLEIND,2022-12,2737.0,16897.0,2391.0,16.198141681955377,1.1447093266415727,NORMAL,,,,CAPEX_SOURCE_UNAVAILABLE
NESTLEIND,2023-12,3392.0,19126.0,2999.0,17.73502039109066,1.1310436812270757,NORMAL,,,,CAPEX_SOURCE_UNAVAILABLE
NESTLEIND,2024-03,4175.0,24394.0,3933.0,17.11486431089612,1.0615306381896772,NORMAL,,,,CAPEX_SOURCE_UNAVAILABLE
NHPC,2013-03,2846.0,6381.0,2873.0,44.60115969283811,0.9906021580229725,NORMAL,,,,CAPEX_SOURCE_UNAVAILABLE
NHPC,2014-03,3824.0,7389.0,1633.0,51.7526052239816,2.3417023882424983,NORMAL,,,,CAPEX_SOURCE_UNAVAILABLE
NHPC,2015-03,4061.0,8221.0,2798.0,49.397883469164334,1.4513938527519656,NORMAL,,,,CAPEX_SOURCE_UNAVAILABLE
NHPC,2016-03,5971.0,8354.0,2365.0,71.47474263825713,2.5247357293868924,NORMAL,,,,CAPEX_SOURCE_UNAVAILABLE
NHPC,2017-03,8329.0,8623.0,3480.0,96.59051374231706,2.393390804597701,NORMAL,,,,CAPEX_SOURCE_UNAVAILABLE
NHPC,2018-03,4696.0,7755.0,2785.0,60.55448098001289,1.6861759425493716,NORMAL,,,,CAPEX_SOURCE_UNAVAILABLE
NHPC,2019-03,3824.0,8983.0,2836.0,42.56929756206167,1.3483779971791254,NORMAL,,,,CAPEX_SOURCE_UNAVAILABLE
NHPC,2020-03,2993.0,10008.0,3345.0,29.906075139888088,0.8947683109118086,NORMAL,,,,CAPEX_SOURCE_UNAVAILABLE
NHPC,2021-03,5070.0,9648.0,3600.0,52.549751243781095,1.4083333333333334,NORMAL,,,,CAPEX_SOURCE_UNAVAILABLE
NHPC,2022-03,4590.0,9144.0,3774.0,50.196850393700785,1.2162162162162162,NORMAL,,,,CAPEX_SOURCE_UNAVAILABLE
NHPC,2023-03,4705.0,10607.0,4261.0,44.35749976430659,1.1042008918094344,NORMAL,,,,CAPEX_SOURCE_UNAVAILABLE
NHPC,2024-03,6938.0,9632.0,4028.0,72.03073089700996,1.7224428997020853,NORMAL,,,,CAPEX_SOURCE_UNAVAILABLE
NTPC,2013-03,16508.0,71518.0,12586.0,23.082300959199085,1.3116160813602415,NORMAL,,,,CAPEX_SOURCE_UNAVAILABLE
NTPC,2014-03,16531.0,78330.0,11403.0,21.104302310736628,1.4497062176620188,NORMAL,,,,CAPEX_SOURCE_UNAVAILABLE
NTPC,2015-03,14889.0,79957.0,9992.0,18.621258926673086,1.4900920736589272,NORMAL,,,,CAPEX_SOURCE_UNAVAILABLE
NTPC,2016-03,24125.0,73396.0,10781.0,32.86963867240721,2.237733048882293,NORMAL,,,,CAPEX_SOURCE_UNAVAILABLE
NTPC,2017-03,20167.0,82042.0,10714.0,24.581312010921234,1.8823035280940825,NORMAL,,,,CAPEX_SOURCE_UNAVAILABLE
NTPC,2018-03,19670.0,88083.0,10502.0,22.331210335706096,1.8729765758903065,NORMAL,,,,CAPEX_SOURCE_UNAVAILABLE
NTPC,2019-03,18686.0,100287.0,14034.0,18.632524654242324,1.331480689753456,NORMAL,,,,CAPEX_SOURCE_UNAVAILABLE
NTPC,2020-03,23890.0,109464.0,11902.0,21.824526785061753,2.007225676356915,NORMAL,,,,CAPEX_SOURCE_UNAVAILABLE
NTPC,2021-03,32444.0,111531.0,14969.0,29.089670136553963,2.1674126528158193,NORMAL,,,,CAPEX_SOURCE_UNAVAILABLE
NTPC,2022-03,41788.0,132669.0,16960.0,31.497938478468974,2.463915094339623,NORMAL,,,,CAPEX_SOURCE_UNAVAILABLE
NTPC,2023-03,47152.0,176207.0,17121.0,26.759436344753613,2.7540447403773145,NORMAL,,,,CAPEX_SOURCE_UNAVAILABLE
NTPC,2024-03,40785.0,178501.0,21332.0,22.84861149237259,1.9119163697731107,NORMAL,,,,CAPEX_SOURCE_UNAVAILABLE
ONGC,2013-03,39874.0,161984.0,23994.0,24.61601145792177,1.6618321246978411,NORMAL,,,,CAPEX_SOURCE_UNAVAILABLE
ONGC,2014-03,53270.0,174121.0,26665.0,30.593667621941062,1.9977498593662104,NORMAL,,,,CAPEX_SOURCE_UNAVAILABLE
ONGC,2015-03,33950.0,160923.0,17703.0,21.09704641350211,1.9177540529853696,NORMAL,,,,CAPEX_SOURCE_UNAVAILABLE
ONGC,2016-03,46292.0,124036.0,13102.0,37.32142281273178,3.533201038009464,NORMAL,,,,CAPEX_SOURCE_UNAVAILABLE
ONGC,2017-03,45780.0,282506.0,29169.0,16.20496555825363,1.5694744420446365,NORMAL,,,,CAPEX_SOURCE_UNAVAILABLE
ONGC,2018-03,56792.0,322706.0,26068.0,17.598681152504135,2.178609789780574,NORMAL,,,,CAPEX_SOURCE_UNAVAILABLE
ONGC,2019-03,61458.0,421624.0,33938.0,14.576494696696582,1.8108904472862277,NORMAL,,,,CAPEX_SOURCE_UNAVAILABLE
ONGC,2020-03,70593.0,396728.0,11456.0,17.793803311084673,6.162098463687151,NORMAL,,,,CAPEX_SOURCE_UNAVAILABLE
ONGC,2021-03,47185.0,303849.0,21360.0,15.529095043919842,2.2090355805243447,NORMAL,,,,CAPEX_SOURCE_UNAVAILABLE
ONGC,2022-03,78248.0,491246.0,49294.0,15.92847575349214,1.5873737168823792,NORMAL,,,,CAPEX_SOURCE_UNAVAILABLE
ONGC,2023-03,86062.0,632291.0,32778.0,13.61113790960175,2.625602538287876,NORMAL,,,,CAPEX_SOURCE_UNAVAILABLE
ONGC,2024-03,99263.0,591396.0,57101.0,16.784523398873176,1.7383758603176827,NORMAL,,,,CAPEX_SOURCE_UNAVAILABLE
PFC,2013-03,-25102.0,17314.0,4438.0,-144.98094027954255,-5.65615141955836,NORMAL,,,,CAPEX_SOURCE_UNAVAILABLE
PFC,2014-03,-22473.0,21407.0,5462.0,-104.97967954407437,-4.1144269498352255,NORMAL,,,,CAPEX_SOURCE_UNAVAILABLE
PFC,2015-03,-21455.0,24988.0,6004.0,-85.86121338242356,-3.5734510326449036,NORMAL,,,,CAPEX_SOURCE_UNAVAILABLE
PFC,2016-03,-13298.0,27861.0,6184.0,-47.72980151466207,-2.1503880983182406,NORMAL,,,,CAPEX_SOURCE_UNAVAILABLE
PFC,2017-03,1795.0,27581.0,2236.0,6.508103404517603,0.802772808586762,NORMAL,,,,CAPEX_SOURCE_UNAVAILABLE
PFC,2018-03,-57148.0,48624.0,8797.0,-117.53043764396183,-6.496305558713198,NORMAL,,,,CAPEX_SOURCE_UNAVAILABLE
PFC,2019-03,-80252.0,54106.0,12640.0,-148.32366096181568,-6.349050632911393,NORMAL,,,,CAPEX_SOURCE_UNAVAILABLE
PFC,2020-03,-42148.0,62189.0,9477.0,-67.7740436411584,-4.447398965917484,NORMAL,,,,CAPEX_SOURCE_UNAVAILABLE
PFC,2021-03,-59143.0,71656.0,15716.0,-82.5374009154851,-3.763234919826928,NORMAL,,,,CAPEX_SOURCE_UNAVAILABLE
PFC,2022-03,4904.0,76262.0,18768.0,6.430463402480921,0.2612958226768968,NORMAL,,,,CAPEX_SOURCE_UNAVAILABLE
PFC,2023-03,-74717.0,77684.0,21179.0,-96.18068070645178,-3.527881391944851,NORMAL,,,,CAPEX_SOURCE_UNAVAILABLE
PFC,2024-03,-97820.0,91508.0,26461.0,-106.89775757310835,-3.6967612713049394,NORMAL,,,,CAPEX_SOURCE_UNAVAILABLE
PIDILITIND,2013-03,472.0,3678.0,424.0,12.833061446438283,1.1132075471698113,NORMAL,,,,CAPEX_SOURCE_UNAVAILABLE
PIDILITIND,2014-03,394.0,4283.0,450.0,9.199159467662852,0.8755555555555555,NORMAL,,,,CAPEX_SOURCE_UNAVAILABLE
PIDILITIND,2015-03,552.0,4844.0,514.0,11.395540875309662,1.0739299610894941,NORMAL,,,,CAPEX_SOURCE_UNAVAILABLE
PIDILITIND,2016-03,907.0,5361.0,807.0,16.918485357209477,1.123915737298637,NORMAL,,,,CAPEX_SOURCE_UNAVAILABLE
PIDILITIND,2017-03,794.0,5617.0,863.0,14.13565960477123,0.9200463499420626,NORMAL,,,,CAPEX_SOURCE_UNAVAILABLE
PIDILITIND,2018-03,796.0,6078.0,966.0,13.096413293846659,0.8240165631469979,NORMAL,,,,CAPEX_SOURCE_UNAVAILABLE
PIDILITIND,2019-03,845.0,7078.0,928.0,11.938400678157672,0.9105603448275862,NORMAL,,,,CAPEX_SOURCE_UNAVAILABLE
PIDILITIND,2020-03,1280.0,7294.0,1122.0,17.548670139840965,1.1408199643493762,NORMAL,,,,CAPEX_SOURCE_UNAVAILABLE
PIDILITIND,2021-03,1392.0,7293.0,1126.0,19.08679555738379,1.236234458259325,NORMAL,,,,CAPEX_SOURCE_UNAVAILABLE
PIDILITIND,2022-03,955.0,9921.0,1207.0,9.626045761515977,0.7912178956089478,NORMAL,,,,CAPEX_SOURCE_UNAVAILABLE
PIDILITIND,2023-03,1558.0,11799.0,1289.0,13.20450885668277,1.208688906128782,NORMAL,,,,CAPEX_SOURCE_UNAVAILABLE
PIDILITIND,2024-03,2724.0,12383.0,1747.0,21.997900347250262,1.559244419004007,NORMAL,,,,CAPEX_SOURCE_UNAVAILABLE
PNB,2013-03,-692.0,43071.0,5020.0,-1.6066494857328597,-0.13784860557768924,NORMAL,,,,CAPEX_SOURCE_UNAVAILABLE
PNB,2014-03,16906.0,44958.0,3674.0,37.603985942435166,4.601524224278715,NORMAL,,,,CAPEX_SOURCE_UNAVAILABLE
PNB,2015-03,4814.0,48710.0,3525.0,9.88298090741121,1.3656737588652483,NORMAL,,,,CAPEX_SOURCE_UNAVAILABLE
PNB,2016-03,14167.0,50804.0,-3510.0,27.885599559089837,-4.036182336182336,NEGATIVE_PAT,,,,CAPEX_SOURCE_UNAVAILABLE
PNB,2017-03,21938.0,48058.0,1239.0,45.64900744933206,17.706214689265536,NORMAL,,,,CAPEX_SOURCE_UNAVAILABLE
PNB,2018-03,-1742.0,48725.0,-12111.0,-3.5751667521806056,0.14383618198332096,NEGATIVE_PAT,,,,CAPEX_SOURCE_UNAVAILABLE
PNB,2019-03,-33532.0,52147.0,-9550.0,-64.30283621301321,3.5112041884816754,NEGATIVE_PAT,,,,CAPEX_SOURCE_UNAVAILABLE
PNB,2020-03,-12793.0,54918.0,485.0,-23.294730325212136,-26.377319587628865,NORMAL,,,,CAPEX_SOURCE_UNAVAILABLE
PNB,2021-03,30950.0,81935.0,2695.0,37.7738451211326,11.484230055658626,NORMAL,,,,CAPEX_SOURCE_UNAVAILABLE
PNB,2022-03,20032.0,76242.0,3908.0,26.274232050575797,5.12589559877175,NORMAL,,,,CAPEX_SOURCE_UNAVAILABLE
PNB,2023-03,22592.0,86845.0,3359.0,26.014163164258157,6.725811253349211,NORMAL,,,,CAPEX_SOURCE_UNAVAILABLE
PNB,2024-03,-27939.0,109065.0,9157.0,-25.616833998074544,-3.0511084416293546,NORMAL,,,,CAPEX_SOURCE_UNAVAILABLE
POWERGRID,2013-03,11690.0,13081.0,4313.0,89.36625640241573,2.7104103872014838,NORMAL,,,,CAPEX_SOURCE_UNAVAILABLE
POWERGRID,2014-03,15223.0,15555.0,4548.0,97.86563805850209,3.3471855760773965,NORMAL,,,,CAPEX_SOURCE_UNAVAILABLE
POWERGRID,2015-03,15800.0,17540.0,5046.0,90.07981755986317,3.1311930241775663,NORMAL,,,,CAPEX_SOURCE_UNAVAILABLE
POWERGRID,2016-03,15008.0,20652.0,5959.0,72.6709277551811,2.518543379761705,NORMAL,,,,CAPEX_SOURCE_UNAVAILABLE
POWERGRID,2017-03,21575.0,25697.0,7451.0,83.9592170292252,2.895584485303986,NORMAL,,,,CAPEX_SOURCE_UNAVAILABLE
POWERGRID,2018-03,22710.0,29954.0,8204.0,75.81625158576483,2.7681618722574353,NORMAL,,,,CAPEX_SOURCE_UNAVAILABLE
POWERGRID,2019-03,23271.0,35059.0,10034.0,66.37667931201689,2.3192146701215868,NORMAL,,,,CAPEX_SOURCE_UNAVAILABLE
POWERGRID,2020-03,30739.0,37744.0,11059.0,81.44075879610004,2.7795460710733337,NORMAL,,,,CAPEX_SOURCE_UNAVAILABLE
POWERGRID,2021-03,29403.0,39640.0,12036.0,74.17507568113018,2.442921236291127,NORMAL,,,,CAPEX_SOURCE_UNAVAILABLE
POWERGRID,2022-03,26124.0,41622.0,16824.0,62.7648839556004,1.5527817403708988,NORMAL,,,,CAPEX_SOURCE_UNAVAILABLE
POWERGRID,2023-03,40203.0,45603.0,15420.0,88.1586737714624,2.6071984435797666,NORMAL,,,,CAPEX_SOURCE_UNAVAILABLE
POWERGRID,2024-03,37290.0,45843.0,15573.0,81.34284405470846,2.394528992486997,NORMAL,,,,CAPEX_SOURCE_UNAVAILABLE
RECLTD,2013-03,-20059.0,13634.0,3833.0,-147.12483497139505,-5.233237672841117,NORMAL,,,,CAPEX_SOURCE_UNAVAILABLE
RECLTD,2014-03,-17244.0,17223.0,4741.0,-100.12192997735588,-3.6372073402235814,NORMAL,,,,CAPEX_SOURCE_UNAVAILABLE
RECLTD,2015-03,-23898.0,20544.0,5344.0,-116.32593457943925,-4.4719311377245505,NORMAL,,,,CAPEX_SOURCE_UNAVAILABLE
RECLTD,2016-03,-13278.0,24125.0,5691.0,-55.03834196891192,-2.3331576172904587,NORMAL,,,,CAPEX_SOURCE_UNAVAILABLE
RECLTD,2017-03,6805.0,24338.0,6313.0,27.960391157860137,1.0779344210359576,NORMAL,,,,CAPEX_SOURCE_UNAVAILABLE
RECLTD,2018-03,-32510.0,22658.0,4451.0,-143.4813310971842,-7.303976634464165,NORMAL,,,,CAPEX_SOURCE_UNAVAILABLE
RECLTD,2019-03,-35866.0,25408.0,5741.0,-141.1602644836272,-6.247343668350462,NORMAL,,,,CAPEX_SOURCE_UNAVAILABLE
RECLTD,2020-03,-32712.0,29942.0,4972.0,-109.25121902344532,-6.579243765084473,NORMAL,,,,CAPEX_SOURCE_UNAVAILABLE
RECLTD,2021-03,-43512.0,35557.0,8378.0,-122.37252861602497,-5.1936022917164,NORMAL,,,,CAPEX_SOURCE_UNAVAILABLE
RECLTD,2022-03,-819.0,39276.0,10036.0,-2.085242896425298,-0.08160621761658031,NORMAL,,,,CAPEX_SOURCE_UNAVAILABLE
RECLTD,2023-03,-37360.0,39486.0,11167.0,-94.61581319961505,-3.3455717739768964,NORMAL,,,,CAPEX_SOURCE_UNAVAILABLE
RECLTD,2024-03,-57723.0,47517.0,14145.0,-121.4786287013069,-4.0808059384941675,NORMAL,,,,CAPEX_SOURCE_UNAVAILABLE
RELIANCE,2013-03,36918.0,395957.0,20886.0,9.32373969900772,1.7675955185291583,NORMAL,,,,CAPEX_SOURCE_UNAVAILABLE
RELIANCE,2014-03,43261.0,433521.0,22548.0,9.978986023745101,1.9186180592513749,NORMAL,,,,CAPEX_SOURCE_UNAVAILABLE
RELIANCE,2015-03,34374.0,374372.0,23640.0,9.181776414902824,1.4540609137055838,NORMAL,,,,CAPEX_SOURCE_UNAVAILABLE
RELIANCE,2016-03,38134.0,272583.0,29861.0,13.98986730647179,1.2770503332105423,NORMAL,,,,CAPEX_SOURCE_UNAVAILABLE
RELIANCE,2017-03,49550.0,303954.0,29833.0,16.301808826335566,1.6609124124291892,NORMAL,,,,CAPEX_SOURCE_UNAVAILABLE
RELIANCE,2018-03,71459.0,390823.0,36080.0,18.28423608641252,1.980570953436807,NORMAL,,,,CAPEX_SOURCE_UNAVAILABLE
RELIANCE,2019-03,42346.0,568337.0,39837.0,7.450861020837989,1.0629816502246656,NORMAL,,,,CAPEX_SOURCE_UNAVAILABLE
RELIANCE,2020-03,94877.0,596679.0,39880.0,15.900844507683361,2.379062186559679,NORMAL,,,,CAPEX_SOURCE_UNAVAILABLE
RELIANCE,2021-03,26958.0,466307.0,53739.0,5.781169915956655,0.5016468486573996,NORMAL,,,,CAPEX_SOURCE_UNAVAILABLE
RELIANCE,2022-03,110654.0,694673.0,67845.0,15.928933469416545,1.6309823863217627,NORMAL,,,,CAPEX_SOURCE_UNAVAILABLE
RELIANCE,2023-03,115032.0,876396.0,74088.0,13.125573370941904,1.5526401036605118,NORMAL,,,,CAPEX_SOURCE_UNAVAILABLE
RELIANCE,2024-03,158788.0,899041.0,79020.0,17.661930879681794,2.00946595798532,NORMAL,,,,CAPEX_SOURCE_UNAVAILABLE
SBILIFE,2013-03,1130.0,14870.0,630.0,7.599193006052454,1.7936507936507937,NORMAL,,,,CAPEX_SOURCE_UNAVAILABLE
SBILIFE,2014-03,166.0,17258.0,728.0,0.9618727546645034,0.22802197802197802,NORMAL,,,,CAPEX_SOURCE_UNAVAILABLE
SBILIFE,2015-03,2711.0,23399.0,815.0,11.585965212188555,3.3263803680981594,NORMAL,,,,CAPEX_SOURCE_UNAVAILABLE
SBILIFE,2016-03,5778.0,19324.0,844.0,29.900641689091284,6.845971563981043,NORMAL,,,,CAPEX_SOURCE_UNAVAILABLE
SBILIFE,2017-03,8525.0,30548.0,955.0,27.906900615424906,8.926701570680628,NORMAL,,,,CAPEX_SOURCE_UNAVAILABLE
SBILIFE,2018-03,10395.0,34068.0,1150.0,30.51250440295879,9.039130434782608,NORMAL,,,,CAPEX_SOURCE_UNAVAILABLE
SBILIFE,2019-03,13473.0,44604.0,1327.0,30.205811138014525,10.152976639035419,NORMAL,,,,CAPEX_SOURCE_UNAVAILABLE
SBILIFE,2020-03,19299.0,43798.0,1422.0,44.063655874697474,13.571729957805907,NORMAL,,,,CAPEX_SOURCE_UNAVAILABLE
SBILIFE,2021-03,23878.0,81913.0,1456.0,29.150440101082857,16.399725274725274,NORMAL,,,,CAPEX_SOURCE_UNAVAILABLE
SBILIFE,2022-03,21852.0,82983.0,1506.0,26.333104370774734,14.50996015936255,NORMAL,,,,CAPEX_SOURCE_UNAVAILABLE
SBILIFE,2023-03,28656.0,80636.0,1721.0,35.537477057393716,16.650784427658337,NORMAL,,,,CAPEX_SOURCE_UNAVAILABLE
SBILIFE,2024-03,29122.0,131988.0,1894.0,22.064127041852288,15.375923970432947,NORMAL,,,,CAPEX_SOURCE_UNAVAILABLE
SBIN,2013-03,24332.0,167976.0,18555.0,14.485402676572845,1.3113446510374562,NORMAL,,,,CAPEX_SOURCE_UNAVAILABLE
SBIN,2014-03,19142.0,189062.0,14807.0,10.124720990997663,1.2927669345579793,NORMAL,,,,CAPEX_SOURCE_UNAVAILABLE
SBIN,2015-03,26297.0,207974.0,17832.0,12.64436900766442,1.4747083894122925,NORMAL,,,,CAPEX_SOURCE_UNAVAILABLE
SBIN,2016-03,14477.0,220633.0,13019.0,6.5615751043588215,1.1119901682156847,NORMAL,,,,CAPEX_SOURCE_UNAVAILABLE
SBIN,2017-03,77406.0,230447.0,-97.0,33.589502141490236,-798.0,NEGATIVE_PAT,,,,CAPEX_SOURCE_UNAVAILABLE
SBIN,2018-03,-96508.0,228970.0,-3749.0,-42.148753111761366,25.742331288343557,NEGATIVE_PAT,,,,CAPEX_SOURCE_UNAVAILABLE
SBIN,2019-03,29556.0,253322.0,3351.0,11.667364066287176,8.820053715308863,NORMAL,,,,CAPEX_SOURCE_UNAVAILABLE
SBIN,2020-03,23929.0,269852.0,21140.0,8.867453270681706,1.1319299905392621,NORMAL,,,,CAPEX_SOURCE_UNAVAILABLE
SBIN,2021-03,89919.0,278115.0,23888.0,32.33158945040721,3.764191225720027,NORMAL,,,,CAPEX_SOURCE_UNAVAILABLE
SBIN,2022-03,57695.0,289973.0,37183.0,19.896680035727464,1.5516499475566792,NORMAL,,,,CAPEX_SOURCE_UNAVAILABLE
SBIN,2023-03,-86014.0,350845.0,57750.0,-24.516239364961738,-1.4894199134199133,NORMAL,,,,CAPEX_SOURCE_UNAVAILABLE
SBIN,2024-03,21632.0,439189.0,69543.0,4.9254421217289135,0.31105934457817463,NORMAL,,,,CAPEX_SOURCE_UNAVAILABLE
SHREECEM,2013-06,1260.0,5418.0,1004.0,23.25581395348837,1.254980079681275,NORMAL,,,,CAPEX_SOURCE_UNAVAILABLE
SHREECEM,2014-06,1401.0,5715.0,787.0,24.514435695538058,1.7801778907242694,NORMAL,,,,CAPEX_SOURCE_UNAVAILABLE
SHREECEM,2015-06,1239.0,6259.0,426.0,19.795494487937372,2.908450704225352,NORMAL,,,,CAPEX_SOURCE_UNAVAILABLE
SHREECEM,2016-03,1566.0,,,,,MISSING,,,,CAPEX_SOURCE_UNAVAILABLE
SHREECEM,2017-03,2202.0,8594.0,1339.0,25.622527344659062,1.6445108289768484,NORMAL,,,,CAPEX_SOURCE_UNAVAILABLE
SHREECEM,2018-03,1879.0,9833.0,1384.0,19.109122343130274,1.3576589595375723,NORMAL,,,,CAPEX_SOURCE_UNAVAILABLE
SHREECEM,2019-03,2080.0,12555.0,1015.0,16.56710473914775,2.0492610837438425,NORMAL,,,,CAPEX_SOURCE_UNAVAILABLE
SHREECEM,2020-03,3973.0,12868.0,1544.0,30.87503885607709,2.573186528497409,NORMAL,,,,CAPEX_SOURCE_UNAVAILABLE
SHREECEM,2021-03,4254.0,13560.0,2337.0,31.371681415929203,1.8202824133504494,NORMAL,,,,CAPEX_SOURCE_UNAVAILABLE
SHREECEM,2022-03,2668.0,15010.0,1269.0,17.774816788807463,2.102442868400315,NORMAL,,,,CAPEX_SOURCE_UNAVAILABLE
SHREECEM,2023-03,2569.0,17852.0,2369.0,14.390544476809323,1.084423807513719,NORMAL,,,,CAPEX_SOURCE_UNAVAILABLE
SHREECEM,2024-03,3347.0,20521.0,1733.0,16.310121339116026,1.93133294864397,NORMAL,,,,CAPEX_SOURCE_UNAVAILABLE
SHRIRAMFIN,2013-03,-8359.0,7009.0,1463.0,-119.26095020687688,-5.713602187286398,NORMAL,,,,CAPEX_SOURCE_UNAVAILABLE
SHRIRAMFIN,2014-03,-4055.0,8476.0,1358.0,-47.84096271826333,-2.9860088365243005,NORMAL,,,,CAPEX_SOURCE_UNAVAILABLE
SHRIRAMFIN,2015-03,-9611.0,9177.0,1028.0,-104.72921434019833,-9.349221789883268,NORMAL,,,,CAPEX_SOURCE_UNAVAILABLE
SHRIRAMFIN,2016-03,-5507.0,10359.0,1184.0,-53.161502075489906,-4.6511824324324325,NORMAL,,,,CAPEX_SOURCE_UNAVAILABLE
SHRIRAMFIN,2017-03,-2677.0,10903.0,1266.0,-24.55287535540677,-2.1145339652448656,NORMAL,,,,CAPEX_SOURCE_UNAVAILABLE
SHRIRAMFIN,2018-03,-13142.0,13502.0,2549.0,-97.33372833654273,-5.155747351902707,NORMAL,,,,CAPEX_SOURCE_UNAVAILABLE
SHRIRAMFIN,2019-03,-5535.0,15536.0,2576.0,-35.62693099897014,-2.1486801242236027,NORMAL,,,,CAPEX_SOURCE_UNAVAILABLE
SHRIRAMFIN,2020-03,-2464.0,16561.0,2512.0,-14.878328603345208,-0.9808917197452229,NORMAL,,,,CAPEX_SOURCE_UNAVAILABLE
SHRIRAMFIN,2021-03,-4239.0,17422.0,2499.0,-24.331305246240387,-1.6962785114045618,NORMAL,,,,CAPEX_SOURCE_UNAVAILABLE
SHRIRAMFIN,2022-03,-8859.0,19255.0,2721.0,-46.00882887561673,-3.2557883131201764,NORMAL,,,,CAPEX_SOURCE_UNAVAILABLE
SHRIRAMFIN,2023-03,-17625.0,30492.0,6020.0,-57.80204643841007,-2.9277408637873754,NORMAL,,,,CAPEX_SOURCE_UNAVAILABLE
SHRIRAMFIN,2024-03,-31101.0,36388.0,7399.0,-85.47048477520062,-4.203405865657522,NORMAL,,,,CAPEX_SOURCE_UNAVAILABLE
SIEMENS,2011-09,3.0,11955.0,868.0,0.02509410288582183,0.0034562211981566822,NORMAL,,,,CAPEX_SOURCE_UNAVAILABLE
SIEMENS,2014-09,608.0,10678.0,603.0,5.6939501779359425,1.0082918739635158,NORMAL,,,,CAPEX_SOURCE_UNAVAILABLE
SIEMENS,2015-09,574.0,10563.0,1174.0,5.4340622929092115,0.4889267461669506,NORMAL,,,,CAPEX_SOURCE_UNAVAILABLE
SIEMENS,2016-09,513.0,10837.0,2914.0,4.733782412106671,0.17604667124227866,NORMAL,,,,CAPEX_SOURCE_UNAVAILABLE
SIEMENS,2017-09,573.0,11065.0,1137.0,5.17849073655671,0.503957783641161,NORMAL,,,,CAPEX_SOURCE_UNAVAILABLE
SIEMENS,2018-09,100.0,12795.0,901.0,0.7815552950371238,0.11098779134295228,NORMAL,,,,CAPEX_SOURCE_UNAVAILABLE
SIEMENS,2019-09,1273.0,13084.0,1099.0,9.729440538061755,1.1583257506824385,NORMAL,,,,CAPEX_SOURCE_UNAVAILABLE
SIEMENS,2020-09,720.0,9946.0,769.0,7.239091091896239,0.9362808842652796,NORMAL,,,,CAPEX_SOURCE_UNAVAILABLE
SIEMENS,2021-09,1422.0,13198.0,1089.0,10.774359751477498,1.3057851239669422,NORMAL,,,,CAPEX_SOURCE_UNAVAILABLE
SIEMENS,2022-09,978.0,16138.0,1543.0,6.06023051183542,0.6338302009073234,NORMAL,,,,CAPEX_SOURCE_UNAVAILABLE
SIEMENS,2023-09,1400.0,19554.0,1962.0,7.159660427534008,0.7135575942915392,NORMAL,,,,CAPEX_SOURCE_UNAVAILABLE
SIEMENS,2024-09,1670.0,22240.0,2718.0,7.508992805755396,0.6144223693892568,NORMAL,,,,CAPEX_SOURCE_UNAVAILABLE
SUNPHARMA,2013-03,3357.0,11131.0,3469.0,30.159015362501123,0.9677140386278467,NORMAL,,,,CAPEX_SOURCE_UNAVAILABLE
SUNPHARMA,2014-03,3959.0,16080.0,3879.0,24.620646766169155,1.0206238721319927,NORMAL,,,,CAPEX_SOURCE_UNAVAILABLE
SUNPHARMA,2015-03,5616.0,27392.0,5476.0,20.50233644859813,1.0255661066471877,NORMAL,,,,CAPEX_SOURCE_UNAVAILABLE
SUNPHARMA,2016-03,6686.0,28487.0,5658.0,23.470354898725734,1.1816896429833863,NORMAL,,,,CAPEX_SOURCE_UNAVAILABLE
SUNPHARMA,2017-03,7082.0,31578.0,7846.0,22.427006143517637,0.9026255416772878,NORMAL,,,,CAPEX_SOURCE_UNAVAILABLE
SUNPHARMA,2018-03,3907.0,26489.0,2542.0,14.749518668126393,1.536978756884343,NORMAL,,,,CAPEX_SOURCE_UNAVAILABLE
SUNPHARMA,2019-03,2196.0,29066.0,3208.0,7.555219156402669,0.6845386533665836,NORMAL,,,,CAPEX_SOURCE_UNAVAILABLE
SUNPHARMA,2020-03,6555.0,32838.0,4172.0,19.961629819112005,1.571188878235858,NORMAL,,,,CAPEX_SOURCE_UNAVAILABLE
SUNPHARMA,2021-03,6170.0,33498.0,2272.0,18.419010090154636,2.715669014084507,NORMAL,,,,CAPEX_SOURCE_UNAVAILABLE
SUNPHARMA,2022-03,8985.0,38654.0,3389.0,23.244683603249342,2.6512245500147538,NORMAL,,,,CAPEX_SOURCE_UNAVAILABLE
SUNPHARMA,2023-03,4959.0,43886.0,8513.0,11.299731121542179,0.5825208504639963,NORMAL,,,,CAPEX_SOURCE_UNAVAILABLE
SUNPHARMA,2024-03,12135.0,48497.0,9610.0,25.022166319566157,1.2627471383975026,NORMAL,,,,CAPEX_SOURCE_UNAVAILABLE
TATACONSUM,2013-03,173.0,7351.0,445.0,2.353421303224051,0.3887640449438202,NORMAL,,,,CAPEX_SOURCE_UNAVAILABLE
TATACONSUM,2014-03,422.0,7738.0,510.0,5.453605582837943,0.8274509803921568,NORMAL,,,,CAPEX_SOURCE_UNAVAILABLE
TATACONSUM,2015-03,418.0,7993.0,273.0,5.229575878894032,1.531135531135531,NORMAL,,,,CAPEX_SOURCE_UNAVAILABLE
TATACONSUM,2016-03,116.0,6637.0,-37.0,1.747777610366129,-3.135135135135135,NEGATIVE_PAT,,,,CAPEX_SOURCE_UNAVAILABLE
TATACONSUM,2017-03,741.0,6780.0,455.0,10.929203539823009,1.6285714285714286,NORMAL,,,,CAPEX_SOURCE_UNAVAILABLE
TATACONSUM,2018-03,356.0,6815.0,556.0,5.223771093176816,0.6402877697841727,NORMAL,,,,CAPEX_SOURCE_UNAVAILABLE
TATACONSUM,2019-03,210.0,7252.0,457.0,2.8957528957528957,0.45951859956236324,NORMAL,,,,CAPEX_SOURCE_UNAVAILABLE
TATACONSUM,2020-03,1082.0,9637.0,460.0,11.227560444121615,2.3521739130434782,NORMAL,,,,CAPEX_SOURCE_UNAVAILABLE
TATACONSUM,2021-03,1656.0,11602.0,930.0,14.273401137734872,1.7806451612903227,NORMAL,,,,CAPEX_SOURCE_UNAVAILABLE
TATACONSUM,2022-03,1516.0,12425.0,1015.0,12.201207243460765,1.4935960591133004,NORMAL,,,,CAPEX_SOURCE_UNAVAILABLE
TATACONSUM,2023-03,1461.0,13783.0,1320.0,10.600014510629036,1.106818181818182,NORMAL,,,,CAPEX_SOURCE_UNAVAILABLE
TATACONSUM,2024-03,1937.0,15206.0,1215.0,12.73839273970801,1.594238683127572,NORMAL,,,,CAPEX_SOURCE_UNAVAILABLE
TATAMOTORS,2013-03,22163.0,188793.0,9976.0,11.739312368572987,2.2216319165998395,NORMAL,,,,CAPEX_SOURCE_UNAVAILABLE
TATAMOTORS,2014-03,36151.0,232834.0,14050.0,15.526512450930706,2.5730249110320287,NORMAL,,,,CAPEX_SOURCE_UNAVAILABLE
TATAMOTORS,2015-03,35531.0,263159.0,14073.0,13.501723292762172,2.524763731969019,NORMAL,,,,CAPEX_SOURCE_UNAVAILABLE
TATAMOTORS,2016-03,37900.0,273046.0,11678.0,13.880445053214476,3.2454187360849462,NORMAL,,,,CAPEX_SOURCE_UNAVAILABLE
TATAMOTORS,2017-03,30199.0,269693.0,7557.0,11.197546840296187,3.9961624983459045,NORMAL,,,,CAPEX_SOURCE_UNAVAILABLE
TATAMOTORS,2018-03,23857.0,291550.0,9091.0,8.182815983536273,2.6242437575624242,NORMAL,,,,CAPEX_SOURCE_UNAVAILABLE
TATAMOTORS,2019-03,18891.0,301938.0,-28724.0,6.256582477197306,-0.6576730260409414,NEGATIVE_PAT,,,,CAPEX_SOURCE_UNAVAILABLE
TATAMOTORS,2020-03,26633.0,261068.0,-11975.0,10.201556682550141,-2.2240501043841334,NEGATIVE_PAT,,,,CAPEX_SOURCE_UNAVAILABLE
TATAMOTORS,2021-03,29001.0,249795.0,-13395.0,11.609920134510299,-2.1650615901455765,NEGATIVE_PAT,,,,CAPEX_SOURCE_UNAVAILABLE
TATAMOTORS,2022-03,14283.0,278454.0,-11309.0,5.129393005667005,-1.262976390485454,NEGATIVE_PAT,,,,CAPEX_SOURCE_UNAVAILABLE
TATAMOTORS,2023-03,35388.0,345967.0,2690.0,10.228721236418501,13.155390334572491,NORMAL,,,,CAPEX_SOURCE_UNAVAILABLE
TATAMOTORS,2024-03,67915.0,437928.0,31807.0,15.508257065088324,2.135221806520577,NORMAL,,,,CAPEX_SOURCE_UNAVAILABLE
TATAPOWER,2013-03,3286.0,33177.0,123.0,9.904451879313983,26.715447154471544,NORMAL,,,,CAPEX_SOURCE_UNAVAILABLE
TATAPOWER,2014-03,6483.0,35726.0,12.0,18.14644796506746,540.25,NORMAL,,,,CAPEX_SOURCE_UNAVAILABLE
TATAPOWER,2015-03,5981.0,33593.0,457.0,17.80430446819278,13.087527352297593,NORMAL,,,,CAPEX_SOURCE_UNAVAILABLE
TATAPOWER,2016-03,7415.0,29494.0,786.0,25.140706584390042,9.43384223918575,NORMAL,,,,CAPEX_SOURCE_UNAVAILABLE
TATAPOWER,2017-03,7014.0,27588.0,1100.0,25.42409743366681,6.376363636363636,NORMAL,,,,CAPEX_SOURCE_UNAVAILABLE
TATAPOWER,2018-03,6364.0,26840.0,2611.0,23.710879284649778,2.4373803140559174,NORMAL,,,,CAPEX_SOURCE_UNAVAILABLE
TATAPOWER,2019-03,4574.0,29881.0,2606.0,15.307385964325157,1.7551803530314658,NORMAL,,,,CAPEX_SOURCE_UNAVAILABLE
TATAPOWER,2020-03,7375.0,29136.0,1316.0,25.31232839099396,5.604103343465046,NORMAL,,,,CAPEX_SOURCE_UNAVAILABLE
TATAPOWER,2021-03,8345.0,32703.0,1439.0,25.51753661743571,5.799166087560806,NORMAL,,,,CAPEX_SOURCE_UNAVAILABLE
TATAPOWER,2022-03,6693.0,42816.0,2156.0,15.632006726457398,3.104359925788497,NORMAL,,,,CAPEX_SOURCE_UNAVAILABLE
TATAPOWER,2023-03,7166.0,55109.0,3810.0,13.003320691720047,1.8808398950131233,NORMAL,,,,CAPEX_SOURCE_UNAVAILABLE
TATAPOWER,2024-03,12596.0,61449.0,4280.0,20.498299402756757,2.9429906542056075,NORMAL,,,,CAPEX_SOURCE_UNAVAILABLE
TATASTEEL,2013-03,14035.0,134712.0,-7272.0,10.418522477581805,-1.930005500550055,NEGATIVE_PAT,,,,CAPEX_SOURCE_UNAVAILABLE
TATASTEEL,2014-03,13146.0,148614.0,3665.0,8.845734587589325,3.5869031377899043,NORMAL,,,,CAPEX_SOURCE_UNAVAILABLE
TATASTEEL,2015-03,11880.0,139504.0,-3939.0,8.515884849179951,-3.015993907083016,NEGATIVE_PAT,,,,CAPEX_SOURCE_UNAVAILABLE
TATASTEEL,2016-03,11455.0,101965.0,-497.0,11.234247045554847,-23.048289738430583,NEGATIVE_PAT,,,,CAPEX_SOURCE_UNAVAILABLE
TATASTEEL,2017-03,10824.0,112299.0,-4169.0,9.63855421686747,-2.5963060686015833,NEGATIVE_PAT,,,,CAPEX_SOURCE_UNAVAILABLE
TATASTEEL,2018-03,8023.0,123249.0,17743.0,6.509586284675738,0.4521783238460238,NORMAL,,,,CAPEX_SOURCE_UNAVAILABLE
TATASTEEL,2019-03,25336.0,157669.0,9122.0,16.069106799687955,2.777461083095812,NORMAL,,,,CAPEX_SOURCE_UNAVAILABLE
TATASTEEL,2020-03,20169.0,139817.0,1174.0,14.425284478997547,17.179727427597957,NORMAL,,,,CAPEX_SOURCE_UNAVAILABLE
TATASTEEL,2021-03,44327.0,156294.0,8190.0,28.361293459761733,5.412332112332113,NORMAL,,,,CAPEX_SOURCE_UNAVAILABLE
TATASTEEL,2022-03,44381.0,243959.0,41749.0,18.19199127722281,1.063043426189849,NORMAL,,,,CAPEX_SOURCE_UNAVAILABLE
TATASTEEL,2023-03,21683.0,243353.0,8075.0,8.910101786293986,2.6852012383900927,NORMAL,,,,CAPEX_SOURCE_UNAVAILABLE
TATASTEEL,2024-03,20301.0,229171.0,-4910.0,8.858450676569026,-4.134623217922607,NEGATIVE_PAT,,,,CAPEX_SOURCE_UNAVAILABLE
TCS,2013-03,11615.0,62989.0,14076.0,18.439727571480734,0.8251633986928104,NORMAL,,,,CAPEX_SOURCE_UNAVAILABLE
TCS,2014-03,14751.0,81809.0,19332.0,18.031023481524038,0.7630353817504656,NORMAL,,,,CAPEX_SOURCE_UNAVAILABLE
TCS,2015-03,19369.0,94648.0,20060.0,20.46424647113515,0.9655533399800598,NORMAL,,,,CAPEX_SOURCE_UNAVAILABLE
TCS,2016-03,19109.0,108646.0,24338.0,17.58831434199142,0.785150792998603,NORMAL,,,,CAPEX_SOURCE_UNAVAILABLE
TCS,2017-03,25223.0,117966.0,26357.0,21.381584524354473,0.9569753765603065,NORMAL,,,,CAPEX_SOURCE_UNAVAILABLE
TCS,2018-03,25067.0,123104.0,25880.0,20.36245775929296,0.9685857805255024,NORMAL,,,,CAPEX_SOURCE_UNAVAILABLE
TCS,2019-03,28593.0,146463.0,31562.0,19.522336699371174,0.9059311830682466,NORMAL,,,,CAPEX_SOURCE_UNAVAILABLE
TCS,2020-03,32369.0,156949.0,32447.0,20.62389693467305,0.9975960797608407,NORMAL,,,,CAPEX_SOURCE_UNAVAILABLE
TCS,2021-03,38802.0,164177.0,32562.0,23.634248402638615,1.191634420490142,NORMAL,,,,CAPEX_SOURCE_UNAVAILABLE
TCS,2022-03,39949.0,191754.0,38449.0,20.833463708710116,1.0390127181461157,NORMAL,,,,CAPEX_SOURCE_UNAVAILABLE
TCS,2023-03,41965.0,225458.0,42303.0,18.61322286190776,0.9920100229298159,NORMAL,,,,CAPEX_SOURCE_UNAVAILABLE
TCS,2024-03,44338.0,240893.0,46099.0,18.405682190848218,0.9617996051975097,NORMAL,,,,CAPEX_SOURCE_UNAVAILABLE
TECHM,2013-03,855.0,6873.0,1307.0,12.43998254037538,0.6541698546289212,NORMAL,,,,CAPEX_SOURCE_UNAVAILABLE
TECHM,2014-03,1596.0,18802.0,3062.0,8.488458674609085,0.5212279555845852,NORMAL,,,,CAPEX_SOURCE_UNAVAILABLE
TECHM,2015-03,2448.0,22621.0,2659.0,10.8218027496574,0.9206468597216999,NORMAL,,,,CAPEX_SOURCE_UNAVAILABLE
TECHM,2016-03,3137.0,26494.0,3027.0,11.840416698120329,1.0363396101750908,NORMAL,,,,CAPEX_SOURCE_UNAVAILABLE
TECHM,2017-03,4071.0,29141.0,2851.0,13.970007892659828,1.4279200280603297,NORMAL,,,,CAPEX_SOURCE_UNAVAILABLE
TECHM,2018-03,3554.0,30773.0,3786.0,11.549085237058462,0.9387216059165346,NORMAL,,,,CAPEX_SOURCE_UNAVAILABLE
TECHM,2019-03,4432.0,34742.0,4289.0,12.756893673363653,1.0333411051527162,NORMAL,,,,CAPEX_SOURCE_UNAVAILABLE
TECHM,2020-03,4358.0,36868.0,3897.0,11.820548985570142,1.1182961252245316,NORMAL,,,,CAPEX_SOURCE_UNAVAILABLE
TECHM,2021-03,8094.0,37855.0,4353.0,21.38158763703606,1.859407305306685,NORMAL,,,,CAPEX_SOURCE_UNAVAILABLE
TECHM,2022-03,5285.0,44646.0,5630.0,11.837566635308875,0.9387211367673179,NORMAL,,,,CAPEX_SOURCE_UNAVAILABLE
TECHM,2023-03,5572.0,53290.0,4857.0,10.455995496340776,1.1472102120650607,NORMAL,,,,CAPEX_SOURCE_UNAVAILABLE
TECHM,2024-03,6376.0,51996.0,2397.0,12.262481729363797,2.6599916562369628,NORMAL,,,,CAPEX_SOURCE_UNAVAILABLE
TITAN,2013-03,553.0,10123.0,725.0,5.462807468141855,0.7627586206896552,NORMAL,,,,CAPEX_SOURCE_UNAVAILABLE
TITAN,2014-03,-555.0,10927.0,735.0,-5.07916170952686,-0.7551020408163265,NORMAL,,,,CAPEX_SOURCE_UNAVAILABLE
TITAN,2015-03,503.0,11913.0,816.0,4.2222781834970196,0.616421568627451,NORMAL,,,,CAPEX_SOURCE_UNAVAILABLE
TITAN,2016-03,576.0,11276.0,675.0,5.108194395175595,0.8533333333333334,NORMAL,,,,CAPEX_SOURCE_UNAVAILABLE
TITAN,2017-03,1712.0,13261.0,697.0,12.910036950456224,2.456241032998565,NORMAL,,,,CAPEX_SOURCE_UNAVAILABLE
TITAN,2018-03,-51.0,16120.0,1102.0,-0.3163771712158809,-0.04627949183303085,NORMAL,,,,CAPEX_SOURCE_UNAVAILABLE
TITAN,2019-03,1243.0,19779.0,1389.0,6.284443096213154,0.8948884089272858,NORMAL,,,,CAPEX_SOURCE_UNAVAILABLE
TITAN,2020-03,-348.0,21052.0,1493.0,-1.6530495914877448,-0.23308774279973207,NORMAL,,,,CAPEX_SOURCE_UNAVAILABLE
TITAN,2021-03,4139.0,21644.0,974.0,19.123082609499168,4.249486652977413,NORMAL,,,,CAPEX_SOURCE_UNAVAILABLE
TITAN,2022-03,-724.0,28799.0,2198.0,-2.5139761797284628,-0.3293903548680619,NORMAL,,,,CAPEX_SOURCE_UNAVAILABLE
TITAN,2023-03,1370.0,40575.0,3274.0,3.3764633394947627,0.4184483811850947,NORMAL,,,,CAPEX_SOURCE_UNAVAILABLE
TITAN,2024-03,1695.0,51084.0,3496.0,3.3180643645759926,0.4848398169336384,NORMAL,,,,CAPEX_SOURCE_UNAVAILABLE
TORNTPHARM,2013-03,153.0,3203.0,435.0,4.77677177645957,0.35172413793103446,NORMAL,,,,CAPEX_SOURCE_UNAVAILABLE
TORNTPHARM,2014-03,599.0,4172.0,664.0,14.357622243528285,0.9021084337349398,NORMAL,,,,CAPEX_SOURCE_UNAVAILABLE
TORNTPHARM,2015-03,810.0,4636.0,751.0,17.471958584987057,1.0785619174434087,NORMAL,,,,CAPEX_SOURCE_UNAVAILABLE
TORNTPHARM,2016-03,2742.0,6687.0,1733.0,41.00493494840735,1.5822273514137335,NORMAL,,,,CAPEX_SOURCE_UNAVAILABLE
TORNTPHARM,2017-03,1009.0,5816.0,934.0,17.34869325997249,1.0802997858672376,NORMAL,,,,CAPEX_SOURCE_UNAVAILABLE
TORNTPHARM,2018-03,894.0,5950.0,678.0,15.025210084033613,1.3185840707964602,NORMAL,,,,CAPEX_SOURCE_UNAVAILABLE
TORNTPHARM,2019-03,1798.0,7673.0,436.0,23.432816369086407,4.123853211009174,NORMAL,,,,CAPEX_SOURCE_UNAVAILABLE
TORNTPHARM,2020-03,1393.0,7939.0,1025.0,17.546290464794055,1.3590243902439025,NORMAL,,,,CAPEX_SOURCE_UNAVAILABLE
TORNTPHARM,2021-03,2005.0,8005.0,1252.0,25.04684572142411,1.601437699680511,NORMAL,,,,CAPEX_SOURCE_UNAVAILABLE
TORNTPHARM,2022-03,1803.0,8508.0,777.0,21.191819464033852,2.3204633204633205,NORMAL,,,,CAPEX_SOURCE_UNAVAILABLE
TORNTPHARM,2023-03,2368.0,9620.0,1245.0,24.615384615384617,1.902008032128514,NORMAL,,,,CAPEX_SOURCE_UNAVAILABLE
TORNTPHARM,2024-03,3266.0,10728.0,1656.0,30.443698732289338,1.9722222222222223,NORMAL,,,,CAPEX_SOURCE_UNAVAILABLE
TRENT,2013-03,31.0,2132.0,-27.0,1.454033771106942,-1.1481481481481481,NEGATIVE_PAT,,,,CAPEX_SOURCE_UNAVAILABLE
TRENT,2014-03,-46.0,2333.0,-19.0,-1.9717102443206174,2.4210526315789473,NEGATIVE_PAT,,,,CAPEX_SOURCE_UNAVAILABLE
TRENT,2015-03,-10.0,2284.0,129.0,-0.43782837127845886,-0.07751937984496124,NORMAL,,,,CAPEX_SOURCE_UNAVAILABLE
TRENT,2016-03,109.0,1686.0,55.0,6.465005931198102,1.981818181818182,NORMAL,,,,CAPEX_SOURCE_UNAVAILABLE
TRENT,2017-03,102.0,1812.0,85.0,5.629139072847682,1.2,NORMAL,,,,CAPEX_SOURCE_UNAVAILABLE
TRENT,2018-03,77.0,2157.0,87.0,3.5697728326379226,0.8850574712643678,NORMAL,,,,CAPEX_SOURCE_UNAVAILABLE
TRENT,2019-03,21.0,2630.0,95.0,0.7984790874524715,0.22105263157894736,NORMAL,,,,CAPEX_SOURCE_UNAVAILABLE
TRENT,2020-03,361.0,3486.0,106.0,10.355708548479631,3.4056603773584904,NORMAL,,,,CAPEX_SOURCE_UNAVAILABLE
TRENT,2021-03,285.0,2593.0,-181.0,10.991129965291169,-1.574585635359116,NEGATIVE_PAT,,,,CAPEX_SOURCE_UNAVAILABLE
TRENT,2022-03,58.0,4498.0,35.0,1.2894619831036016,1.6571428571428573,NORMAL,,,,CAPEX_SOURCE_UNAVAILABLE
TRENT,2023-03,595.0,8242.0,394.0,7.219121572433876,1.5101522842639594,NORMAL,,,,CAPEX_SOURCE_UNAVAILABLE
TRENT,2024-03,1349.0,12375.0,1477.0,10.901010101010101,0.913337846987136,NORMAL,,,,CAPEX_SOURCE_UNAVAILABLE
TVSMOTOR,2013-03,464.0,7510.0,198.0,6.178428761651132,2.3434343434343434,NORMAL,,,,CAPEX_SOURCE_UNAVAILABLE
TVSMOTOR,2014-03,470.0,8384.0,187.0,5.605916030534351,2.513368983957219,NORMAL,,,,CAPEX_SOURCE_UNAVAILABLE
TVSMOTOR,2015-03,83.0,10256.0,328.0,0.8092823712948518,0.2530487804878049,NORMAL,,,,CAPEX_SOURCE_UNAVAILABLE
TVSMOTOR,2016-03,936.0,11377.0,429.0,8.227124901116287,2.1818181818181817,NORMAL,,,,CAPEX_SOURCE_UNAVAILABLE
TVSMOTOR,2017-03,689.0,12463.0,509.0,5.5283639573136485,1.3536345776031433,NORMAL,,,,CAPEX_SOURCE_UNAVAILABLE
TVSMOTOR,2018-03,354.0,16340.0,665.0,2.1664626682986534,0.5323308270676692,NORMAL,,,,CAPEX_SOURCE_UNAVAILABLE
TVSMOTOR,2019-03,-918.0,20160.0,725.0,-4.553571428571428,-1.2662068965517241,NORMAL,,,,CAPEX_SOURCE_UNAVAILABLE
TVSMOTOR,2020-03,373.0,18849.0,647.0,1.9788848214759402,0.5765069551777434,NORMAL,,,,CAPEX_SOURCE_UNAVAILABLE
TVSMOTOR,2021-03,1151.0,19421.0,608.0,5.9265743267596935,1.893092105263158,NORMAL,,,,CAPEX_SOURCE_UNAVAILABLE
TVSMOTOR,2022-03,-1575.0,24355.0,731.0,-6.466844590433175,-2.1545827633378933,NORMAL,,,,CAPEX_SOURCE_UNAVAILABLE
TVSMOTOR,2023-03,-4405.0,31974.0,1309.0,-13.776818665165447,-3.3651642475171886,NORMAL,,,,CAPEX_SOURCE_UNAVAILABLE
TVSMOTOR,2024-03,-1253.0,39145.0,1779.0,-3.2009196576829733,-0.7043282743114109,NORMAL,,,,CAPEX_SOURCE_UNAVAILABLE
