company_id,year,revenue_cagr_3yr,revenue_cagr_3yr_flag,revenue_cagr_5yr,revenue_cagr_5yr_flag,revenue_cagr_10yr,revenue_cagr_10yr_flag,pat_cagr_3yr,pat_cagr_3yr_flag,pat_cagr_5yr,pat_cagr_5yr_flag,pat_cagr_10yr,pat_cagr_10yr_flag,eps_cagr_3yr,eps_cagr_3yr_flag,eps_cagr_5yr,eps_cagr_5yr_flag,eps_cagr_10yr,eps_cagr_10yr_flag
ABB,2012-12,,INSUFFICIENT,,INSUFFICIENT,,INSUFFICIENT,,INSUFFICIENT,,INSUFFICIENT,,INSUFFICIENT,,INSUFFICIENT,,INSUFFICIENT,,INSUFFICIENT
ABB,2014-03,,INSUFFICIENT,,INSUFFICIENT,,INSUFFICIENT,,INSUFFICIENT,,INSUFFICIENT,,INSUFFICIENT,,INSUFFICIENT,,INSUFFICIENT,,INSUFFICIENT
ABB,2015-03,11.461353640566884,NORMAL,,INSUFFICIENT,,INSUFFICIENT,16.454379771010252,NORMAL,,INSUFFICIENT,,INSUFFICIENT,16.673335619846075,NORMAL,,INSUFFICIENT,,INSUFFICIENT
ABB,2016-03,,INSUFFICIENT,,INSUFFICIENT,,INSUFFICIENT,,INSUFFICIENT,,INSUFFICIENT,,INSUFFICIENT,,INSUFFICIENT,,INSUFFICIENT,,INSUFFICIENT
ABB,2017-03,8.448843745667588,NORMAL,11.921838734412127,NORMAL,,INSUFFICIENT,11.841983239045506,NORMAL,13.820988595468453,NORMAL,,INSUFFICIENT,11.811584313781998,NORMAL,13.837903230220427,NORMAL,,INSUFFICIENT
ABB,2018-03,12.945331962917738,NORMAL,,INSUFFICIENT,,INSUFFICIENT,20.532166663372898,NORMAL,,INSUFFICIENT,,INSUFFICIENT,20.507113208761506,NORMAL,,INSUFFICIENT,,INSUFFICIENT
ABB,2019-03,12.066222956973572,NORMAL,10.080781986304022,NORMAL,,INSUFFICIENT,20.843727005349997,NORMAL,17.844539784792257,NORMAL,,INSUFFICIENT,20.888467374859875,NORMAL,17.91541463444244,NORMAL,,INSUFFICIENT
ABB,2020-03,12.132516711850805,NORMAL,12.3257146520954,NORMAL,,INSUFFICIENT,28.881814392650472,NORMAL,20.960574881373727,NORMAL,,INSUFFICIENT,28.98927952402115,NORMAL,20.902725032898985,NORMAL,,INSUFFICIENT
ABB,2021-03,9.330719525085506,NORMAL,10.518335991975135,NORMAL,,INSUFFICIENT,19.888600782632835,NORMAL,22.0639932086115,NORMAL,,INSUFFICIENT,19.804698975219594,NORMAL,22.05074170726322,NORMAL,,INSUFFICIENT
ABB,2022-03,10.12155249022577,NORMAL,11.09638963877595,NORMAL,11.508350382948883,NORMAL,21.090876237347132,NORMAL,23.598557458021684,NORMAL,18.609063729741315,NORMAL,21.046060957074488,NORMAL,23.665597033231876,NORMAL,18.65004116297846,NORMAL
ABB,2023-03,9.331074852709765,NORMAL,10.155044260938272,NORMAL,,INSUFFICIENT,16.968927101051246,NORMAL,18.8021685142332,NORMAL,,INSUFFICIENT,17.01308782012354,NORMAL,18.787062786952035,NORMAL,,INSUFFICIENT
ABB,2024-03,10.713721789385655,NORMAL,9.716101277290168,NORMAL,9.898290364739681,NORMAL,20.232437941096727,NORMAL,21.69314043381163,NORMAL,19.75338045077737,NORMAL,20.24167817921956,NORMAL,21.65851677781967,NORMAL,19.772344260550724,NORMAL
ADANIENSOL,2014-03,,INSUFFICIENT,,INSUFFICIENT,,INSUFFICIENT,,INSUFFICIENT,,INSUFFICIENT,,INSUFFICIENT,,INSUFFICIENT,,INSUFFICIENT,,INSUFFICIENT
ADANIENSOL,2015-03,,INSUFFICIENT,,INSUFFICIENT,,INSUFFICIENT,,INSUFFICIENT,,INSUFFICIENT,,INSUFFICIENT,,INSUFFICIENT,,INSUFFICIENT,,INSUFFICIENT
ADANIENSOL,2016-03,,INSUFFICIENT,,INSUFFICIENT,,INSUFFICIENT,,INSUFFICIENT,,INSUFFICIENT,,INSUFFICIENT,,INSUFFICIENT,,INSUFFICIENT,,INSUFFICIENT
ADANIENSOL,2017-03,,ZERO_BASE,,INSUFFICIENT,,INSUFFICIENT,,ZERO_BASE,,INSUFFICIENT,,INSUFFICIENT,,ZERO_BASE,,INSUFFICIENT,,INSUFFICIENT
ADANIENSOL,2018-03,211.09178071953335,NORMAL,,INSUFFICIENT,,INSUFFICIENT,,TURNAROUND,,INSUFFICIENT,,INSUFFICIENT,,ZERO_BASE,,INSUFFICIENT,,INSUFFICIENT
ADANIENSOL,2019-03,49.32339852079905,NORMAL,,ZERO_BASE,,INSUFFICIENT,14.95326996489721,NORMAL,,ZERO_BASE,,INSUFFICIENT,18.56311014966876,NORMAL,,ZERO_BASE,,INSUFFICIENT
ADANIENSOL,2020-03,58.33430720140576,NORMAL,144.37036240267406,NORMAL,,INSUFFICIENT,19.280776269879674,NORMAL,,TURNAROUND,,INSUFFICIENT,20.507113208761506,NORMAL,,ZERO_BASE,,INSUFFICIENT
ADANIENSOL,2021-03,36.02303315044746,NORMAL,35.240737223764505,NORMAL,,INSUFFICIENT,4.115285245860001,NORMAL,28.513389561027825,NORMAL,,INSUFFICIENT,3.228011545636722,NORMAL,29.674411610965823,NORMAL,,INSUFFICIENT
ADANIENSOL,2022-03,15.508428339343316,NORMAL,31.381577615305556,NORMAL,,INSUFFICIENT,30.277341516191925,NORMAL,24.332603568890065,NORMAL,,INSUFFICIENT,30.059144685138705,NORMAL,22.423992536427463,NORMAL,,INSUFFICIENT
ADANIENSOL,2023-03,5.204992130714481,NORMAL,27.507937149916796,NORMAL,,INSUFFICIENT,21.968629219492808,NORMAL,2.3058763473555732,NORMAL,,INSUFFICIENT,16.260329205681458,NORMAL,1.9244876491456564,NORMAL,,INSUFFICIENT
ADANIENSOL,2024-03,18.715011322879892,NORMAL,17.85124994851739,NORMAL,,ZERO_BASE,-2.4904490462308027,NORMAL,16.42972571572392,NORMAL,,ZERO_BASE,-3.1270693848535758,NORMAL,14.869835499703509,NORMAL,,ZERO_BASE
ADANIENT,2013-03,,INSUFFICIENT,,INSUFFICIENT,,INSUFFICIENT,,INSUFFICIENT,,INSUFFICIENT,,INSUFFICIENT,,INSUFFICIENT,,INSUFFICIENT,,INSUFFICIENT
ADANIENT,2014-03,,INSUFFICIENT,,INSUFFICIENT,,INSUFFICIENT,,INSUFFICIENT,,INSUFFICIENT,,INSUFFICIENT,,INSUFFICIENT,,INSUFFICIENT,,INSUFFICIENT
ADANIENT,2015-03,,INSUFFICIENT,,INSUFFICIENT,,INSUFFICIENT,,INSUFFICIENT,,INSUFFICIENT,,INSUFFICIENT,,INSUFFICIENT,,INSUFFICIENT,,INSUFFICIENT
ADANIENT,2016-03,-9.822320328171163,NORMAL,,INSUFFICIENT,,INSUFFICIENT,-6.3622641625924015,NORMAL,,INSUFFICIENT,,INSUFFICIENT,-15.65673346982508,NORMAL,,INSUFFICIENT,,INSUFFICIENT
ADANIENT,2017-03,-12.720191700604078,NORMAL,,INSUFFICIENT,,INSUFFICIENT,-29.554925791176643,NORMAL,,INSUFFICIENT,,INSUFFICIENT,-23.36905676064469,NORMAL,,INSUFFICIENT,,INSUFFICIENT
ADANIENT,2018-03,-17.708767504438207,NORMAL,-4.9788782627487205,NORMAL,,INSUFFICIENT,-36.29911390169962,NORMAL,-13.378074899332725,NORMAL,,INSUFFICIENT,-27.008014335201846,NORMAL,-14.137929651551106,NORMAL,,INSUFFICIENT
ADANIENT,2019-03,5.890782050790433,NORMAL,-5.975222430379501,NORMAL,,INSUFFICIENT,-20.313728713037616,NORMAL,-28.168963139116254,NORMAL,,INSUFFICIENT,-8.035860787295979,NORMAL,-18.93869169010509,NORMAL,,INSUFFICIENT
ADANIENT,2020-03,5.911910945095755,NORMAL,-7.606982238213844,NORMAL,,INSUFFICIENT,3.9833653228128707,NORMAL,-14.663139176416905,NORMAL,,INSUFFICIENT,3.5744168651286268,NORMAL,-11.09104638678,NORMAL,,INSUFFICIENT
ADANIENT,2021-03,3.2459461046949967,NORMAL,3.058667787307945,NORMAL,,INSUFFICIENT,20.757768726443793,NORMAL,0.9035246758499982,NORMAL,,INSUFFICIENT,4.551591714942038,NORMAL,-2.3281316138826114,NORMAL,,INSUFFICIENT
ADANIENT,2022-03,19.796192956691726,NORMAL,13.699840248771,NORMAL,,INSUFFICIENT,15.911155042442072,NORMAL,-3.155068356762114,NORMAL,,INSUFFICIENT,0.0,NORMAL,-4.902060720441037,NORMAL,,INSUFFICIENT
ADANIENT,2023-03,43.2327140592222,NORMAL,28.84048322057997,NORMAL,10.646135227530706,NORMAL,32.55016311333752,NORMAL,32.45780037178554,NORMAL,7.115590194910215,NORMAL,30.059144685138705,NORMAL,25.73753098024454,NORMAL,3.904209397242564,NORMAL
ADANIENT,2024-03,34.60338228109774,NORMAL,19.015414753081238,NORMAL,5.78467705445147,NORMAL,47.182006037517255,NORMAL,45.81058899665285,NORMAL,2.3412223540726584,NORMAL,51.82944859378311,NORMAL,31.95079107728942,NORMAL,3.4219694129380196,NORMAL
ADANIGREEN,2017-03,,INSUFFICIENT,,INSUFFICIENT,,INSUFFICIENT,,INSUFFICIENT,,INSUFFICIENT,,INSUFFICIENT,,INSUFFICIENT,,INSUFFICIENT,,INSUFFICIENT
ADANIGREEN,2018-03,,INSUFFICIENT,,INSUFFICIENT,,INSUFFICIENT,,INSUFFICIENT,,INSUFFICIENT,,INSUFFICIENT,,INSUFFICIENT,,INSUFFICIENT,,INSUFFICIENT
ADANIGREEN,2019-03,,INSUFFICIENT,,INSUFFICIENT,,INSUFFICIENT,,INSUFFICIENT,,INSUFFICIENT,,INSUFFICIENT,,INSUFFICIENT,,INSUFFICIENT,,INSUFFICIENT
ADANIGREEN,2020-03,71.87869176489616,NORMAL,,INSUFFICIENT,,INSUFFICIENT,,BOTH_NEGATIVE,,INSUFFICIENT,,INSUFFICIENT,,ZERO_BASE,,INSUFFICIENT,,INSUFFICIENT
ADANIGREEN,2021-03,28.277288090725804,NORMAL,,INSUFFICIENT,,INSUFFICIENT,,TURNAROUND,,INSUFFICIENT,,INSUFFICIENT,,TURNAROUND,,INSUFFICIENT,,INSUFFICIENT
ADANIGREEN,2022-03,35.615281969114456,NORMAL,59.19649782184464,NORMAL,,INSUFFICIENT,,TURNAROUND,,TURNAROUND,,INSUFFICIENT,,TURNAROUND,,ZERO_BASE,,INSUFFICIENT
ADANIGREEN,2023-03,45.03143324246328,NORMAL,39.347412006991476,NORMAL,,INSUFFICIENT,,TURNAROUND,,TURNAROUND,,INSUFFICIENT,,ZERO_BASE,,TURNAROUND,,INSUFFICIENT
ADANIGREEN,2024-03,43.44099813858789,NORMAL,34.976172926382844,NORMAL,,INSUFFICIENT,90.58982840512462,NORMAL,,TURNAROUND,,INSUFFICIENT,91.29311827723889,NORMAL,,TURNAROUND,,INSUFFICIENT
ADANIPORTS,2013-03,,INSUFFICIENT,,INSUFFICIENT,,INSUFFICIENT,,INSUFFICIENT,,INSUFFICIENT,,INSUFFICIENT,,INSUFFICIENT,,INSUFFICIENT,,INSUFFICIENT
ADANIPORTS,2014-03,,INSUFFICIENT,,INSUFFICIENT,,INSUFFICIENT,,INSUFFICIENT,,INSUFFICIENT,,INSUFFICIENT,,INSUFFICIENT,,INSUFFICIENT,,INSUFFICIENT
ADANIPORTS,2015-03,,INSUFFICIENT,,INSUFFICIENT,,INSUFFICIENT,,INSUFFICIENT,,INSUFFICIENT,,INSUFFICIENT,,INSUFFICIENT,,INSUFFICIENT,,INSUFFICIENT
ADANIPORTS,2016-03,25.72737783680763,NORMAL,,INSUFFICIENT,,INSUFFICIENT,20.335310574077937,NORMAL,,INSUFFICIENT,,INSUFFICIENT,20.507113208761506,NORMAL,,INSUFFICIENT,,INSUFFICIENT
ADANIPORTS,2017-03,20.44292261784719,NORMAL,,INSUFFICIENT,,INSUFFICIENT,30.86680450669683,NORMAL,,INSUFFICIENT,,INSUFFICIENT,33.420082436097246,NORMAL,,INSUFFICIENT,,INSUFFICIENT
ADANIPORTS,2018-03,22.550492291302437,NORMAL,25.918201916791972,NORMAL,,INSUFFICIENT,16.66217818116089,NORMAL,17.622249929148204,NORMAL,,INSUFFICIENT,17.840146380897437,NORMAL,17.607902252467355,NORMAL,,INSUFFICIENT
ADANIPORTS,2019-03,15.399601862092748,NORMAL,17.732092499981555,NORMAL,,INSUFFICIENT,12.301814736402505,NORMAL,18.36517675362346,NORMAL,,INSUFFICIENT,10.715524489384997,NORMAL,18.88654957871243,NORMAL,,INSUFFICIENT
ADANIPORTS,2020-03,12.052915344789161,NORMAL,14.053555422033593,NORMAL,,INSUFFICIENT,-1.009647005728731,NORMAL,10.246789703569824,NORMAL,,INSUFFICIENT,0.0,NORMAL,11.550670014054099,NORMAL,,INSUFFICIENT
ADANIPORTS,2021-03,3.4889719758043336,NORMAL,12.038437201046982,NORMAL,,INSUFFICIENT,11.017898337374831,NORMAL,12.070015891980223,NORMAL,,INSUFFICIENT,11.57215834702825,NORMAL,12.295510705682112,NORMAL,,INSUFFICIENT
ADANIPORTS,2022-03,16.149937942078484,NORMAL,15.196021711535357,NORMAL,,INSUFFICIENT,6.983450437029126,NORMAL,4.885683476768143,NORMAL,,INSUFFICIENT,6.575671665233052,NORMAL,3.8950477489882784,NORMAL,,INSUFFICIENT
ADANIPORTS,2023-03,20.650487988948683,NORMAL,12.98928015223748,NORMAL,19.278694630023587,NORMAL,12.512597053128683,NORMAL,7.876933597730829,NORMAL,12.644252606257812,NORMAL,9.579370842217516,NORMAL,6.790716584560208,NORMAL,12.068872384564933,NORMAL
ADANIPORTS,2024-03,28.631936311849437,NORMAL,19.57867595245697,NORMAL,18.65179197239284,NORMAL,17.084126579285687,NORMAL,14.909565182041629,NORMAL,16.624572854327614,NORMAL,14.977941578896626,NORMAL,14.869835499703509,NORMAL,16.860936130231472,NORMAL
ADANIPOWER,2013-03,,INSUFFICIENT,,INSUFFICIENT,,INSUFFICIENT,,INSUFFICIENT,,INSUFFICIENT,,INSUFFICIENT,,INSUFFICIENT,,INSUFFICIENT,,INSUFFICIENT
ADANIPOWER,2014-03,,INSUFFICIENT,,INSUFFICIENT,,INSUFFICIENT,,INSUFFICIENT,,INSUFFICIENT,,INSUFFICIENT,,INSUFFICIENT,,INSUFFICIENT,,INSUFFICIENT
ADANIPOWER,2015-03,,INSUFFICIENT,,INSUFFICIENT,,INSUFFICIENT,,INSUFFICIENT,,INSUFFICIENT,,INSUFFICIENT,,INSUFFICIENT,,INSUFFICIENT,,INSUFFICIENT
ADANIPOWER,2016-03,55.9414072705229,NORMAL,,INSUFFICIENT,,INSUFFICIENT,,TURNAROUND,,INSUFFICIENT,,INSUFFICIENT,,TURNAROUND,,INSUFFICIENT,,INSUFFICIENT
ADANIPOWER,2017-03,13.84398810447287,NORMAL,,INSUFFICIENT,,INSUFFICIENT,,BOTH_NEGATIVE,,INSUFFICIENT,,INSUFFICIENT,,BOTH_NEGATIVE,,INSUFFICIENT,,INSUFFICIENT
ADANIPOWER,2018-03,2.812281577801401,NORMAL,24.854768715819798,NORMAL,,INSUFFICIENT,,BOTH_NEGATIVE,,BOTH_NEGATIVE,,INSUFFICIENT,,BOTH_NEGATIVE,,BOTH_NEGATIVE,,INSUFFICIENT
ADANIPOWER,2019-03,-2.0008608070737233,NORMAL,9.27588040271312,NORMAL,,INSUFFICIENT,,DECLINE_TO_LOSS,,BOTH_NEGATIVE,,INSUFFICIENT,,DECLINE_TO_LOSS,,BOTH_NEGATIVE,,INSUFFICIENT
ADANIPOWER,2020-03,5.382486975545575,NORMAL,7.214840153417179,NORMAL,,INSUFFICIENT,,BOTH_NEGATIVE,,BOTH_NEGATIVE,,INSUFFICIENT,,BOTH_NEGATIVE,,BOTH_NEGATIVE,,INSUFFICIENT
ADANIPOWER,2021-03,8.898663210215553,NORMAL,0.6564928179288998,NORMAL,,INSUFFICIENT,,TURNAROUND,18.176309784358757,NORMAL,,INSUFFICIENT,,TURNAROUND,8.447177119769854,NORMAL,,INSUFFICIENT
ADANIPOWER,2022-03,5.078785671226016,NORMAL,4.14712377692581,NORMAL,,INSUFFICIENT,,TURNAROUND,,TURNAROUND,,INSUFFICIENT,,TURNAROUND,,TURNAROUND,,INSUFFICIENT
ADANIPOWER,2023-03,13.571516896859581,NORMAL,13.812394373753722,NORMAL,19.205789190494826,NORMAL,,TURNAROUND,,TURNAROUND,,TURNAROUND,,TURNAROUND,,TURNAROUND,,TURNAROUND
ADANIPOWER,2024-03,24.294797156226156,NORMAL,16.086096410440966,NORMAL,12.629527157691523,NORMAL,154.07088459944453,NORMAL,,TURNAROUND,,TURNAROUND,162.07413942088965,NORMAL,,TURNAROUND,,TURNAROUND
AMBUJACEM,2012-12,,INSUFFICIENT,,INSUFFICIENT,,INSUFFICIENT,,INSUFFICIENT,,INSUFFICIENT,,INSUFFICIENT,,INSUFFICIENT,,INSUFFICIENT,,INSUFFICIENT
AMBUJACEM,2013-12,,INSUFFICIENT,,INSUFFICIENT,,INSUFFICIENT,,INSUFFICIENT,,INSUFFICIENT,,INSUFFICIENT,,INSUFFICIENT,,INSUFFICIENT,,INSUFFICIENT
AMBUJACEM,2014-12,,INSUFFICIENT,,INSUFFICIENT,,INSUFFICIENT,,INSUFFICIENT,,INSUFFICIENT,,INSUFFICIENT,,INSUFFICIENT,,INSUFFICIENT,,INSUFFICIENT
AMBUJACEM,2015-12,-1.0783629462939648,NORMAL,,INSUFFICIENT,,INSUFFICIENT,-14.483559496590082,NORMAL,,INSUFFICIENT,,INSUFFICIENT,-14.501202666165147,NORMAL,,INSUFFICIENT,,INSUFFICIENT
AMBUJACEM,2016-12,29.929521264588832,NORMAL,,INSUFFICIENT,,INSUFFICIENT,3.913689722316227,NORMAL,,INSUFFICIENT,,INSUFFICIENT,-9.143970358393016,NORMAL,,INSUFFICIENT,,INSUFFICIENT
AMBUJACEM,2017-12,33.355861476067375,NORMAL,19.350297077682033,NORMAL,,INSUFFICIENT,9.362781071446658,NORMAL,8.52540579140837,NORMAL,,INSUFFICIENT,-7.168223327744416,NORMAL,0.0,NORMAL,,INSUFFICIENT
AMBUJACEM,2018-12,40.26238980107533,NORMAL,23.237521356132795,NORMAL,,INSUFFICIENT,54.38123689114178,NORMAL,18.394849848210313,NORMAL,,INSUFFICIENT,30.059144685138705,NORMAL,6.576275663547415,NORMAL,,INSUFFICIENT
AMBUJACEM,2019-12,10.48983632828422,NORMAL,22.179522882798295,NORMAL,,INSUFFICIENT,24.73491008967228,NORMAL,13.354938999207233,NORMAL,,INSUFFICIENT,22.39034103416604,NORMAL,1.9244876491456564,NORMAL,,INSUFFICIENT
AMBUJACEM,2020-12,1.2645273918070687,NORMAL,21.038388124060383,NORMAL,,INSUFFICIENT,16.89803632525486,NORMAL,30.913965581917104,NORMAL,,INSUFFICIENT,14.471424255333186,NORMAL,19.13578981670916,NORMAL,,INSUFFICIENT
AMBUJACEM,2021-12,3.610863166801348,NORMAL,7.587403635446233,NORMAL,,INSUFFICIENT,7.670983912476048,NORMAL,20.945123020866106,NORMAL,,INSUFFICIENT,8.37067626618271,NORMAL,18.466445254224407,NORMAL,,INSUFFICIENT
AMBUJACEM,2024-03,4.611716860010384,NORMAL,4.115700788754739,NORMAL,12.786553484793739,NORMAL,8.484585512022203,NORMAL,11.228574154296279,NORMAL,12.286723339088713,NORMAL,4.551591714942038,NORMAL,7.781806771272581,NORMAL,4.812238946895775,NORMAL
APOLLOHOSP,2013-03,,INSUFFICIENT,,INSUFFICIENT,,INSUFFICIENT,,INSUFFICIENT,,INSUFFICIENT,,INSUFFICIENT,,INSUFFICIENT,,INSUFFICIENT,,INSUFFICIENT
APOLLOHOSP,2014-03,,INSUFFICIENT,,INSUFFICIENT,,INSUFFICIENT,,INSUFFICIENT,,INSUFFICIENT,,INSUFFICIENT,,INSUFFICIENT,,INSUFFICIENT,,INSUFFICIENT
APOLLOHOSP,2015-03,,INSUFFICIENT,,INSUFFICIENT,,INSUFFICIENT,,INSUFFICIENT,,INSUFFICIENT,,INSUFFICIENT,,INSUFFICIENT,,INSUFFICIENT,,INSUFFICIENT
APOLLOHOSP,2016-03,17.728874672474994,NORMAL,,INSUFFICIENT,,INSUFFICIENT,-8.122660403959724,NORMAL,,INSUFFICIENT,,INSUFFICIENT,-8.23534978515731,NORMAL,,INSUFFICIENT,,INSUFFICIENT
APOLLOHOSP,2017-03,18.53226174654161,NORMAL,,INSUFFICIENT,,INSUFFICIENT,-25.357373304445886,NORMAL,,INSUFFICIENT,,INSUFFICIENT,-11.3938128033939,NORMAL,,INSUFFICIENT,,INSUFFICIENT
APOLLOHOSP,2018-03,17.134330674561184,NORMAL,16.942354195434504,NORMAL,,INSUFFICIENT,-43.631629406150786,NORMAL,-27.66612615683105,NORMAL,,INSUFFICIENT,-30.663872564936533,NORMAL,-18.316664954179764,NORMAL,,INSUFFICIENT
APOLLOHOSP,2019-03,16.070405074738446,NORMAL,17.157585093393312,NORMAL,,INSUFFICIENT,-5.233673848257103,NORMAL,-8.68462890526146,NORMAL,,INSUFFICIENT,0.0,NORMAL,-5.866497728949172,NORMAL,,INSUFFICIENT
APOLLOHOSP,2020-03,15.73013872152047,NORMAL,17.004024260020856,NORMAL,,INSUFFICIENT,48.84610815040138,NORMAL,5.217453808791128,NORMAL,,INSUFFICIENT,27.29108424148723,NORMAL,6.576275663547415,NORMAL,,INSUFFICIENT
APOLLOHOSP,2021-03,8.607430608703194,NORMAL,11.418616248778267,NORMAL,,INSUFFICIENT,31.680996855786447,NORMAL,-10.230141427470674,NORMAL,,INSUFFICIENT,7.721734501594191,NORMAL,-10.068835772242512,NORMAL,,INSUFFICIENT
APOLLOHOSP,2022-03,15.096223210672456,NORMAL,15.107895036926532,NORMAL,,INSUFFICIENT,76.94430456361536,NORMAL,53.268777339201364,NORMAL,,INSUFFICIENT,62.53914824285509,NORMAL,35.469202920865925,NORMAL,,INSUFFICIENT
APOLLOHOSP,2023-03,13.883745577885165,NORMAL,15.04488770509953,NORMAL,15.989740953171093,NORMAL,25.01234445988669,NORMAL,69.6829630130583,NORMAL,10.78730089645501,NORMAL,19.983162620797668,NORMAL,48.10065311433625,NORMAL,9.987977837776096,NORMAL
APOLLOHOSP,2024-03,21.752736351876713,NORMAL,14.660042602193135,NORMAL,15.90208668517812,NORMAL,89.6838465061924,NORMAL,36.13077689773863,NORMAL,11.493642912195057,NORMAL,84.69147504478333,NORMAL,29.95061094416296,NORMAL,10.60156477390728,NORMAL
ASIANPAINT,2013-03,,INSUFFICIENT,,INSUFFICIENT,,INSUFFICIENT,,INSUFFICIENT,,INSUFFICIENT,,INSUFFICIENT,,INSUFFICIENT,,INSUFFICIENT,,INSUFFICIENT
ASIANPAINT,2014-03,,INSUFFICIENT,,INSUFFICIENT,,INSUFFICIENT,,INSUFFICIENT,,INSUFFICIENT,,INSUFFICIENT,,INSUFFICIENT,,INSUFFICIENT,,INSUFFICIENT
ASIANPAINT,2015-03,,INSUFFICIENT,,INSUFFICIENT,,INSUFFICIENT,,INSUFFICIENT,,INSUFFICIENT,,INSUFFICIENT,,INSUFFICIENT,,INSUFFICIENT,,INSUFFICIENT
ASIANPAINT,2016-03,10.755821922659337,NORMAL,,INSUFFICIENT,,INSUFFICIENT,15.836629535764501,NORMAL,,INSUFFICIENT,,INSUFFICIENT,14.471424255333186,NORMAL,,INSUFFICIENT,,INSUFFICIENT
ASIANPAINT,2017-03,7.218685658898583,NORMAL,,INSUFFICIENT,,INSUFFICIENT,16.868030639048182,NORMAL,,INSUFFICIENT,,INSUFFICIENT,15.441567326431937,NORMAL,,INSUFFICIENT,,INSUFFICIENT
ASIANPAINT,2018-03,7.31138722508986,NORMAL,9.880359579270825,NORMAL,,INSUFFICIENT,13.708737315596341,NORMAL,12.582139819769456,NORMAL,,INSUFFICIENT,11.868894208139679,NORMAL,11.842691472014465,NORMAL,,INSUFFICIENT
ASIANPAINT,2019-03,10.47149225471069,NORMAL,9.503190332299205,NORMAL,,INSUFFICIENT,6.987846873108139,NORMAL,11.81991137137912,NORMAL,,INSUFFICIENT,6.917810999860885,NORMAL,11.09534595426207,NORMAL,,INSUFFICIENT
ASIANPAINT,2020-03,10.298190144554443,NORMAL,8.221620138866225,NORMAL,,INSUFFICIENT,11.225741486584017,NORMAL,14.218511658101551,NORMAL,,INSUFFICIENT,11.868894208139679,NORMAL,13.29568106011707,NORMAL,,INSUFFICIENT
ASIANPAINT,2021-03,8.873350063669472,NORMAL,8.755964741976374,NORMAL,,INSUFFICIENT,15.194344737182552,NORMAL,12.207179705461101,NORMAL,,INSUFFICIENT,16.260329205681458,NORMAL,12.888132073019754,NORMAL,,INSUFFICIENT
ASIANPAINT,2022-03,14.789178655337022,NORMAL,14.07882883288587,NORMAL,,INSUFFICIENT,11.794052574983072,NORMAL,8.881207385128832,NORMAL,,INSUFFICIENT,13.30326698854094,NORMAL,9.856054330611785,NORMAL,,INSUFFICIENT
ASIANPAINT,2023-03,19.498998826027325,NORMAL,15.437019717035461,NORMAL,12.624425571308606,NORMAL,14.782365179141244,NORMAL,14.86435977103433,NORMAL,13.71752464792262,NORMAL,15.37281116524374,NORMAL,15.41169840334604,NORMAL,13.61318135140226,NORMAL
ASIANPAINT,2024-03,17.801037676951047,NORMAL,13.029660349453076,NORMAL,11.25245350301849,NORMAL,20.117567163333238,NORMAL,20.277362101955056,NORMAL,15.971565352132288,NORMAL,19.983162620797668,NORMAL,20.973552688431262,NORMAL,15.929283130870008,NORMAL
ATGL,2018-03,,INSUFFICIENT,,INSUFFICIENT,,INSUFFICIENT,,INSUFFICIENT,,INSUFFICIENT,,INSUFFICIENT,,INSUFFICIENT,,INSUFFICIENT,,INSUFFICIENT
ATGL,2019-03,,INSUFFICIENT,,INSUFFICIENT,,INSUFFICIENT,,INSUFFICIENT,,INSUFFICIENT,,INSUFFICIENT,,INSUFFICIENT,,INSUFFICIENT,,INSUFFICIENT
ATGL,2020-03,,INSUFFICIENT,,INSUFFICIENT,,INSUFFICIENT,,INSUFFICIENT,,INSUFFICIENT,,INSUFFICIENT,,INSUFFICIENT,,INSUFFICIENT,,INSUFFICIENT
ATGL,2021-03,7.270351835657896,NORMAL,,INSUFFICIENT,,INSUFFICIENT,41.91293829015616,NORMAL,,INSUFFICIENT,,INSUFFICIENT,-12.64195352637011,NORMAL,,INSUFFICIENT,,INSUFFICIENT
ATGL,2022-03,20.903061342616457,NORMAL,,INSUFFICIENT,,INSUFFICIENT,30.50508484330676,NORMAL,,INSUFFICIENT,,INSUFFICIENT,35.72088082974532,NORMAL,,INSUFFICIENT,,INSUFFICIENT
ATGL,2023-03,32.66554996268296,NORMAL,26.083369020953363,NORMAL,,INSUFFICIENT,7.787579098981068,NORMAL,27.507439777296128,NORMAL,,INSUFFICIENT,7.721734501594191,NORMAL,-3.5807495997372762,NORMAL,,INSUFFICIENT
ATGL,2024-03,38.18335427451367,NORMAL,21.08864867789759,NORMAL,,INSUFFICIENT,12.99654305433795,NORMAL,23.8762916927858,NORMAL,,INSUFFICIENT,14.471424255333186,NORMAL,24.57309396155174,NORMAL,,INSUFFICIENT
AXISBANK,2013-03,,INSUFFICIENT,,INSUFFICIENT,,INSUFFICIENT,,INSUFFICIENT,,INSUFFICIENT,,INSUFFICIENT,,INSUFFICIENT,,INSUFFICIENT,,INSUFFICIENT
AXISBANK,2014-03,,INSUFFICIENT,,INSUFFICIENT,,INSUFFICIENT,,INSUFFICIENT,,INSUFFICIENT,,INSUFFICIENT,,INSUFFICIENT,,INSUFFICIENT,,INSUFFICIENT
AXISBANK,2015-03,,INSUFFICIENT,,INSUFFICIENT,,INSUFFICIENT,,INSUFFICIENT,,INSUFFICIENT,,INSUFFICIENT,,INSUFFICIENT,,INSUFFICIENT,,INSUFFICIENT
AXISBANK,2016-03,14.670871756878734,NORMAL,,INSUFFICIENT,,INSUFFICIENT,16.66638206993023,NORMAL,,INSUFFICIENT,,INSUFFICIENT,16.73877216503947,NORMAL,,INSUFFICIENT,,INSUFFICIENT
AXISBANK,2017-03,13.2806136390887,NORMAL,,INSUFFICIENT,,INSUFFICIENT,-16.048906631446414,NORMAL,,INSUFFICIENT,,INSUFFICIENT,-16.752224563919892,NORMAL,,INSUFFICIENT,,INSUFFICIENT
AXISBANK,2018-03,8.868307834335031,NORMAL,10.987911870151823,NORMAL,,INSUFFICIENT,-66.52532009439784,NORMAL,-44.36698022375808,NORMAL,,INSUFFICIENT,-68.16686321542267,NORMAL,-46.10909661436371,NORMAL,,INSUFFICIENT
AXISBANK,2019-03,10.288898702805383,NORMAL,12.406089291127099,NORMAL,,INSUFFICIENT,-17.14957204060279,NORMAL,-5.536652756116112,NORMAL,,INSUFFICIENT,-19.88112909708025,NORMAL,-7.090562353743978,NORMAL,,INSUFFICIENT
AXISBANK,2020-03,12.033814435110845,NORMAL,12.038978942135437,NORMAL,,INSUFFICIENT,-23.812114278115104,NORMAL,-26.05214961079477,NORMAL,,INSUFFICIENT,-26.319370027192267,NORMAL,-27.995786442428194,NORMAL,,INSUFFICIENT
AXISBANK,2021-03,11.4331659108585,NORMAL,9.096920986218016,NORMAL,,INSUFFICIENT,187.92641034453732,NORMAL,-4.3391803379436595,NORMAL,,INSUFFICIENT,180.20393306553868,NORMAL,-8.867994584474538,NORMAL,,INSUFFICIENT
AXISBANK,2022-03,7.008887096847105,NORMAL,8.629652750055783,NORMAL,,INSUFFICIENT,40.69223237842095,NORMAL,28.76848580321414,NORMAL,,INSUFFICIENT,32.63524026321307,NORMAL,22.865967908314722,NORMAL,,INSUFFICIENT
AXISBANK,2023-03,10.784666971087532,NORMAL,13.218149586033778,NORMAL,12.097484397984527,NORMAL,80.57570483973764,NORMAL,103.27842418477906,NORMAL,6.343747313864712,NORMAL,72.87683958802533,NORMAL,98.73407546644582,NORMAL,3.488931100847603,NORMAL
AXISBANK,2024-03,19.966046890428714,NORMAL,14.743587120514379,NORMAL,13.568824505023214,NORMAL,55.68795030685318,NORMAL,39.67228711897934,NORMAL,14.864754204532193,NORMAL,54.414274760026785,NORMAL,35.09600385206135,NORMAL,12.034341816031823,NORMAL
BAJAJ-AUTO,2013-03,,INSUFFICIENT,,INSUFFICIENT,,INSUFFICIENT,,INSUFFICIENT,,INSUFFICIENT,,INSUFFICIENT,,INSUFFICIENT,,INSUFFICIENT,,INSUFFICIENT
BAJAJ-AUTO,2014-03,,INSUFFICIENT,,INSUFFICIENT,,INSUFFICIENT,,INSUFFICIENT,,INSUFFICIENT,,INSUFFICIENT,,INSUFFICIENT,,INSUFFICIENT,,INSUFFICIENT
BAJAJ-AUTO,2015-03,,INSUFFICIENT,,INSUFFICIENT,,INSUFFICIENT,,INSUFFICIENT,,INSUFFICIENT,,INSUFFICIENT,,INSUFFICIENT,,INSUFFICIENT,,INSUFFICIENT
BAJAJ-AUTO,2016-03,4.074739372248004,NORMAL,,INSUFFICIENT,,INSUFFICIENT,9.032892006170634,NORMAL,,INSUFFICIENT,,INSUFFICIENT,9.035543672952983,NORMAL,,INSUFFICIENT,,INSUFFICIENT
BAJAJ-AUTO,2017-03,2.6096262820050065,NORMAL,,INSUFFICIENT,,INSUFFICIENT,6.466342563688388,NORMAL,,INSUFFICIENT,,INSUFFICIENT,6.417017658182589,NORMAL,,INSUFFICIENT,,INSUFFICIENT
BAJAJ-AUTO,2018-03,5.294708293109052,NORMAL,4.712870280520165,NORMAL,,INSUFFICIENT,11.71552579704409,NORMAL,6.132849888653125,NORMAL,,INSUFFICIENT,11.614645844793415,NORMAL,6.214991835579098,NORMAL,,INSUFFICIENT
BAJAJ-AUTO,2019-03,10.379446504610112,NORMAL,8.556461167034568,NORMAL,,INSUFFICIENT,6.662699242295234,NORMAL,7.832779509495569,NORMAL,,INSUFFICIENT,6.685884434218181,NORMAL,7.758766622357927,NORMAL,,INSUFFICIENT
BAJAJ-AUTO,2020-03,11.20628395722074,NORMAL,6.737929244588159,NORMAL,,INSUFFICIENT,8.51344897264421,NORMAL,11.487736105696179,NORMAL,,INSUFFICIENT,8.480363260354373,NORMAL,11.382417860287909,NORMAL,,INSUFFICIENT
BAJAJ-AUTO,2021-03,3.240418311323001,NORMAL,4.208397713725631,NORMAL,,INSUFFICIENT,4.806011239261476,NORMAL,3.6446818588965924,NORMAL,,INSUFFICIENT,4.789751061124381,NORMAL,3.713728933664817,NORMAL,,INSUFFICIENT
BAJAJ-AUTO,2022-03,2.971005968509166,NORMAL,8.785694118186104,NORMAL,,INSUFFICIENT,7.756697741472696,NORMAL,8.615039134524306,NORMAL,,INSUFFICIENT,7.806155958170735,NORMAL,8.600568365506822,NORMAL,,INSUFFICIENT
BAJAJ-AUTO,2023-03,6.80789179897392,NORMAL,7.655655927728322,NORMAL,6.174068086913431,NORMAL,5.153259431920643,NORMAL,7.5109302750201445,NORMAL,6.819667778308336,NORMAL,5.9368583516280715,NORMAL,7.947399266462085,NORMAL,7.077692036013117,NORMAL
BAJAJ-AUTO,2024-03,17.384652616671946,NORMAL,8.127604751021389,NORMAL,8.341820762984753,NORMAL,16.642781522818396,NORMAL,9.358917170384974,NORMAL,8.59316738465321,NORMAL,17.995813862247644,NORMAL,10.177276348465591,NORMAL,8.961311524418347,NORMAL
BAJAJFINSV,2013-03,,INSUFFICIENT,,INSUFFICIENT,,INSUFFICIENT,,INSUFFICIENT,,INSUFFICIENT,,INSUFFICIENT,,INSUFFICIENT,,INSUFFICIENT,,INSUFFICIENT
BAJAJFINSV,2014-03,,INSUFFICIENT,,INSUFFICIENT,,INSUFFICIENT,,INSUFFICIENT,,INSUFFICIENT,,INSUFFICIENT,,INSUFFICIENT,,INSUFFICIENT,,INSUFFICIENT
BAJAJFINSV,2015-03,,INSUFFICIENT,,INSUFFICIENT,,INSUFFICIENT,,INSUFFICIENT,,INSUFFICIENT,,INSUFFICIENT,,INSUFFICIENT,,INSUFFICIENT,,INSUFFICIENT
BAJAJFINSV,2016-03,36.60364489627841,NORMAL,,INSUFFICIENT,,INSUFFICIENT,7.818956336406568,NORMAL,,INSUFFICIENT,,INSUFFICIENT,6.265856918261115,NORMAL,,INSUFFICIENT,,INSUFFICIENT
BAJAJFINSV,2017-03,59.64638755773664,NORMAL,,INSUFFICIENT,,INSUFFICIENT,16.339065907810024,NORMAL,,INSUFFICIENT,,INSUFFICIENT,11.868894208139679,NORMAL,,INSUFFICIENT,,INSUFFICIENT
BAJAJFINSV,2018-03,42.590575644232565,NORMAL,32.47248687895197,NORMAL,,INSUFFICIENT,20.127165594600594,NORMAL,13.531551973703415,NORMAL,,INSUFFICIENT,15.616214441920405,NORMAL,11.196158593857874,NORMAL,,INSUFFICIENT
BAJAJFINSV,2019-03,27.546747240431422,NORMAL,47.886844128078664,NORMAL,,INSUFFICIENT,24.645965188450305,NORMAL,19.65505670127323,NORMAL,,INSUFFICIENT,18.56311014966876,NORMAL,14.869835499703509,NORMAL,,INSUFFICIENT
BAJAJFINSV,2020-03,30.408468934381293,NORMAL,36.82239962434755,NORMAL,,INSUFFICIENT,20.216998664314545,NORMAL,19.998547079802954,NORMAL,,INSUFFICIENT,14.471424255333186,NORMAL,13.80604263098537,NORMAL,,INSUFFICIENT
BAJAJFINSV,2021-03,22.62351626435901,NORMAL,24.16310828398638,NORMAL,,INSUFFICIENT,20.830542848802104,NORMAL,21.56415523979378,NORMAL,,INSUFFICIENT,18.096321418390836,NORMAL,18.466445254224407,NORMAL,,INSUFFICIENT
BAJAJFINSV,2022-03,17.09666929216691,NORMAL,22.789380725671737,NORMAL,,INSUFFICIENT,15.656697198945091,NORMAL,19.233470493317984,NORMAL,,INSUFFICIENT,13.18511959629507,NORMAL,15.678857972406735,NORMAL,,INSUFFICIENT
BAJAJFINSV,2023-03,14.726169254286315,NORMAL,20.088164014065278,NORMAL,26.128417621369906,NORMAL,26.765082025379726,NORMAL,23.934162063099084,NORMAL,18.618876076213574,NORMAL,23.95961884821869,NORMAL,18.664882623542333,NORMAL,14.869835499703509,NORMAL
BAJAJFINSV,2024-03,22.131490415528443,NORMAL,20.97274568418761,NORMAL,33.754542295740954,NORMAL,28.399964328592418,NORMAL,23.74781614270227,NORMAL,21.684230519873758,NORMAL,22.124851391248356,NORMAL,20.589095060661244,NORMAL,17.69473018226546,NORMAL
BAJAJHLDNG,2013-03,,INSUFFICIENT,,INSUFFICIENT,,INSUFFICIENT,,INSUFFICIENT,,INSUFFICIENT,,INSUFFICIENT,,INSUFFICIENT,,INSUFFICIENT,,INSUFFICIENT
BAJAJHLDNG,2014-03,,INSUFFICIENT,,INSUFFICIENT,,INSUFFICIENT,,INSUFFICIENT,,INSUFFICIENT,,INSUFFICIENT,,INSUFFICIENT,,INSUFFICIENT,,INSUFFICIENT
BAJAJHLDNG,2015-03,,INSUFFICIENT,,INSUFFICIENT,,INSUFFICIENT,,INSUFFICIENT,,INSUFFICIENT,,INSUFFICIENT,,INSUFFICIENT,,INSUFFICIENT,,INSUFFICIENT
BAJAJHLDNG,2016-03,11.726446395904455,NORMAL,,INSUFFICIENT,,INSUFFICIENT,6.863668315512261,NORMAL,,INSUFFICIENT,,INSUFFICIENT,6.8984066780191755,NORMAL,,INSUFFICIENT,,INSUFFICIENT
BAJAJHLDNG,2017-03,25.793222093748636,NORMAL,,INSUFFICIENT,,INSUFFICIENT,7.548059497443393,NORMAL,,INSUFFICIENT,,INSUFFICIENT,7.440160348978164,NORMAL,,INSUFFICIENT,,INSUFFICIENT
BAJAJHLDNG,2018-03,-7.109207560626629,NORMAL,4.501825711228924,NORMAL,,INSUFFICIENT,9.377374111537629,NORMAL,7.423008401181019,NORMAL,,INSUFFICIENT,9.507073017726885,NORMAL,7.432649386737111,NORMAL,,INSUFFICIENT
BAJAJHLDNG,2019-03,-2.846197283724139,NORMAL,0.37542116762430133,NORMAL,,INSUFFICIENT,10.403350150778756,NORMAL,8.923030643192643,NORMAL,,INSUFFICIENT,10.333348426245447,NORMAL,8.887870975177092,NORMAL,,INSUFFICIENT
BAJAJHLDNG,2020-03,-19.759728685377564,NORMAL,-3.654464709185068,NORMAL,,INSUFFICIENT,7.590898258064227,NORMAL,8.706054659623618,NORMAL,,INSUFFICIENT,6.610448040364947,NORMAL,8.127504121935925,NORMAL,,INSUFFICIENT
BAJAJHLDNG,2021-03,2.8542645677026357,NORMAL,-0.5594154876097823,NORMAL,,INSUFFICIENT,11.23326177170767,NORMAL,10.037335934785352,NORMAL,,INSUFFICIENT,11.128464669058546,NORMAL,9.963545783237194,NORMAL,,INSUFFICIENT
BAJAJHLDNG,2022-03,3.9415918822640172,NORMAL,-10.482766082359095,NORMAL,,INSUFFICIENT,10.621129107396609,NORMAL,10.779913437105648,NORMAL,,INSUFFICIENT,9.930180301493907,NORMAL,10.395070672547725,NORMAL,,INSUFFICIENT
BAJAJHLDNG,2023-03,6.265856918261115,NORMAL,4.444179509050206,NORMAL,4.472998634130687,NORMAL,17.10293995992722,NORMAL,13.24992350033174,NORMAL,10.297994014439116,NORMAL,17.4657898020145,NORMAL,12.776267708321697,NORMAL,10.072036539045314,NORMAL
BAJAJHLDNG,2024-03,55.00574158769729,NORMAL,31.612293448969165,NORMAL,14.937545587928923,NORMAL,26.318822706492305,NORMAL,19.297559063731295,NORMAL,13.992331678744474,NORMAL,25.799750331593962,NORMAL,18.96864732798973,NORMAL,13.81670668377948,NORMAL
BAJFINANCE,2015-03,,INSUFFICIENT,,INSUFFICIENT,,INSUFFICIENT,,INSUFFICIENT,,INSUFFICIENT,,INSUFFICIENT,,INSUFFICIENT,,INSUFFICIENT,,INSUFFICIENT
BAJFINANCE,2016-03,,INSUFFICIENT,,INSUFFICIENT,,INSUFFICIENT,,INSUFFICIENT,,INSUFFICIENT,,INSUFFICIENT,,INSUFFICIENT,,INSUFFICIENT,,INSUFFICIENT
BAJFINANCE,2017-03,,INSUFFICIENT,,INSUFFICIENT,,INSUFFICIENT,,INSUFFICIENT,,INSUFFICIENT,,INSUFFICIENT,,INSUFFICIENT,,INSUFFICIENT,,INSUFFICIENT
BAJFINANCE,2018-03,33.21138495410443,NORMAL,,INSUFFICIENT,,INSUFFICIENT,40.60132544346444,NORMAL,,INSUFFICIENT,,INSUFFICIENT,33.67965523528002,NORMAL,,INSUFFICIENT,,INSUFFICIENT
BAJFINANCE,2019-03,36.312084519203715,NORMAL,,INSUFFICIENT,,INSUFFICIENT,46.17802158544861,NORMAL,,INSUFFICIENT,,INSUFFICIENT,42.19334899257827,NORMAL,,INSUFFICIENT,,INSUFFICIENT
BAJFINANCE,2020-03,38.30151828250958,NORMAL,37.36788880500222,NORMAL,,INSUFFICIENT,42.06302823437693,NORMAL,42.432110255975644,NORMAL,,INSUFFICIENT,38.144978847331615,NORMAL,37.0406309505932,NORMAL,,INSUFFICIENT
BAJFINANCE,2021-03,27.90847378892014,NORMAL,29.58707889397152,NORMAL,,INSUFFICIENT,20.983430860396002,NORMAL,28.147561056594416,NORMAL,,INSUFFICIENT,19.293871959268415,NORMAL,24.91722377545407,NORMAL,,INSUFFICIENT
BAJFINANCE,2022-03,19.617462835163792,NORMAL,25.982728075047355,NORMAL,,INSUFFICIENT,20.717895695390954,NORMAL,30.795202682788812,NORMAL,,INSUFFICIENT,18.905780003571437,NORMAL,28.584556081898803,NORMAL,,INSUFFICIENT
BAJFINANCE,2023-03,16.22866210873941,NORMAL,26.57512378511282,NORMAL,,INSUFFICIENT,29.786042786224588,NORMAL,35.75350595334395,NORMAL,,INSUFFICIENT,29.741261429898348,NORMAL,34.60370963665493,NORMAL,,INSUFFICIENT
BAJFINANCE,2024-03,27.259405758095312,NORMAL,24.352642739542006,NORMAL,,INSUFFICIENT,48.41981202939976,NORMAL,29.323134825979015,NORMAL,,INSUFFICIENT,47.23498631055778,NORMAL,27.5561392815338,NORMAL,,INSUFFICIENT
BANKBARODA,2013-03,,INSUFFICIENT,,INSUFFICIENT,,INSUFFICIENT,,INSUFFICIENT,,INSUFFICIENT,,INSUFFICIENT,,INSUFFICIENT,,INSUFFICIENT,,INSUFFICIENT
BANKBARODA,2014-03,,INSUFFICIENT,,INSUFFICIENT,,INSUFFICIENT,,INSUFFICIENT,,INSUFFICIENT,,INSUFFICIENT,,INSUFFICIENT,,INSUFFICIENT,,INSUFFICIENT
BANKBARODA,2015-03,,INSUFFICIENT,,INSUFFICIENT,,INSUFFICIENT,,INSUFFICIENT,,INSUFFICIENT,,INSUFFICIENT,,INSUFFICIENT,,INSUFFICIENT,,INSUFFICIENT
BANKBARODA,2016-03,7.915691324568752,NORMAL,,INSUFFICIENT,,INSUFFICIENT,,DECLINE_TO_LOSS,,INSUFFICIENT,,INSUFFICIENT,,DECLINE_TO_LOSS,,INSUFFICIENT,,INSUFFICIENT
BANKBARODA,2017-03,3.1999410378006132,NORMAL,,INSUFFICIENT,,INSUFFICIENT,-28.316467717502725,NORMAL,,INSUFFICIENT,,INSUFFICIENT,-29.67322261660813,NORMAL,,INSUFFICIENT,,INSUFFICIENT
BANKBARODA,2018-03,0.8397137390901088,NORMAL,4.794092847280318,NORMAL,,INSUFFICIENT,,DECLINE_TO_LOSS,,DECLINE_TO_LOSS,,INSUFFICIENT,,DECLINE_TO_LOSS,,DECLINE_TO_LOSS,,INSUFFICIENT
BANKBARODA,2019-03,4.9259662751175215,NORMAL,5.50896667929075,NORMAL,,INSUFFICIENT,,TURNAROUND,-25.36843206737871,NORMAL,,INSUFFICIENT,,TURNAROUND,-29.51991307003312,NORMAL,,INSUFFICIENT
BANKBARODA,2020-03,21.055451361047428,NORMAL,11.92616288690813,NORMAL,,INSUFFICIENT,-19.13231120017117,NORMAL,-24.314204084211188,NORMAL,,INSUFFICIENT,-37.00394750525634,NORMAL,-35.56059850227457,NORMAL,,INSUFFICIENT
BANKBARODA,2021-03,17.290131688095723,NORMAL,10.16481983224744,NORMAL,,INSUFFICIENT,,TURNAROUND,,TURNAROUND,,INSUFFICIENT,,TURNAROUND,,TURNAROUND,,INSUFFICIENT
BANKBARODA,2022-03,11.52377382660912,NORMAL,10.535600363888875,NORMAL,,INSUFFICIENT,89.48709364432959,NORMAL,33.726878745525866,NORMAL,,INSUFFICIENT,55.36162529769293,NORMAL,13.396657763302722,NORMAL,,INSUFFICIENT
BANKBARODA,2023-03,6.201839296583267,NORMAL,15.460085773662335,NORMAL,9.99788611023451,NORMAL,148.23079839806036,NORMAL,,TURNAROUND,12.005120969095318,NORMAL,143.84994805366566,NORMAL,,TURNAROUND,2.3450909293078803,NORMAL
BANKBARODA,2024-03,16.788839489625307,NORMAL,17.477297665890944,NORMAL,11.33242243391459,NORMAL,126.679000994827,NORMAL,74.50588066551305,NORMAL,14.121196486586761,NORMAL,128.94284851066638,NORMAL,55.18455739153598,NORMAL,4.582126078713333,NORMAL
BEL,2013-03,,INSUFFICIENT,,INSUFFICIENT,,INSUFFICIENT,,INSUFFICIENT,,INSUFFICIENT,,INSUFFICIENT,,INSUFFICIENT,,INSUFFICIENT,,INSUFFICIENT
BEL,2014-03,,INSUFFICIENT,,INSUFFICIENT,,INSUFFICIENT,,INSUFFICIENT,,INSUFFICIENT,,INSUFFICIENT,,INSUFFICIENT,,INSUFFICIENT,,INSUFFICIENT
BEL,2015-03,,INSUFFICIENT,,INSUFFICIENT,,INSUFFICIENT,,INSUFFICIENT,,INSUFFICIENT,,INSUFFICIENT,,INSUFFICIENT,,INSUFFICIENT,,INSUFFICIENT
BEL,2016-03,5.442601569598193,NORMAL,,INSUFFICIENT,,INSUFFICIENT,13.641688204753134,NORMAL,,INSUFFICIENT,,INSUFFICIENT,25.99210498948732,NORMAL,,INSUFFICIENT,,INSUFFICIENT
BEL,2017-03,9.917699553493264,NORMAL,,INSUFFICIENT,,INSUFFICIENT,16.95559022577564,NORMAL,,INSUFFICIENT,,INSUFFICIENT,25.99210498948732,NORMAL,,INSUFFICIENT,,INSUFFICIENT
BEL,2018-03,13.609603856628038,NORMAL,10.641985771580508,NORMAL,,INSUFFICIENT,6.132524460899758,NORMAL,9.452138507365305,NORMAL,,INSUFFICIENT,0.0,NORMAL,14.869835499703509,NORMAL,,INSUFFICIENT
BEL,2019-03,18.263554701554696,NORMAL,13.290217628332757,NORMAL,,INSUFFICIENT,12.170889633500014,NORMAL,14.663974255941326,NORMAL,,INSUFFICIENT,14.471424255333186,NORMAL,24.57309396155174,NORMAL,,INSUFFICIENT
BEL,2020-03,14.42438442087881,NORMAL,12.825848528166572,NORMAL,,INSUFFICIENT,6.215440643406667,NORMAL,8.801214612767193,NORMAL,,INSUFFICIENT,14.471424255333186,NORMAL,8.447177119769854,NORMAL,,INSUFFICIENT
BEL,2021-03,10.69815409586161,NORMAL,13.918569182308293,NORMAL,,INSUFFICIENT,13.638777662966838,NORMAL,9.450456554239306,NORMAL,,INSUFFICIENT,14.471424255333186,NORMAL,8.447177119769854,NORMAL,,INSUFFICIENT
BEL,2022-03,8.10529845964616,NORMAL,12.165687034629169,NORMAL,,INSUFFICIENT,8.34605775641557,NORMAL,9.522227407124007,NORMAL,,INSUFFICIENT,0.0,NORMAL,8.447177119769854,NORMAL,,INSUFFICIENT
BEL,2023-03,10.996998251001887,NORMAL,11.261861446362742,NORMAL,10.951490711337563,NORMAL,17.835363227993795,NORMAL,15.848398363764948,NORMAL,12.604861989024418,NORMAL,10.064241629820891,NORMAL,14.869835499703509,NORMAL,14.869835499703509,NORMAL
BEL,2024-03,12.8335418079377,NORMAL,10.7508063318833,NORMAL,12.01331595775741,NORMAL,23.80447523322802,NORMAL,16.12648618019128,NORMAL,15.392913221732885,NORMAL,18.56311014966876,NORMAL,10.756634324829006,NORMAL,17.461894308801895,NORMAL
BHARTIARTL,2013-03,,INSUFFICIENT,,INSUFFICIENT,,INSUFFICIENT,,INSUFFICIENT,,INSUFFICIENT,,INSUFFICIENT,,INSUFFICIENT,,INSUFFICIENT,,INSUFFICIENT
BHARTIARTL,2014-03,,INSUFFICIENT,,INSUFFICIENT,,INSUFFICIENT,,INSUFFICIENT,,INSUFFICIENT,,INSUFFICIENT,,INSUFFICIENT,,INSUFFICIENT,,INSUFFICIENT
BHARTIARTL,2015-03,,INSUFFICIENT,,INSUFFICIENT,,INSUFFICIENT,,INSUFFICIENT,,INSUFFICIENT,,INSUFFICIENT,,INSUFFICIENT,,INSUFFICIENT,,INSUFFICIENT
BHARTIARTL,2016-03,7.851586337125016,NORMAL,,INSUFFICIENT,,INSUFFICIENT,44.872377079381856,NORMAL,,INSUFFICIENT,,INSUFFICIENT,40.10196653276936,NORMAL,,INSUFFICIENT,,INSUFFICIENT
BHARTIARTL,2017-03,3.5974111412192533,NORMAL,,INSUFFICIENT,,INSUFFICIENT,11.99579574252343,NORMAL,,INSUFFICIENT,,INSUFFICIENT,11.868894208139679,NORMAL,,INSUFFICIENT,,INSUFFICIENT
BHARTIARTL,2018-03,-4.906160644047541,NORMAL,1.4375315360475094,NORMAL,,INSUFFICIENT,-24.367040262771646,NORMAL,-0.7432107013407907,NORMAL,,INSUFFICIENT,-37.00394750525634,NORMAL,-12.944943670387588,NORMAL,,INSUFFICIENT
BHARTIARTL,2019-03,-5.765300888720882,NORMAL,-1.2132844043885815,NORMAL,,INSUFFICIENT,-37.436449378944836,NORMAL,-10.97707373184763,NORMAL,,INSUFFICIENT,-55.03556869773908,NORMAL,-27.522033632230446,NORMAL,,INSUFFICIENT
BHARTIARTL,2020-03,-2.8488560183098643,NORMAL,-1.8489986111363321,NORMAL,,INSUFFICIENT,,DECLINE_TO_LOSS,,DECLINE_TO_LOSS,,INSUFFICIENT,,DECLINE_TO_LOSS,,DECLINE_TO_LOSS,,INSUFFICIENT
BHARTIARTL,2021-03,6.781003574142641,NORMAL,0.832178134357231,NORMAL,,INSUFFICIENT,,DECLINE_TO_LOSS,,DECLINE_TO_LOSS,,INSUFFICIENT,,DECLINE_TO_LOSS,,DECLINE_TO_LOSS,,INSUFFICIENT
BHARTIARTL,2022-03,12.996697315028772,NORMAL,4.070742937881411,NORMAL,,INSUFFICIENT,70.08097292131974,NORMAL,14.386368628705505,NORMAL,,INSUFFICIENT,91.29311827723889,NORMAL,0.0,NORMAL,,INSUFFICIENT
BHARTIARTL,2023-03,16.704788167661476,NORMAL,10.983012843154238,NORMAL,6.1029823579102915,NORMAL,,TURNAROUND,41.26632421161504,NORMAL,18.41301354694236,NORMAL,,TURNAROUND,49.62778697388448,NORMAL,14.130869721941398,NORMAL
BHARTIARTL,2024-03,14.232767250604962,NORMAL,13.17410230151459,NORMAL,5.735981845577776,NORMAL,,TURNAROUND,38.35662769365473,NORMAL,10.981583453663312,NORMAL,,TURNAROUND,67.02776523348103,NORMAL,10.026509310601806,NORMAL
BHEL,2013-03,,INSUFFICIENT,,INSUFFICIENT,,INSUFFICIENT,,INSUFFICIENT,,INSUFFICIENT,,INSUFFICIENT,,INSUFFICIENT,,INSUFFICIENT,,INSUFFICIENT
BHEL,2014-03,,INSUFFICIENT,,INSUFFICIENT,,INSUFFICIENT,,INSUFFICIENT,,INSUFFICIENT,,INSUFFICIENT,,INSUFFICIENT,,INSUFFICIENT,,INSUFFICIENT
BHEL,2015-03,,INSUFFICIENT,,INSUFFICIENT,,INSUFFICIENT,,INSUFFICIENT,,INSUFFICIENT,,INSUFFICIENT,,INSUFFICIENT,,INSUFFICIENT,,INSUFFICIENT
BHEL,2016-03,-19.506043397221706,NORMAL,,INSUFFICIENT,,INSUFFICIENT,,DECLINE_TO_LOSS,,INSUFFICIENT,,INSUFFICIENT,,DECLINE_TO_LOSS,,INSUFFICIENT,,INSUFFICIENT
BHEL,2017-03,-10.391754152786836,NORMAL,,INSUFFICIENT,,INSUFFICIENT,-49.35167527194153,NORMAL,,INSUFFICIENT,,INSUFFICIENT,-53.5841116638722,NORMAL,,INSUFFICIENT,,INSUFFICIENT
BHEL,2018-03,-2.730048527751461,NORMAL,-10.031021577165578,NORMAL,,INSUFFICIENT,-32.90316478648266,NORMAL,-42.034357088019405,NORMAL,,INSUFFICIENT,-37.00394750525634,NORMAL,-43.90224272769003,NORMAL,,INSUFFICIENT
BHEL,2019-03,6.074549439943477,NORMAL,-5.106092359144476,NORMAL,,INSUFFICIENT,,TURNAROUND,-22.140732070101976,NORMAL,,INSUFFICIENT,,TURNAROUND,-21.39969144033772,NORMAL,,INSUFFICIENT
BHEL,2020-03,-8.982183537683975,NORMAL,-7.281709644490064,NORMAL,,INSUFFICIENT,,DECLINE_TO_LOSS,,DECLINE_TO_LOSS,,INSUFFICIENT,,DECLINE_TO_LOSS,,DECLINE_TO_LOSS,,INSUFFICIENT
BHEL,2021-03,-15.635932607895409,NORMAL,-7.460035190816505,NORMAL,,INSUFFICIENT,,DECLINE_TO_LOSS,,BOTH_NEGATIVE,,INSUFFICIENT,,DECLINE_TO_LOSS,,BOTH_NEGATIVE,,INSUFFICIENT
BHEL,2022-03,-11.345508538118265,NORMAL,-5.713396543974669,NORMAL,,INSUFFICIENT,-23.70476240543862,NORMAL,-0.4434764618247544,NORMAL,,INSUFFICIENT,-30.663872564936533,NORMAL,0.0,NORMAL,,INSUFFICIENT
BHEL,2023-03,2.870721679757926,NORMAL,-4.114427094959572,NORMAL,-7.1198242908924065,NORMAL,,TURNAROUND,8.347957212397228,NORMAL,-20.75065301205081,NORMAL,,TURNAROUND,14.869835499703509,NORMAL,-19.72584382397693,NORMAL
BHEL,2024-03,11.343850250620191,NORMAL,-4.728642461606237,NORMAL,-4.917554706101179,NORMAL,,TURNAROUND,-22.397399063784775,NORMAL,-22.269171506089446,NORMAL,,TURNAROUND,-19.72584382397693,NORMAL,-20.567176527571853,NORMAL
BOSCHLTD,2012-12,,INSUFFICIENT,,INSUFFICIENT,,INSUFFICIENT,,INSUFFICIENT,,INSUFFICIENT,,INSUFFICIENT,,INSUFFICIENT,,INSUFFICIENT,,INSUFFICIENT
BOSCHLTD,2013-12,,INSUFFICIENT,,INSUFFICIENT,,INSUFFICIENT,,INSUFFICIENT,,INSUFFICIENT,,INSUFFICIENT,,INSUFFICIENT,,INSUFFICIENT,,INSUFFICIENT
BOSCHLTD,2015-03,11.756197564495686,NORMAL,,INSUFFICIENT,,INSUFFICIENT,11.779853164283693,NORMAL,,INSUFFICIENT,,INSUFFICIENT,11.781496598963482,NORMAL,,INSUFFICIENT,,INSUFFICIENT
BOSCHLTD,2016-03,3.4714142221992095,NORMAL,,INSUFFICIENT,,INSUFFICIENT,20.04497163547747,NORMAL,,INSUFFICIENT,,INSUFFICIENT,20.057760478004383,NORMAL,,INSUFFICIENT,,INSUFFICIENT
BOSCHLTD,2017-03,,INSUFFICIENT,3.8018139072513613,NORMAL,,INSUFFICIENT,,INSUFFICIENT,12.690330450758491,NORMAL,,INSUFFICIENT,,INSUFFICIENT,13.322201587615812,NORMAL,,INSUFFICIENT
BOSCHLTD,2018-03,-1.1043231666079123,NORMAL,5.947772982224109,NORMAL,,INSUFFICIENT,0.8154548301936515,NORMAL,9.148767692870585,NORMAL,,INSUFFICIENT,1.768236131730827,NORMAL,9.748715646467021,NORMAL,,INSUFFICIENT
BOSCHLTD,2019-03,7.599449661750524,NORMAL,,INSUFFICIENT,,INSUFFICIENT,1.4379650178992343,NORMAL,,INSUFFICIENT,,INSUFFICIENT,3.560265421194453,NORMAL,,INSUFFICIENT,,INSUFFICIENT
BOSCHLTD,2020-03,-1.9313261698648332,NORMAL,-4.024550643795177,NORMAL,,INSUFFICIENT,-27.993528732300355,NORMAL,-13.445141915487591,NORMAL,,INSUFFICIENT,-27.191412056938557,NORMAL,-12.380127608015801,NORMAL,,INSUFFICIENT
BOSCHLTD,2021-03,-5.972664847754272,NORMAL,0.03502339184950909,NORMAL,,INSUFFICIENT,-29.421916510094114,NORMAL,-20.63767736148925,NORMAL,,INSUFFICIENT,-28.51759281870414,NORMAL,-19.59467620227703,NORMAL,,INSUFFICIENT
BOSCHLTD,2022-03,-0.8428304683377297,NORMAL,2.457867623757859,NORMAL,3.1276515218644274,NORMAL,-8.67887189756631,NORMAL,-6.911000758334218,NORMAL,2.4218242655037026,NORMAL,-8.662261361177437,NORMAL,-6.240552564879998,NORMAL,3.0777716240807163,NORMAL
BOSCHLTD,2023-03,14.898877471848504,NORMAL,5.013042518514266,NORMAL,5.4793723385013315,NORMAL,29.876988781938806,NORMAL,0.761472818233444,NORMAL,4.871304888557848,NORMAL,29.96951051154666,NORMAL,1.470583543386672,NORMAL,5.528509038004592,NORMAL
BOSCHLTD,2024-03,19.843289373663996,NORMAL,6.717165240230294,NORMAL,,INSUFFICIENT,72.86912600423906,NORMAL,9.275930793686072,NORMAL,,INSUFFICIENT,72.64984767834024,NORMAL,9.261870727688626,NORMAL,,INSUFFICIENT
BPCL,2013-03,,INSUFFICIENT,,INSUFFICIENT,,INSUFFICIENT,,INSUFFICIENT,,INSUFFICIENT,,INSUFFICIENT,,INSUFFICIENT,,INSUFFICIENT,,INSUFFICIENT
BPCL,2014-03,,INSUFFICIENT,,INSUFFICIENT,,INSUFFICIENT,,INSUFFICIENT,,INSUFFICIENT,,INSUFFICIENT,,INSUFFICIENT,,INSUFFICIENT,,INSUFFICIENT
BPCL,2015-03,,INSUFFICIENT,,INSUFFICIENT,,INSUFFICIENT,,INSUFFICIENT,,INSUFFICIENT,,INSUFFICIENT,,INSUFFICIENT,,INSUFFICIENT,,INSUFFICIENT
BPCL,2016-03,-8.125130441690553,NORMAL,,INSUFFICIENT,,INSUFFICIENT,61.063263325742035,NORMAL,,INSUFFICIENT,,INSUFFICIENT,68.09877033994816,NORMAL,,INSUFFICIENT,,INSUFFICIENT
BPCL,2017-03,-8.697913757319132,NORMAL,,INSUFFICIENT,,INSUFFICIENT,32.86858095089975,NORMAL,,INSUFFICIENT,,INSUFFICIENT,30.49558803896213,NORMAL,,INSUFFICIENT,,INSUFFICIENT
BPCL,2018-03,-0.9296174792989831,NORMAL,-0.5245909845212227,NORMAL,,INSUFFICIENT,24.435867944989887,NORMAL,38.29077496476137,NORMAL,,INSUFFICIENT,24.053456597035684,NORMAL,39.32590113656098,NORMAL,,INSUFFICIENT
BPCL,2019-03,16.66441552978377,NORMAL,2.4353632952422766,NORMAL,,INSUFFICIENT,1.777267171421748,NORMAL,16.041709361898416,NORMAL,,INSUFFICIENT,-1.7860974765877446,NORMAL,14.869835499703509,NORMAL,,INSUFFICIENT
BPCL,2020-03,12.24096012267224,NORMAL,3.2430889943381613,NORMAL,,INSUFFICIENT,-27.2136979143179,NORMAL,-6.3233050093329135,NORMAL,,INSUFFICIENT,-29.527012679351085,NORMAL,-8.643159600651407,NORMAL,,INSUFFICIENT
BPCL,2021-03,-0.8154662147614067,NORMAL,4.151149125733,NORMAL,,INSUFFICIENT,20.9368987670137,NORMAL,16.447618328103108,NORMAL,,INSUFFICIENT,20.779754665705475,NORMAL,14.258791065592158,NORMAL,,INSUFFICIENT
BPCL,2022-03,5.157625621144435,NORMAL,11.497711669326293,NORMAL,,INSUFFICIENT,11.059744514853453,NORMAL,4.206483725471477,NORMAL,,INSUFFICIENT,14.471424255333186,NORMAL,6.185875879493463,NORMAL,,INSUFFICIENT
BPCL,2023-03,18.471406963773383,NORMAL,14.93778243741344,NORMAL,6.927465691906365,NORMAL,-16.542828239744654,NORMAL,-26.28728474954628,NORMAL,0.9642932760985046,NORMAL,-10.609646490343238,NORMAL,-24.950095849989562,NORMAL,2.256518256357287,NORMAL
BPCL,2024-03,24.863629368132333,NORMAL,8.483226324685255,NORMAL,5.4159319078910695,NORMAL,15.748130122124548,NORMAL,25.790698729746552,NORMAL,20.817911347727637,NORMAL,18.776353612992548,NORMAL,28.063048802615654,NORMAL,21.28718543006496,NORMAL
BRITANNIA,2013-03,,INSUFFICIENT,,INSUFFICIENT,,INSUFFICIENT,,INSUFFICIENT,,INSUFFICIENT,,INSUFFICIENT,,INSUFFICIENT,,INSUFFICIENT,,INSUFFICIENT
BRITANNIA,2014-03,,INSUFFICIENT,,INSUFFICIENT,,INSUFFICIENT,,INSUFFICIENT,,INSUFFICIENT,,INSUFFICIENT,,INSUFFICIENT,,INSUFFICIENT,,INSUFFICIENT
BRITANNIA,2015-03,,INSUFFICIENT,,INSUFFICIENT,,INSUFFICIENT,,INSUFFICIENT,,INSUFFICIENT,,INSUFFICIENT,,INSUFFICIENT,,INSUFFICIENT,,INSUFFICIENT
BRITANNIA,2016-03,10.72902684227348,NORMAL,,INSUFFICIENT,,INSUFFICIENT,46.94682271518167,NORMAL,,INSUFFICIENT,,INSUFFICIENT,45.66730228453515,NORMAL,,INSUFFICIENT,,INSUFFICIENT
BRITANNIA,2017-03,9.410241779912521,NORMAL,,INSUFFICIENT,,INSUFFICIENT,30.852510213081352,NORMAL,,INSUFFICIENT,,INSUFFICIENT,32.2393118173552,NORMAL,,INSUFFICIENT,,INSUFFICIENT
BRITANNIA,2018-03,8.05518967852381,NORMAL,9.89598908908318,NORMAL,,INSUFFICIENT,13.371744744234814,NORMAL,31.02436782517264,NORMAL,,INSUFFICIENT,13.140240479934251,NORMAL,30.72881395893534,NORMAL,,INSUFFICIENT
BRITANNIA,2019-03,9.600246583125415,NORMAL,9.844530773501937,NORMAL,,INSUFFICIENT,11.868894208139679,NORMAL,23.93585800247959,NORMAL,,INSUFFICIENT,12.181378776036711,NORMAL,24.57309396155174,NORMAL,,INSUFFICIENT
BRITANNIA,2020-03,8.610671725493635,NORMAL,8.100870936901284,NORMAL,,INSUFFICIENT,16.351816432833054,NORMAL,15.135356589751225,NORMAL,,INSUFFICIENT,16.165033811172403,NORMAL,14.869835499703509,NORMAL,,INSUFFICIENT
BRITANNIA,2021-03,9.834322396201545,NORMAL,9.362340796469915,NORMAL,,INSUFFICIENT,22.618943154319982,NORMAL,17.54130118103776,NORMAL,,INSUFFICIENT,22.39034103416604,NORMAL,17.761237717688783,NORMAL,,INSUFFICIENT
BRITANNIA,2022-03,8.539861530779703,NORMAL,9.319392415225236,NORMAL,,INSUFFICIENT,9.489483155671108,NORMAL,11.365632023060845,NORMAL,,INSUFFICIENT,9.487978497197226,NORMAL,11.23149262024683,NORMAL,,INSUFFICIENT
BRITANNIA,2023-03,12.008784937237893,NORMAL,10.456954960245657,NORMAL,10.176115002864883,NORMAL,18.438235084879718,NORMAL,18.195507150242562,NORMAL,24.444733131363193,NORMAL,18.28992229188444,NORMAL,17.978912471277987,NORMAL,24.190351072598283,NORMAL
BRITANNIA,2024-03,8.479583308976203,NORMAL,8.690023727476138,NORMAL,9.265752439203956,NORMAL,4.856654873228505,NORMAL,13.063515827454196,NORMAL,18.37492911445593,NORMAL,4.946129761743845,NORMAL,13.14353769849137,NORMAL,18.720851381956226,NORMAL
CANBK,2013-03,,INSUFFICIENT,,INSUFFICIENT,,INSUFFICIENT,,INSUFFICIENT,,INSUFFICIENT,,INSUFFICIENT,,INSUFFICIENT,,INSUFFICIENT,,INSUFFICIENT
CANBK,2014-03,,INSUFFICIENT,,INSUFFICIENT,,INSUFFICIENT,,INSUFFICIENT,,INSUFFICIENT,,INSUFFICIENT,,INSUFFICIENT,,INSUFFICIENT,,INSUFFICIENT
CANBK,2015-03,,INSUFFICIENT,,INSUFFICIENT,,INSUFFICIENT,,INSUFFICIENT,,INSUFFICIENT,,INSUFFICIENT,,INSUFFICIENT,,INSUFFICIENT,,INSUFFICIENT
CANBK,2016-03,8.93190661755634,NORMAL,,INSUFFICIENT,,INSUFFICIENT,,DECLINE_TO_LOSS,,INSUFFICIENT,,INSUFFICIENT,,DECLINE_TO_LOSS,,INSUFFICIENT,,INSUFFICIENT
CANBK,2017-03,1.5649690307792952,NORMAL,,INSUFFICIENT,,INSUFFICIENT,-19.17168599050957,NORMAL,,INSUFFICIENT,,INSUFFICIENT,-20.62994740159002,NORMAL,,INSUFFICIENT,,INSUFFICIENT
CANBK,2018-03,-1.9140803802695672,NORMAL,3.9465722412666437,NORMAL,,INSUFFICIENT,,DECLINE_TO_LOSS,,DECLINE_TO_LOSS,,INSUFFICIENT,,DECLINE_TO_LOSS,,DECLINE_TO_LOSS,,INSUFFICIENT
CANBK,2019-03,2.8774221235335684,NORMAL,3.9169337588697672,NORMAL,,INSUFFICIENT,,TURNAROUND,-23.589233339154912,NORMAL,,INSUFFICIENT,,TURNAROUND,-27.522033632230446,NORMAL,,INSUFFICIENT
CANBK,2020-03,6.273403814844825,NORMAL,2.5778826660805887,NORMAL,,INSUFFICIENT,,DECLINE_TO_LOSS,,DECLINE_TO_LOSS,,INSUFFICIENT,,DECLINE_TO_LOSS,,DECLINE_TO_LOSS,,INSUFFICIENT
CANBK,2021-03,19.329354886811934,NORMAL,9.79068258124791,NORMAL,,INSUFFICIENT,,TURNAROUND,,TURNAROUND,,INSUFFICIENT,,TURNAROUND,,TURNAROUND,,INSUFFICIENT
CANBK,2022-03,13.770861896859676,NORMAL,11.239387352854724,NORMAL,,INSUFFICIENT,106.82838857172712,NORMAL,34.27109608133916,NORMAL,,INSUFFICIENT,51.82944859378311,NORMAL,6.9610375725068785,NORMAL,,INSUFFICIENT
CANBK,2023-03,19.954135564657104,NORMAL,15.744100651185388,NORMAL,9.686838407526732,NORMAL,,TURNAROUND,,TURNAROUND,14.245937899779392,NORMAL,,TURNAROUND,,TURNAROUND,0.0,NORMAL
CANBK,2024-03,16.302939300232524,NORMAL,18.17561078322378,NORMAL,10.817178802179583,NORMAL,73.3401622666352,NORMAL,85.7752850068174,NORMAL,19.14374492187123,NORMAL,61.980590063874175,NORMAL,53.4206382524911,NORMAL,5.449589185476622,NORMAL
CHOLAFIN,2013-03,,INSUFFICIENT,,INSUFFICIENT,,INSUFFICIENT,,INSUFFICIENT,,INSUFFICIENT,,INSUFFICIENT,,INSUFFICIENT,,INSUFFICIENT,,INSUFFICIENT
CHOLAFIN,2014-03,,INSUFFICIENT,,INSUFFICIENT,,INSUFFICIENT,,INSUFFICIENT,,INSUFFICIENT,,INSUFFICIENT,,INSUFFICIENT,,INSUFFICIENT,,INSUFFICIENT
CHOLAFIN,2015-03,,INSUFFICIENT,,INSUFFICIENT,,INSUFFICIENT,,INSUFFICIENT,,INSUFFICIENT,,INSUFFICIENT,,INSUFFICIENT,,INSUFFICIENT,,INSUFFICIENT
CHOLAFIN,2016-03,17.919909166890392,NORMAL,,INSUFFICIENT,,INSUFFICIENT,23.13240895422275,NORMAL,,INSUFFICIENT,,INSUFFICIENT,20.507113208761506,NORMAL,,INSUFFICIENT,,INSUFFICIENT
CHOLAFIN,2017-03,12.702588162430374,NORMAL,,INSUFFICIENT,,INSUFFICIENT,24.956506607484098,NORMAL,,INSUFFICIENT,,INSUFFICIENT,21.644039911467992,NORMAL,,INSUFFICIENT,,INSUFFICIENT
CHOLAFIN,2018-03,14.378909594135635,NORMAL,16.68437656235511,NORMAL,,INSUFFICIENT,27.39525047802285,NORMAL,24.410888861750912,NORMAL,,INSUFFICIENT,25.99210498948732,NORMAL,24.57309396155174,NORMAL,,INSUFFICIENT
CHOLAFIN,2019-03,19.037636667595194,NORMAL,16.735030332037514,NORMAL,,INSUFFICIENT,27.685653013303746,NORMAL,26.604536128351008,NORMAL,,INSUFFICIENT,28.923198938929808,NORMAL,24.57309396155174,NORMAL,,INSUFFICIENT
CHOLAFIN,2020-03,22.892372097966685,NORMAL,18.58556025181821,NORMAL,,INSUFFICIENT,13.650684444854754,NORMAL,18.875273229313038,NORMAL,,INSUFFICIENT,13.040381433805548,NORMAL,16.723531932969316,NORMAL,,INSUFFICIENT
CHOLAFIN,2021-03,19.90434970135473,NORMAL,17.858630778154506,NORMAL,,INSUFFICIENT,18.330176130931108,NORMAL,21.476500952977506,NORMAL,,INSUFFICIENT,16.553177619681136,NORMAL,22.104343283362393,NORMAL,,INSUFFICIENT
CHOLAFIN,2022-03,12.601544217953542,NORMAL,16.672223519677342,NORMAL,,INSUFFICIENT,21.632747297226416,NORMAL,24.57309396155174,NORMAL,,INSUFFICIENT,20.123329994304417,NORMAL,23.636347834823447,NORMAL,,INSUFFICIENT
CHOLAFIN,2023-03,13.931622742085592,NORMAL,18.30709988146173,NORMAL,17.49293677735968,NORMAL,36.23400813306012,NORMAL,23.757322966390348,NORMAL,24.08367561206188,NORMAL,35.02127623583273,NORMAL,21.67286837864115,NORMAL,23.11444133449163,NORMAL
CHOLAFIN,2024-03,25.985530916686983,NORMAL,21.939164804975263,NORMAL,19.308726010179612,NORMAL,31.008346108097527,NORMAL,23.363417251672082,NORMAL,24.97347005007167,NORMAL,29.2240709727595,NORMAL,22.275238764557947,NORMAL,23.418818693862285,NORMAL
CIPLA,2013-03,,INSUFFICIENT,,INSUFFICIENT,,INSUFFICIENT,,INSUFFICIENT,,INSUFFICIENT,,INSUFFICIENT,,INSUFFICIENT,,INSUFFICIENT,,INSUFFICIENT
CIPLA,2014-03,,INSUFFICIENT,,INSUFFICIENT,,INSUFFICIENT,,INSUFFICIENT,,INSUFFICIENT,,INSUFFICIENT,,INSUFFICIENT,,INSUFFICIENT,,INSUFFICIENT
CIPLA,2015-03,,INSUFFICIENT,,INSUFFICIENT,,INSUFFICIENT,,INSUFFICIENT,,INSUFFICIENT,,INSUFFICIENT,,INSUFFICIENT,,INSUFFICIENT,,INSUFFICIENT
CIPLA,2016-03,18.539237100104767,NORMAL,,INSUFFICIENT,,INSUFFICIENT,-3.6249613007168002,NORMAL,,INSUFFICIENT,,INSUFFICIENT,-3.63963416490265,NORMAL,,INSUFFICIENT,,INSUFFICIENT
CIPLA,2017-03,12.264940697368477,NORMAL,,INSUFFICIENT,,INSUFFICIENT,-9.664646717181679,NORMAL,,INSUFFICIENT,,INSUFFICIENT,-8.55397960832336,NORMAL,,INSUFFICIENT,,INSUFFICIENT
CIPLA,2018-03,10.135340493175015,NORMAL,12.855139726348241,NORMAL,,INSUFFICIENT,4.859066982791882,NORMAL,-1.7147666072381607,NORMAL,,INSUFFICIENT,6.265856918261115,NORMAL,-1.075518913431428,NORMAL,,INSUFFICIENT
CIPLA,2019-03,5.866212045685026,NORMAL,9.970821360334714,NORMAL,,INSUFFICIENT,2.5609923598450823,NORMAL,1.2232653529579363,NORMAL,,INSUFFICIENT,3.777107043295369,NORMAL,2.2494394759551506,NORMAL,,INSUFFICIENT
CIPLA,2020-03,5.97632515203157,NORMAL,8.59272043765662,NORMAL,,INSUFFICIENT,13.16626169531354,NORMAL,4.065763588348226,NORMAL,,INSUFFICIENT,13.48455252486973,NORMAL,4.841317128472156,NORMAL,,INSUFFICIENT
CIPLA,2021-03,8.127701053705326,NORMAL,6.798769202186472,NORMAL,,INSUFFICIENT,19.018763267593442,NORMAL,11.552368035502859,NORMAL,,INSUFFICIENT,18.56311014966876,NORMAL,12.030033714161736,NORMAL,,INSUFFICIENT
CIPLA,2022-03,9.975038978825479,NORMAL,8.6194133222254,NORMAL,,INSUFFICIENT,19.5143463606968,NORMAL,19.734062761097903,NORMAL,,INSUFFICIENT,17.7251803114417,NORMAL,18.98265847516061,NORMAL,,INSUFFICIENT
CIPLA,2023-03,9.920037285750482,NORMAL,8.465298065352634,NORMAL,10.638448871201112,NORMAL,23.60947783147771,NORMAL,14.861727803723523,NORMAL,6.250702233372785,NORMAL,22.585230441425352,NORMAL,14.224458489960767,NORMAL,6.299554484078906,NORMAL
CIPLA,2024-03,10.389755935227928,NORMAL,9.513860126378049,NORMAL,9.74210289783317,NORMAL,20.249546582874324,NORMAL,22.726834848000887,NORMAL,11.457664472874352,NORMAL,19.348319192733697,NORMAL,21.832544608565986,NORMAL,11.612317403390438,NORMAL
COALINDIA,2013-03,,INSUFFICIENT,,INSUFFICIENT,,INSUFFICIENT,,INSUFFICIENT,,INSUFFICIENT,,INSUFFICIENT,,INSUFFICIENT,,INSUFFICIENT,,INSUFFICIENT
COALINDIA,2014-03,,INSUFFICIENT,,INSUFFICIENT,,INSUFFICIENT,,INSUFFICIENT,,INSUFFICIENT,,INSUFFICIENT,,INSUFFICIENT,,INSUFFICIENT,,INSUFFICIENT
COALINDIA,2015-03,,INSUFFICIENT,,INSUFFICIENT,,INSUFFICIENT,,INSUFFICIENT,,INSUFFICIENT,,INSUFFICIENT,,INSUFFICIENT,,INSUFFICIENT,,INSUFFICIENT
COALINDIA,2016-03,4.4624160180822825,NORMAL,,INSUFFICIENT,,INSUFFICIENT,-6.324143365636392,NORMAL,,INSUFFICIENT,,INSUFFICIENT,-5.204434004947823,NORMAL,,INSUFFICIENT,,INSUFFICIENT
COALINDIA,2017-03,3.4469336619301405,NORMAL,,INSUFFICIENT,,INSUFFICIENT,-15.002005832053067,NORMAL,,INSUFFICIENT,,INSUFFICIENT,-14.501202666165147,NORMAL,,INSUFFICIENT,,INSUFFICIENT
COALINDIA,2018-03,4.771413528224211,NORMAL,4.530928548191615,NORMAL,,INSUFFICIENT,-19.962924836338193,NORMAL,-16.516639196869278,NORMAL,,INSUFFICIENT,-20.62994740159002,NORMAL,-16.43858526219666,NORMAL,,INSUFFICIENT
COALINDIA,2019-03,8.549069216250338,NORMAL,7.119583581673816,NORMAL,,INSUFFICIENT,6.972058661920855,NORMAL,2.935304969734065,NORMAL,,INSUFFICIENT,6.776758314981257,NORMAL,3.131030647754507,NORMAL,,INSUFFICIENT
COALINDIA,2020-03,7.121194326442315,NORMAL,5.326952047804134,NORMAL,,INSUFFICIENT,21.634329363018388,NORMAL,3.9987615210192784,NORMAL,,INSUFFICIENT,21.644039911467992,NORMAL,4.180926810264429,NORMAL,,INSUFFICIENT
COALINDIA,2021-03,1.8360106747155491,NORMAL,2.9460281504197328,NORMAL,,INSUFFICIENT,21.751489196568773,NORMAL,-2.297002167365203,NORMAL,,INSUFFICIENT,24.053456597035684,NORMAL,-1.8029837629920942,NORMAL,,INSUFFICIENT
COALINDIA,2022-03,3.2815086004676752,NORMAL,7.016771822811507,NORMAL,,INSUFFICIENT,-0.16441738063914801,NORMAL,13.367968233078154,NORMAL,,INSUFFICIENT,0.0,NORMAL,13.29568106011707,NORMAL,,INSUFFICIENT
COALINDIA,2023-03,12.896239497965745,NORMAL,10.154316600646451,NORMAL,7.305792005171141,NORMAL,23.84712426047706,NORMAL,35.14033704685049,NORMAL,6.21661601057959,NORMAL,24.417038560574934,NORMAL,36.43384909521037,NORMAL,6.773617755135319,NORMAL
COALINDIA,2024-03,16.493956528516662,NORMAL,7.402890725901301,NORMAL,7.261143616999366,NORMAL,43.28908935217686,NORMAL,16.43231987118112,NORMAL,9.476008121750844,NORMAL,42.6823258428825,NORMAL,16.851518569430034,NORMAL,9.777126683205474,NORMAL
DABUR,2013-03,,INSUFFICIENT,,INSUFFICIENT,,INSUFFICIENT,,INSUFFICIENT,,INSUFFICIENT,,INSUFFICIENT,,INSUFFICIENT,,INSUFFICIENT,,INSUFFICIENT
DABUR,2014-03,,INSUFFICIENT,,INSUFFICIENT,,INSUFFICIENT,,INSUFFICIENT,,INSUFFICIENT,,INSUFFICIENT,,INSUFFICIENT,,INSUFFICIENT,,INSUFFICIENT
DABUR,2015-03,,INSUFFICIENT,,INSUFFICIENT,,INSUFFICIENT,,INSUFFICIENT,,INSUFFICIENT,,INSUFFICIENT,,INSUFFICIENT,,INSUFFICIENT,,INSUFFICIENT
DABUR,2016-03,8.210750375643494,NORMAL,,INSUFFICIENT,,INSUFFICIENT,17.857237047762297,NORMAL,,INSUFFICIENT,,INSUFFICIENT,20.507113208761506,NORMAL,,INSUFFICIENT,,INSUFFICIENT
DABUR,2017-03,2.5597781682390686,NORMAL,,INSUFFICIENT,,INSUFFICIENT,11.799063419577216,NORMAL,,INSUFFICIENT,,INSUFFICIENT,11.868894208139679,NORMAL,,INSUFFICIENT,,INSUFFICIENT
DABUR,2018-03,-0.3131454957696178,NORMAL,4.691708009656703,NORMAL,,INSUFFICIENT,8.336842147135126,NORMAL,12.133195884079996,NORMAL,,INSUFFICIENT,10.064241629820891,NORMAL,14.869835499703509,NORMAL,,INSUFFICIENT
DABUR,2019-03,3.0548301312460113,NORMAL,3.8246796218349033,NORMAL,,INSUFFICIENT,4.863315657703393,NORMAL,9.560640840459556,NORMAL,,INSUFFICIENT,4.551591714942038,NORMAL,9.856054330611785,NORMAL,,INSUFFICIENT
DABUR,2020-03,4.48460777800721,NORMAL,2.185845018699095,NORMAL,,INSUFFICIENT,4.196435936023768,NORMAL,6.277042883206563,NORMAL,,INSUFFICIENT,4.551591714942038,NORMAL,5.922384104881218,NORMAL,,INSUFFICIENT
DABUR,2021-03,7.3840173521868335,NORMAL,4.21106361296264,NORMAL,,INSUFFICIENT,7.6688259790842705,NORMAL,6.2122070007714525,NORMAL,,INSUFFICIENT,7.721734501594191,NORMAL,7.394092378577932,NORMAL,,INSUFFICIENT
DABUR,2022-03,8.542823643602704,NORMAL,7.417496175488059,NORMAL,,INSUFFICIENT,6.404489534023128,NORMAL,6.357381418513053,NORMAL,,INSUFFICIENT,7.721734501594191,NORMAL,7.394092378577932,NORMAL,,INSUFFICIENT
DABUR,2023-03,9.905601684338405,NORMAL,8.347751250887736,NORMAL,6.504042822142919,NORMAL,5.514444595179802,NORMAL,4.6070388976750865,NORMAL,8.304762515627996,NORMAL,7.721734501594191,NORMAL,4.563955259127317,NORMAL,9.595822638521723,NORMAL
DABUR,2024-03,9.061384362071356,NORMAL,7.814065037783324,NORMAL,5.800570703921659,NORMAL,2.231072252692079,NORMAL,4.604418961155621,NORMAL,7.053851757552976,NORMAL,0.0,NORMAL,4.563955259127317,NORMAL,7.177346253629313,NORMAL
DIVISLAB,2013-03,,INSUFFICIENT,,INSUFFICIENT,,INSUFFICIENT,,INSUFFICIENT,,INSUFFICIENT,,INSUFFICIENT,,INSUFFICIENT,,INSUFFICIENT,,INSUFFICIENT
DIVISLAB,2014-03,,INSUFFICIENT,,INSUFFICIENT,,INSUFFICIENT,,INSUFFICIENT,,INSUFFICIENT,,INSUFFICIENT,,INSUFFICIENT,,INSUFFICIENT,,INSUFFICIENT
DIVISLAB,2015-03,,INSUFFICIENT,,INSUFFICIENT,,INSUFFICIENT,,INSUFFICIENT,,INSUFFICIENT,,INSUFFICIENT,,INSUFFICIENT,,INSUFFICIENT,,INSUFFICIENT
DIVISLAB,2016-03,20.744742509307112,NORMAL,,INSUFFICIENT,,INSUFFICIENT,23.21038077884925,NORMAL,,INSUFFICIENT,,INSUFFICIENT,22.228876016833944,NORMAL,,INSUFFICIENT,,INSUFFICIENT
DIVISLAB,2017-03,17.083761391523545,NORMAL,,INSUFFICIENT,,INSUFFICIENT,11.09865223726969,NORMAL,,INSUFFICIENT,,INSUFFICIENT,11.315078730200367,NORMAL,,INSUFFICIENT,,INSUFFICIENT
DIVISLAB,2018-03,7.696368677144871,NORMAL,12.648856319282388,NORMAL,,INSUFFICIENT,0.9686771151561135,NORMAL,7.815355794198564,NORMAL,,INSUFFICIENT,1.0310005155547586,NORMAL,7.487316557532875,NORMAL,,INSUFFICIENT
DIVISLAB,2019-03,9.414288894577583,NORMAL,14.32944154477973,NORMAL,,INSUFFICIENT,6.313023305687548,NORMAL,11.846825067452894,NORMAL,,INSUFFICIENT,6.685884434218181,NORMAL,11.952664832522043,NORMAL,,INSUFFICIENT
DIVISLAB,2020-03,9.896977358448078,NORMAL,11.60677996581516,NORMAL,,INSUFFICIENT,9.112881508973846,NORMAL,10.077578947240639,NORMAL,,INSUFFICIENT,9.139288306110593,NORMAL,10.197228772148016,NORMAL,,INSUFFICIENT
DIVISLAB,2021-03,21.44223311901159,NORMAL,13.038840944248363,NORMAL,,INSUFFICIENT,31.274596324094418,NORMAL,11.995521268019417,NORMAL,,INSUFFICIENT,31.476794716464763,NORMAL,12.295510705682112,NORMAL,,INSUFFICIENT
DIVISLAB,2022-03,21.904002708703963,NORMAL,17.130733265194962,NORMAL,,INSUFFICIENT,29.816921151635988,NORMAL,22.799661357049537,NORMAL,,INSUFFICIENT,29.98182056186762,NORMAL,22.865967908314722,NORMAL,,INSUFFICIENT
DIVISLAB,2023-03,12.922578841015287,NORMAL,14.82551842034332,NORMAL,13.731980226848982,NORMAL,9.823925927162346,NORMAL,15.772403111787137,NORMAL,11.72306311879705,NORMAL,9.88757320151712,NORMAL,15.895621875417865,NORMAL,11.612317403390438,NORMAL
DIVISLAB,2024-03,4.025743333608478,NORMAL,9.664930361854074,NORMAL,11.972899602171317,NORMAL,-6.919343378939391,NORMAL,3.4104521925080844,NORMAL,7.545947187802726,NORMAL,-7.168223327744416,NORMAL,3.303780411393231,NORMAL,7.541310687238512,NORMAL
DLF,2013-03,,INSUFFICIENT,,INSUFFICIENT,,INSUFFICIENT,,INSUFFICIENT,,INSUFFICIENT,,INSUFFICIENT,,INSUFFICIENT,,INSUFFICIENT,,INSUFFICIENT
DLF,2014-03,,INSUFFICIENT,,INSUFFICIENT,,INSUFFICIENT,,INSUFFICIENT,,INSUFFICIENT,,INSUFFICIENT,,INSUFFICIENT,,INSUFFICIENT,,INSUFFICIENT
DLF,2015-03,,INSUFFICIENT,,INSUFFICIENT,,INSUFFICIENT,,INSUFFICIENT,,INSUFFICIENT,,INSUFFICIENT,,INSUFFICIENT,,INSUFFICIENT,,INSUFFICIENT
DLF,2016-03,8.491371914570411,NORMAL,,INSUFFICIENT,,INSUFFICIENT,-22.958510900340766,NORMAL,,INSUFFICIENT,,INSUFFICIENT,-20.62994740159002,NORMAL,,INSUFFICIENT,,INSUFFICIENT
DLF,2017-03,-0.3102731794761948,NORMAL,,INSUFFICIENT,,INSUFFICIENT,6.265856918261115,NORMAL,,INSUFFICIENT,,INSUFFICIENT,0.0,NORMAL,,INSUFFICIENT,,INSUFFICIENT
DLF,2018-03,-4.286202275682516,NORMAL,-2.906998321107812,NORMAL,,INSUFFICIENT,106.69329011366662,NORMAL,46.343100538026775,NORMAL,,INSUFFICIENT,102.74006651911334,NORMAL,44.26999059072136,NORMAL,,INSUFFICIENT
DLF,2019-03,-5.54001698972777,NORMAL,0.16336031000119267,NORMAL,,INSUFFICIENT,62.71659286874707,NORMAL,17.367720732531254,NORMAL,,INSUFFICIENT,44.22495703074083,NORMAL,8.447177119769854,NORMAL,,INSUFFICIENT
DLF,2020-03,-9.552259364271675,NORMAL,-4.478170646145219,NORMAL,,INSUFFICIENT,,DECLINE_TO_LOSS,,DECLINE_TO_LOSS,,INSUFFICIENT,,DECLINE_TO_LOSS,,DECLINE_TO_LOSS,,INSUFFICIENT
DLF,2021-03,-6.889931026027241,NORMAL,-11.417323931344514,NORMAL,,INSUFFICIENT,-37.69152518358227,NORMAL,28.844452220918914,NORMAL,,INSUFFICIENT,-45.71164766810186,NORMAL,14.869835499703509,NORMAL,,INSUFFICIENT
DLF,2022-03,-11.918755127707092,NORMAL,-7.007331825655971,NORMAL,,INSUFFICIENT,4.5117928562375065,NORMAL,16.20146415822752,NORMAL,,INSUFFICIENT,0.0,NORMAL,8.447177119769854,NORMAL,,INSUFFICIENT
DLF,2023-03,-2.1730221138701267,NORMAL,-3.2183360878788925,NORMAL,-3.062792196672204,NORMAL,,TURNAROUND,-14.597069972489107,NORMAL,11.795033768312324,NORMAL,,TURNAROUND,-20.37856588930055,NORMAL,7.177346253629313,NORMAL
DLF,2024-03,5.883921200220743,NORMAL,-5.136730668466605,NORMAL,-2.5227009697177505,NORMAL,35.99602527786225,NORMAL,15.697066513836644,NORMAL,16.52939969024585,NORMAL,40.10196653276936,NORMAL,12.888132073019754,NORMAL,10.645376106020565,NORMAL
DMART,2013-03,,INSUFFICIENT,,INSUFFICIENT,,INSUFFICIENT,,INSUFFICIENT,,INSUFFICIENT,,INSUFFICIENT,,INSUFFICIENT,,INSUFFICIENT,,INSUFFICIENT
DMART,2014-03,,INSUFFICIENT,,INSUFFICIENT,,INSUFFICIENT,,INSUFFICIENT,,INSUFFICIENT,,INSUFFICIENT,,INSUFFICIENT,,INSUFFICIENT,,INSUFFICIENT
DMART,2015-03,,INSUFFICIENT,,INSUFFICIENT,,INSUFFICIENT,,INSUFFICIENT,,INSUFFICIENT,,INSUFFICIENT,,INSUFFICIENT,,INSUFFICIENT,,INSUFFICIENT
DMART,2016-03,36.96336299080871,NORMAL,,INSUFFICIENT,,INSUFFICIENT,50.43216582443817,NORMAL,,INSUFFICIENT,,INSUFFICIENT,44.22495703074083,NORMAL,,INSUFFICIENT,,INSUFFICIENT
DMART,2017-03,36.42393122470193,NORMAL,,INSUFFICIENT,,INSUFFICIENT,43.82571635300643,NORMAL,,INSUFFICIENT,,INSUFFICIENT,38.672254870126935,NORMAL,,INSUFFICIENT,,INSUFFICIENT
DMART,2018-03,32.66073855395801,NORMAL,35.09330802455233,NORMAL,,INSUFFICIENT,56.074898184791344,NORMAL,53.68852326384979,NORMAL,,INSUFFICIENT,48.12480342036851,NORMAL,45.40611511009971,NORMAL,,INSUFFICIENT
DMART,2019-03,32.58150631646293,NORMAL,33.68025160547021,NORMAL,,INSUFFICIENT,41.25988653487156,NORMAL,41.148456152684474,NORMAL,,INSUFFICIENT,32.63524026321307,NORMAL,36.08221078587388,NORMAL,,INSUFFICIENT
DMART,2020-03,27.85977628773606,NORMAL,31.03022055295439,NORMAL,,INSUFFICIENT,39.52346751429516,NORMAL,43.743523788454674,NORMAL,,INSUFFICIENT,35.72088082974532,NORMAL,37.97296614612149,NORMAL,,INSUFFICIENT
DMART,2021-03,17.106731277796293,NORMAL,22.975983661653455,NORMAL,,INSUFFICIENT,10.888765910796415,NORMAL,27.98808551972234,NORMAL,,INSUFFICIENT,9.354129979287684,NORMAL,23.15712275705608,NORMAL,,INSUFFICIENT
DMART,2022-03,15.689939325502644,NORMAL,21.09055625089784,NORMAL,,INSUFFICIENT,18.264416994434573,NORMAL,25.512408056240243,NORMAL,,INSUFFICIENT,17.995813862247644,NORMAL,23.51723745192793,NORMAL,,INSUFFICIENT
DMART,2023-03,19.873879018861153,NORMAL,23.29934256671533,NORMAL,29.06167542919187,NORMAL,22.267636716311422,NORMAL,24.158186842927876,NORMAL,38.13648463388204,NORMAL,22.760102619214862,NORMAL,23.26837598530007,NORMAL,33.88045289717836,NORMAL
DMART,2024-03,28.132551951927297,NORMAL,20.48312440202782,NORMAL,26.91026114651347,NORMAL,32.144934169439935,NORMAL,22.96698996520703,NORMAL,31.744452601738082,NORMAL,31.88798361621814,NORMAL,22.740337821451305,NORMAL,29.23922207808318,NORMAL
DRREDDY,2013-03,,INSUFFICIENT,,INSUFFICIENT,,INSUFFICIENT,,INSUFFICIENT,,INSUFFICIENT,,INSUFFICIENT,,INSUFFICIENT,,INSUFFICIENT,,INSUFFICIENT
DRREDDY,2014-03,,INSUFFICIENT,,INSUFFICIENT,,INSUFFICIENT,,INSUFFICIENT,,INSUFFICIENT,,INSUFFICIENT,,INSUFFICIENT,,INSUFFICIENT,,INSUFFICIENT
DRREDDY,2015-03,,INSUFFICIENT,,INSUFFICIENT,,INSUFFICIENT,,INSUFFICIENT,,INSUFFICIENT,,INSUFFICIENT,,INSUFFICIENT,,INSUFFICIENT,,INSUFFICIENT
DRREDDY,2016-03,9.575296075369511,NORMAL,,INSUFFICIENT,,INSUFFICIENT,11.750155867638812,NORMAL,,INSUFFICIENT,,INSUFFICIENT,11.57215834702825,NORMAL,,INSUFFICIENT,,INSUFFICIENT
DRREDDY,2017-03,1.904126632236025,NORMAL,,INSUFFICIENT,,INSUFFICIENT,-13.014391739579755,NORMAL,,INSUFFICIENT,,INSUFFICIENT,-11.3938128033939,NORMAL,,INSUFFICIENT,,INSUFFICIENT
DRREDDY,2018-03,-1.6742387845302686,NORMAL,3.8323661555037525,NORMAL,,INSUFFICIENT,-25.989663264240658,NORMAL,-9.112912118854366,NORMAL,,INSUFFICIENT,-25.867330314356153,NORMAL,-9.380004555508936,NORMAL,,INSUFFICIENT
DRREDDY,2019-03,-0.257600316734774,NORMAL,2.862320330843815,NORMAL,,INSUFFICIENT,-2.9153906988907297,NORMAL,-0.13280259357866253,NORMAL,,INSUFFICIENT,-2.7411173781143994,NORMAL,0.0,NORMAL,,INSUFFICIENT
DRREDDY,2020-03,7.258383263798773,NORMAL,3.119455830493445,NORMAL,,INSUFFICIENT,16.178467237193452,NORMAL,-2.80737305050921,NORMAL,,INSUFFICIENT,14.471424255333186,NORMAL,-2.3281316138826114,NORMAL,,INSUFFICIENT
DRREDDY,2021-03,10.077085198088831,NORMAL,4.117399386622145,NORMAL,,INSUFFICIENT,27.265282177488626,NORMAL,-1.7394314441348757,NORMAL,,INSUFFICIENT,27.872861448303944,NORMAL,-1.6538041668570203,NORMAL,,INSUFFICIENT
DRREDDY,2022-03,11.72698497788347,NORMAL,8.70164128647819,NORMAL,,INSUFFICIENT,3.8181721474059183,NORMAL,11.049970245016972,NORMAL,,INSUFFICIENT,4.171400751029397,NORMAL,10.197228772148016,NORMAL,,INSUFFICIENT
DRREDDY,2023-03,12.090758120925527,NORMAL,11.553218790860885,NORMAL,7.623578547257415,NORMAL,30.541732548171186,NORMAL,36.6178718301797,NORMAL,11.430698297931507,NORMAL,31.03706971044482,NORMAL,37.46755707779583,NORMAL,11.612317403390438,NORMAL
DRREDDY,2024-03,13.71726615103832,NORMAL,12.639644349571988,NORMAL,7.640025915260695,NORMAL,41.90561020689674,NORMAL,23.392504645437473,NORMAL,11.008394366816532,NORMAL,42.81779454599071,NORMAL,23.842409558387544,NORMAL,11.284504563028698,NORMAL
EICHERMOT,2012-12,,INSUFFICIENT,,INSUFFICIENT,,INSUFFICIENT,,INSUFFICIENT,,INSUFFICIENT,,INSUFFICIENT,,INSUFFICIENT,,INSUFFICIENT,,INSUFFICIENT
EICHERMOT,2013-12,,INSUFFICIENT,,INSUFFICIENT,,INSUFFICIENT,,INSUFFICIENT,,INSUFFICIENT,,INSUFFICIENT,,INSUFFICIENT,,INSUFFICIENT,,INSUFFICIENT
EICHERMOT,2014-12,,INSUFFICIENT,,INSUFFICIENT,,INSUFFICIENT,,INSUFFICIENT,,INSUFFICIENT,,INSUFFICIENT,,INSUFFICIENT,,INSUFFICIENT,,INSUFFICIENT
EICHERMOT,2016-03,-3.2205710932530107,NORMAL,,INSUFFICIENT,,INSUFFICIENT,36.59420348608644,NORMAL,,INSUFFICIENT,,INSUFFICIENT,48.377576612765694,NORMAL,,INSUFFICIENT,,INSUFFICIENT
EICHERMOT,2017-03,-6.980030592007669,NORMAL,1.9360854633053037,NORMAL,,INSUFFICIENT,33.41341343266535,NORMAL,28.54299010503034,NORMAL,,INSUFFICIENT,38.420580533187845,NORMAL,38.429840274783686,NORMAL,,INSUFFICIENT
EICHERMOT,2018-03,,INSUFFICIENT,5.6527088273162995,NORMAL,,INSUFFICIENT,,INSUFFICIENT,30.142562462025225,NORMAL,,INSUFFICIENT,,INSUFFICIENT,36.85108578372633,NORMAL,,INSUFFICIENT
EICHERMOT,2019-03,16.644861117382746,NORMAL,2.314270842467936,NORMAL,,INSUFFICIENT,18.082660038665654,NORMAL,25.70005768967578,NORMAL,,INSUFFICIENT,18.239607559190894,NORMAL,28.63271510517571,NORMAL,,INSUFFICIENT
EICHERMOT,2020-03,9.183437543070404,NORMAL,,INSUFFICIENT,,INSUFFICIENT,3.1021327666242993,NORMAL,,INSUFFICIENT,,INSUFFICIENT,3.1767053684250257,NORMAL,,INSUFFICIENT,,INSUFFICIENT
EICHERMOT,2021-03,-0.919376620875112,NORMAL,7.152927696267497,NORMAL,,INSUFFICIENT,-11.752209319629669,NORMAL,0.13416864013804375,NORMAL,,INSUFFICIENT,-12.03946520159872,NORMAL,0.0,NORMAL,,INSUFFICIENT
EICHERMOT,2022-03,1.6763450961396975,NORMAL,7.925098579405265,NORMAL,4.887854742224107,NORMAL,-8.692555393282852,NORMAL,0.11968915181133077,NORMAL,13.44463059995391,NORMAL,-9.01950988821978,NORMAL,0.0,NORMAL,17.656211172544435,NORMAL
EICHERMOT,2023-03,16.414071199789483,NORMAL,10.00575583348986,NORMAL,7.8072636254373995,NORMAL,16.837879598461324,NORMAL,8.254683647077377,NORMAL,18.69516387935335,NORMAL,16.8879274876113,NORMAL,8.24560104695471,NORMAL,21.710837786073167,NORMAL
EICHERMOT,2024-03,23.776441520116,NORMAL,11.036936496739692,NORMAL,6.586411864952746,NORMAL,43.747506025200565,NORMAL,12.675841665377696,NORMAL,19.00991470281268,NORMAL,43.89717190746498,NORMAL,12.505451629050324,NORMAL,20.299134274435904,NORMAL
GAIL,2013-03,,INSUFFICIENT,,INSUFFICIENT,,INSUFFICIENT,,INSUFFICIENT,,INSUFFICIENT,,INSUFFICIENT,,INSUFFICIENT,,INSUFFICIENT,,INSUFFICIENT
GAIL,2014-03,,INSUFFICIENT,,INSUFFICIENT,,INSUFFICIENT,,INSUFFICIENT,,INSUFFICIENT,,INSUFFICIENT,,INSUFFICIENT,,INSUFFICIENT,,INSUFFICIENT
GAIL,2015-03,,INSUFFICIENT,,INSUFFICIENT,,INSUFFICIENT,,INSUFFICIENT,,INSUFFICIENT,,INSUFFICIENT,,INSUFFICIENT,,INSUFFICIENT,,INSUFFICIENT
GAIL,2016-03,0.7006676522700372,NORMAL,,INSUFFICIENT,,INSUFFICIENT,-24.572658969241058,NORMAL,,INSUFFICIENT,,INSUFFICIENT,-20.62994740159002,NORMAL,,INSUFFICIENT,,INSUFFICIENT
GAIL,2017-03,-7.709947527687433,NORMAL,,INSUFFICIENT,,INSUFFICIENT,-10.999838512158489,NORMAL,,INSUFFICIENT,,INSUFFICIENT,-10.609646490343238,NORMAL,,INSUFFICIENT,,INSUFFICIENT
GAIL,2018-03,-3.454191287179198,NORMAL,1.3451995923340787,NORMAL,,INSUFFICIENT,14.992302452718341,NORMAL,1.9300037093893607,NORMAL,,INSUFFICIENT,11.868894208139679,NORMAL,3.131030647754507,NORMAL,,INSUFFICIENT
GAIL,2019-03,13.540482732754366,NORMAL,4.287223602942447,NORMAL,,INSUFFICIENT,51.78313794622716,NORMAL,6.486240551392464,NORMAL,,INSUFFICIENT,49.380158218572156,NORMAL,7.394092378577932,NORMAL,,INSUFFICIENT
GAIL,2020-03,14.308773392647911,NORMAL,3.6707625976484692,NORMAL,,INSUFFICIENT,41.28234828250916,NORMAL,24.664942771902922,NORMAL,,INSUFFICIENT,40.94597464129783,NORMAL,22.865967908314722,NORMAL,,INSUFFICIENT
GAIL,2021-03,1.729080992251908,NORMAL,1.964934607077251,NORMAL,,INSUFFICIENT,8.533141639866514,NORMAL,26.800856113134365,NORMAL,,INSUFFICIENT,8.738037300289214,NORMAL,24.57309396155174,NORMAL,,INSUFFICIENT
GAIL,2022-03,6.783264667890987,NORMAL,13.825636214501213,NORMAL,,INSUFFICIENT,23.367865734736505,NORMAL,29.532947770267405,NORMAL,,INSUFFICIENT,21.644039911467992,NORMAL,29.19940099556333,NORMAL,,INSUFFICIENT
GAIL,2023-03,26.174844976511213,NORMAL,21.730640254162935,NORMAL,11.071220543670801,NORMAL,-16.216923333499757,NORMAL,3.0948242873626075,NORMAL,2.5107595427412477,NORMAL,-13.69456260028179,NORMAL,5.154749679728043,NORMAL,4.137974399241062,NORMAL
GAIL,2024-03,32.42353373080278,NORMAL,11.825154521824267,NORMAL,7.990438901094743,NORMAL,17.25429359158057,NORMAL,8.608876760374562,NORMAL,7.54232179343064,NORMAL,18.56311014966876,NORMAL,8.447177119769854,NORMAL,7.919350247286827,NORMAL
GODREJCP,2013-03,,INSUFFICIENT,,INSUFFICIENT,,INSUFFICIENT,,INSUFFICIENT,,INSUFFICIENT,,INSUFFICIENT,,INSUFFICIENT,,INSUFFICIENT,,INSUFFICIENT
GODREJCP,2014-03,,INSUFFICIENT,,INSUFFICIENT,,INSUFFICIENT,,INSUFFICIENT,,INSUFFICIENT,,INSUFFICIENT,,INSUFFICIENT,,INSUFFICIENT,,INSUFFICIENT
GODREJCP,2015-03,,INSUFFICIENT,,INSUFFICIENT,,INSUFFICIENT,,INSUFFICIENT,,INSUFFICIENT,,INSUFFICIENT,,INSUFFICIENT,,INSUFFICIENT,,INSUFFICIENT
GODREJCP,2016-03,9.523744009139158,NORMAL,,INSUFFICIENT,,INSUFFICIENT,-0.5553466342715363,NORMAL,,INSUFFICIENT,,INSUFFICIENT,0.0,NORMAL,,INSUFFICIENT,,INSUFFICIENT
GODREJCP,2017-03,6.8422913907641325,NORMAL,,INSUFFICIENT,,INSUFFICIENT,16.889261306990733,NORMAL,,INSUFFICIENT,,INSUFFICIENT,22.91789212788069,NORMAL,,INSUFFICIENT,,INSUFFICIENT
GODREJCP,2018-03,5.977492077553093,NORMAL,8.958743119932766,NORMAL,,INSUFFICIENT,18.741011686665242,NORMAL,14.098272394470612,NORMAL,,INSUFFICIENT,21.14137285547597,NORMAL,14.869835499703509,NORMAL,,INSUFFICIENT
GODREJCP,2019-03,6.980081142651051,NORMAL,6.300213432374568,NORMAL,,INSUFFICIENT,41.25222221836062,NORMAL,23.384497809507977,NORMAL,,INSUFFICIENT,42.19334899257827,NORMAL,26.860365757837947,NORMAL,,INSUFFICIENT
GODREJCP,2020-03,2.261105568258426,NORMAL,3.6790216415082178,NORMAL,,INSUFFICIENT,4.601525618662605,NORMAL,8.931728895675239,NORMAL,,INSUFFICIENT,4.885624628838681,NORMAL,10.756634324829006,NORMAL,,INSUFFICIENT
GODREJCP,2021-03,3.851011990511455,NORMAL,5.53671105641147,NORMAL,,INSUFFICIENT,1.7441870456873065,NORMAL,15.674057422198363,NORMAL,,INSUFFICIENT,2.041377547933698,NORMAL,16.271101521949817,NORMAL,,INSUFFICIENT
GODREJCP,2022-03,5.976584245430305,NORMAL,5.78258385485102,NORMAL,,INSUFFICIENT,-8.689339528488361,NORMAL,6.391937978421702,NORMAL,,INSUFFICIENT,-9.58502599188228,NORMAL,5.511819868320456,NORMAL,,INSUFFICIENT
GODREJCP,2023-03,10.344858845004868,NORMAL,6.221876592916709,NORMAL,7.581607003264335,NORMAL,4.370857548567675,NORMAL,0.8187946109764255,NORMAL,7.25320643228049,NORMAL,4.260360145884445,NORMAL,1.2198729249942586,NORMAL,7.829078416700663,NORMAL
GODREJCP,2024-03,8.522532034887087,NORMAL,6.447080048592069,NORMAL,6.3736213937384045,NORMAL,,DECLINE_TO_LOSS,,DECLINE_TO_LOSS,,DECLINE_TO_LOSS,,DECLINE_TO_LOSS,,DECLINE_TO_LOSS,,DECLINE_TO_LOSS
GRASIM,2013-03,,INSUFFICIENT,,INSUFFICIENT,,INSUFFICIENT,,INSUFFICIENT,,INSUFFICIENT,,INSUFFICIENT,,INSUFFICIENT,,INSUFFICIENT,,INSUFFICIENT
GRASIM,2014-03,,INSUFFICIENT,,INSUFFICIENT,,INSUFFICIENT,,INSUFFICIENT,,INSUFFICIENT,,INSUFFICIENT,,INSUFFICIENT,,INSUFFICIENT,,INSUFFICIENT
GRASIM,2015-03,,INSUFFICIENT,,INSUFFICIENT,,INSUFFICIENT,,INSUFFICIENT,,INSUFFICIENT,,INSUFFICIENT,,INSUFFICIENT,,INSUFFICIENT,,INSUFFICIENT
GRASIM,2016-03,7.309222224389078,NORMAL,,INSUFFICIENT,,INSUFFICIENT,-2.935139949103538,NORMAL,,INSUFFICIENT,,INSUFFICIENT,-3.63963416490265,NORMAL,,INSUFFICIENT,,INSUFFICIENT
GRASIM,2017-03,8.381057855312534,NORMAL,,INSUFFICIENT,,INSUFFICIENT,12.85561357492917,NORMAL,,INSUFFICIENT,,INSUFFICIENT,14.471424255333186,NORMAL,,INSUFFICIENT,,INSUFFICIENT
GRASIM,2018-03,20.766586510956685,NORMAL,14.901099094689751,NORMAL,,INSUFFICIENT,12.618971849966654,NORMAL,-0.4810485053275415,NORMAL,,INSUFFICIENT,1.770278030530159,NORMAL,-7.308918323692614,NORMAL,,INSUFFICIENT
GRASIM,2019-03,30.813920323814337,NORMAL,22.19996436144742,NORMAL,,INSUFFICIENT,-7.381424097243261,NORMAL,-1.456865684162445,NORMAL,,INSUFFICIENT,-21.152133918085227,NORMAL,-10.690539387698339,NORMAL,,INSUFFICIENT
GRASIM,2020-03,23.689008168123692,NORMAL,16.5515659503233,NORMAL,,INSUFFICIENT,16.066679372961048,NORMAL,20.789528537428748,NORMAL,,INSUFFICIENT,-0.5076229555396217,NORMAL,11.928923410636116,NORMAL,,INSUFFICIENT
GRASIM,2021-03,10.98142625825973,NORMAL,17.244407371689796,NORMAL,,INSUFFICIENT,23.737102931225774,NORMAL,15.124707108874924,NORMAL,,INSUFFICIENT,17.33438845558204,NORMAL,4.316756381013498,NORMAL,,INSUFFICIENT
GRASIM,2022-03,7.423605620928964,NORMAL,21.551097071912075,NORMAL,,INSUFFICIENT,59.821826556295086,NORMAL,21.421089562184314,NORMAL,,INSUFFICIENT,64.35931529754173,NORMAL,10.957281717318423,NORMAL,,INSUFFICIENT
GRASIM,2023-03,19.893934618165886,NORMAL,16.045516550863393,NORMAL,15.471890071589334,NORMAL,18.609524284497315,NORMAL,24.60460410715055,NORMAL,11.357620090195809,NORMAL,15.441567326431937,NORMAL,20.722182576992452,NORMAL,5.782180377349477,NORMAL
GRASIM,2024-03,19.68160909363319,NORMAL,11.15172597339149,NORMAL,16.544999689655548,NORMAL,12.415926079345653,NORMAL,29.314249729328566,NORMAL,12.885036563882046,NORMAL,10.499282680146527,NORMAL,27.730844458753978,NORMAL,6.806239621873766,NORMAL
HAL,2013-03,,INSUFFICIENT,,INSUFFICIENT,,INSUFFICIENT,,INSUFFICIENT,,INSUFFICIENT,,INSUFFICIENT,,INSUFFICIENT,,INSUFFICIENT,,INSUFFICIENT
HAL,2014-03,,INSUFFICIENT,,INSUFFICIENT,,INSUFFICIENT,,INSUFFICIENT,,INSUFFICIENT,,INSUFFICIENT,,INSUFFICIENT,,INSUFFICIENT,,INSUFFICIENT
HAL,2015-03,,INSUFFICIENT,,INSUFFICIENT,,INSUFFICIENT,,INSUFFICIENT,,INSUFFICIENT,,INSUFFICIENT,,INSUFFICIENT,,INSUFFICIENT,,INSUFFICIENT
HAL,2016-03,5.360754278166824,NORMAL,,INSUFFICIENT,,INSUFFICIENT,-12.64195352637011,NORMAL,,INSUFFICIENT,,INSUFFICIENT,-39.10539999932323,NORMAL,,INSUFFICIENT,,INSUFFICIENT
HAL,2017-03,5.85076698066771,NORMAL,,INSUFFICIENT,,INSUFFICIENT,-0.9623191291115774,NORMAL,,INSUFFICIENT,,INSUFFICIENT,8.738037300289214,NORMAL,,INSUFFICIENT,,INSUFFICIENT
HAL,2018-03,5.591656491972752,NORMAL,5.265580983334939,NORMAL,,INSUFFICIENT,-5.943709137412478,NORMAL,-7.890966594046478,NORMAL,,INSUFFICIENT,6.265856918261115,NORMAL,-24.709546350974122,NORMAL,,INSUFFICIENT
HAL,2019-03,6.086591875830405,NORMAL,5.741203899167258,NORMAL,,INSUFFICIENT,5.497987403463078,NORMAL,-2.721171725621041,NORMAL,,INSUFFICIENT,7.721734501594191,NORMAL,4.563955259127317,NORMAL,,INSUFFICIENT
HAL,2020-03,6.109401730244923,NORMAL,6.394570467831362,NORMAL,,INSUFFICIENT,2.800551522829653,NORMAL,3.5423339569849333,NORMAL,,INSUFFICIENT,5.272659960939663,NORMAL,10.933280572585158,NORMAL,,INSUFFICIENT
HAL,2021-03,7.3063649476970305,NORMAL,6.4276221411801115,NORMAL,,INSUFFICIENT,17.689493459998417,NORMAL,10.144570260094765,NORMAL,,INSUFFICIENT,16.96070952851465,NORMAL,11.382417860287909,NORMAL,,INSUFFICIENT
HAL,2022-03,7.158869507828092,NORMAL,6.523326267477558,NORMAL,,INSUFFICIENT,29.424386801722903,NORMAL,14.221464244950631,NORMAL,,INSUFFICIENT,29.493663001001067,NORMAL,16.11871423331621,NORMAL,,INSUFFICIENT
HAL,2023-03,7.88457358429544,NORMAL,7.774821786490715,NORMAL,6.512812519106492,NORMAL,26.92356655445871,NORMAL,23.939745967728477,NORMAL,6.8455436677959725,NORMAL,27.4745010430834,NORMAL,23.731306739312828,NORMAL,-3.481679381634306,NORMAL
HAL,2024-03,9.909701355201484,NORMAL,8.712548590236358,NORMAL,7.216583450874392,NORMAL,32.85327865470051,NORMAL,26.485270563052985,NORMAL,10.924924675843673,NORMAL,33.420082436097246,NORMAL,26.63896760913802,NORMAL,15.073330286143992,NORMAL
HAVELLS,2013-03,,INSUFFICIENT,,INSUFFICIENT,,INSUFFICIENT,,INSUFFICIENT,,INSUFFICIENT,,INSUFFICIENT,,INSUFFICIENT,,INSUFFICIENT,,INSUFFICIENT
HAVELLS,2014-03,,INSUFFICIENT,,INSUFFICIENT,,INSUFFICIENT,,INSUFFICIENT,,INSUFFICIENT,,INSUFFICIENT,,INSUFFICIENT,,INSUFFICIENT,,INSUFFICIENT
HAVELLS,2015-03,,INSUFFICIENT,,INSUFFICIENT,,INSUFFICIENT,,INSUFFICIENT,,INSUFFICIENT,,INSUFFICIENT,,INSUFFICIENT,,INSUFFICIENT,,INSUFFICIENT
HAVELLS,2016-03,2.0999521264519982,NORMAL,,INSUFFICIENT,,INSUFFICIENT,30.794376919552867,NORMAL,,INSUFFICIENT,,INSUFFICIENT,32.63524026321307,NORMAL,,INSUFFICIENT,,INSUFFICIENT
HAVELLS,2017-03,-8.686101932166434,NORMAL,,INSUFFICIENT,,INSUFFICIENT,3.4659294420217535,NORMAL,,INSUFFICIENT,,INSUFFICIENT,4.551591714942038,NORMAL,,INSUFFICIENT,,INSUFFICIENT
HAVELLS,2018-03,-1.4052637246992572,NORMAL,2.609982178791892,NORMAL,,INSUFFICIENT,19.742110916525803,NORMAL,2.613633352462008,NORMAL,,INSUFFICIENT,22.39034103416604,NORMAL,4.095039696925684,NORMAL,,INSUFFICIENT
HAVELLS,2019-03,9.87428966405377,NORMAL,4.583169988804903,NORMAL,,INSUFFICIENT,-15.36936066514506,NORMAL,12.056814338441036,NORMAL,,INSUFFICIENT,-14.773493673718797,NORMAL,13.179836563100178,NORMAL,,INSUFFICIENT
HAVELLS,2020-03,15.479219503702701,NORMAL,2.197019236923814,NORMAL,,INSUFFICIENT,14.16162186298411,NORMAL,13.80604263098537,NORMAL,,INSUFFICIENT,14.471424255333186,NORMAL,14.869835499703509,NORMAL,,INSUFFICIENT
HAVELLS,2021-03,8.814897312024517,NORMAL,6.607388064296771,NORMAL,,INSUFFICIENT,16.457200619727928,NORMAL,-4.291297361421565,NORMAL,,INSUFFICIENT,15.616214441920405,NORMAL,-4.138123663706228,NORMAL,,INSUFFICIENT
HAVELLS,2022-03,11.433013510699386,NORMAL,17.85499591111963,NORMAL,,INSUFFICIENT,14.921597409969856,NORMAL,19.344070441601247,NORMAL,,INSUFFICIENT,13.48455252486973,NORMAL,18.88654957871243,NORMAL,,INSUFFICIENT
HAVELLS,2023-03,21.45044164279215,NORMAL,15.815170331561879,NORMAL,9.01280917284588,NORMAL,13.40594331748628,NORMAL,10.153592391054179,NORMAL,6.316792380471026,NORMAL,12.31106834675555,NORMAL,9.096607850144967,NORMAL,6.5664849986184715,NORMAL
HAVELLS,2024-03,21.14089015706202,NORMAL,13.037907939063121,NORMAL,8.728389766288359,NORMAL,6.77797587953104,NORMAL,10.033231229420036,NORMAL,11.040413196880138,NORMAL,5.566719197800074,NORMAL,8.997698704834534,NORMAL,11.069085371075271,NORMAL
HCLTECH,2013-06,,INSUFFICIENT,,INSUFFICIENT,,INSUFFICIENT,,INSUFFICIENT,,INSUFFICIENT,,INSUFFICIENT,,INSUFFICIENT,,INSUFFICIENT,,INSUFFICIENT
HCLTECH,2014-06,,INSUFFICIENT,,INSUFFICIENT,,INSUFFICIENT,,INSUFFICIENT,,INSUFFICIENT,,INSUFFICIENT,,INSUFFICIENT,,INSUFFICIENT,,INSUFFICIENT
HCLTECH,2015-06,,INSUFFICIENT,,INSUFFICIENT,,INSUFFICIENT,,INSUFFICIENT,,INSUFFICIENT,,INSUFFICIENT,,INSUFFICIENT,,INSUFFICIENT,,INSUFFICIENT
HCLTECH,2017-03,13.956295876186054,NORMAL,,INSUFFICIENT,,INSUFFICIENT,9.649603437865695,NORMAL,,INSUFFICIENT,,INSUFFICIENT,9.260824362327934,NORMAL,,INSUFFICIENT,,INSUFFICIENT
HCLTECH,2018-03,11.276166573871095,NORMAL,14.602309452456485,NORMAL,,INSUFFICIENT,5.9092519865585835,NORMAL,16.63984757695922,NORMAL,,INSUFFICIENT,6.038306207109678,NORMAL,17.2321504725808,NORMAL,,INSUFFICIENT
HCLTECH,2019-03,,INSUFFICIENT,13.455674699068654,NORMAL,,INSUFFICIENT,,INSUFFICIENT,9.164159008362072,NORMAL,,INSUFFICIENT,,INSUFFICIENT,9.975204344332944,NORMAL,,INSUFFICIENT
HCLTECH,2020-03,14.108769829442691,NORMAL,14.003664887056555,NORMAL,,INSUFFICIENT,8.712292952185074,NORMAL,8.533694296800443,NORMAL,,INSUFFICIENT,10.973904713454852,NORMAL,9.537317657751387,NORMAL,,INSUFFICIENT
HCLTECH,2021-03,14.232233600356391,NORMAL,,INSUFFICIENT,,INSUFFICIENT,8.592392822069407,NORMAL,,INSUFFICIENT,,INSUFFICIENT,9.767571076041248,NORMAL,,INSUFFICIENT,,INSUFFICIENT
HCLTECH,2022-03,12.33121804588848,NORMAL,12.482124171071419,NORMAL,,INSUFFICIENT,10.144845609168772,NORMAL,9.45972211285866,NORMAL,,INSUFFICIENT,10.557809853526301,NORMAL,10.756634324829006,NORMAL,,INSUFFICIENT
HCLTECH,2023-03,12.806794335700221,NORMAL,14.941980000474619,NORMAL,14.772019068640851,NORMAL,10.31831778597172,NORMAL,11.222543851563692,NORMAL,13.898992804888554,NORMAL,10.287496281391139,NORMAL,12.150237889617976,NORMAL,14.66304358341195,NORMAL
HCLTECH,2024-03,13.396477329776978,NORMAL,12.710299978373406,NORMAL,13.082373204583831,NORMAL,12.043662852781601,NORMAL,9.194090295112023,NORMAL,9.179123626035102,NORMAL,12.257330985276148,NORMAL,9.407036350794119,NORMAL,9.69075247889608,NORMAL
HDFCBANK,2013-03,,INSUFFICIENT,,INSUFFICIENT,,INSUFFICIENT,,INSUFFICIENT,,INSUFFICIENT,,INSUFFICIENT,,INSUFFICIENT,,INSUFFICIENT,,INSUFFICIENT
HDFCBANK,2014-03,,INSUFFICIENT,,INSUFFICIENT,,INSUFFICIENT,,INSUFFICIENT,,INSUFFICIENT,,INSUFFICIENT,,INSUFFICIENT,,INSUFFICIENT,,INSUFFICIENT
HDFCBANK,2015-03,,INSUFFICIENT,,INSUFFICIENT,,INSUFFICIENT,,INSUFFICIENT,,INSUFFICIENT,,INSUFFICIENT,,INSUFFICIENT,,INSUFFICIENT,,INSUFFICIENT
HDFCBANK,2016-03,20.76594733223789,NORMAL,,INSUFFICIENT,,INSUFFICIENT,22.9215446235167,NORMAL,,INSUFFICIENT,,INSUFFICIENT,21.321375160129328,NORMAL,,INSUFFICIENT,,INSUFFICIENT
HDFCBANK,2017-03,19.85620098462466,NORMAL,,INSUFFICIENT,,INSUFFICIENT,20.43638844397513,NORMAL,,INSUFFICIENT,,INSUFFICIENT,18.56311014966876,NORMAL,,INSUFFICIENT,,INSUFFICIENT
HDFCBANK,2018-03,18.95711890140528,NORMAL,18.91950885967244,NORMAL,,INSUFFICIENT,20.14303953691674,NORMAL,21.87445860432433,NORMAL,,INSUFFICIENT,19.681696117715084,NORMAL,20.791087977228596,NORMAL,,INSUFFICIENT
HDFCBANK,2019-03,18.522174644131795,NORMAL,19.834211467600227,NORMAL,,INSUFFICIENT,20.523671424601055,NORMAL,20.683440705228385,NORMAL,,INSUFFICIENT,17.92737079940734,NORMAL,17.89686864191824,NORMAL,,INSUFFICIENT
HDFCBANK,2020-03,18.585975523887367,NORMAL,19.251293469323972,NORMAL,,INSUFFICIENT,21.238838123135963,NORMAL,20.59205522492409,NORMAL,,INSUFFICIENT,18.56311014966876,NORMAL,18.94608218221061,NORMAL,,INSUFFICIENT
HDFCBANK,2021-03,14.656048220040274,NORMAL,15.272202925687562,NORMAL,,INSUFFICIENT,19.729499834991103,NORMAL,19.965562603525953,NORMAL,,INSUFFICIENT,17.230827599961064,NORMAL,18.330744502429685,NORMAL,,INSUFFICIENT
HDFCBANK,2022-03,8.933115924941903,NORMAL,13.156752089445444,NORMAL,,INSUFFICIENT,19.340812182873645,NORMAL,20.023543022481306,NORMAL,,INSUFFICIENT,18.947434102124603,NORMAL,18.12601880431084,NORMAL,,INSUFFICIENT
HDFCBANK,2023-03,11.801146839851807,NORMAL,14.89379936491606,NORMAL,16.88932454034271,NORMAL,19.129987192053232,NORMAL,19.980919190469294,NORMAL,20.923982605551128,NORMAL,17.92737079940734,NORMAL,17.89686864191824,NORMAL,19.33520449710433,NORMAL
HDFCBANK,2024-03,30.186956140948773,NORMAL,21.95098428169122,NORMAL,20.887964823195592,NORMAL,27.12356908487252,NORMAL,23.865063572879073,NORMAL,22.263903320427715,NORMAL,13.140240479934251,NORMAL,15.424788082530828,NORMAL,16.654280155455027,NORMAL
HDFCLIFE,2013-03,,INSUFFICIENT,,INSUFFICIENT,,INSUFFICIENT,,INSUFFICIENT,,INSUFFICIENT,,INSUFFICIENT,,INSUFFICIENT,,INSUFFICIENT,,INSUFFICIENT
HDFCLIFE,2014-03,,INSUFFICIENT,,INSUFFICIENT,,INSUFFICIENT,,INSUFFICIENT,,INSUFFICIENT,,INSUFFICIENT,,INSUFFICIENT,,INSUFFICIENT,,INSUFFICIENT
HDFCLIFE,2015-03,,INSUFFICIENT,,INSUFFICIENT,,INSUFFICIENT,,INSUFFICIENT,,INSUFFICIENT,,INSUFFICIENT,,INSUFFICIENT,,INSUFFICIENT,,INSUFFICIENT
HDFCLIFE,2016-03,8.8659251397204,NORMAL,,INSUFFICIENT,,INSUFFICIENT,22.265757946197162,NORMAL,,INSUFFICIENT,,INSUFFICIENT,25.99210498948732,NORMAL,,INSUFFICIENT,,INSUFFICIENT
HDFCLIFE,2017-03,21.312705025984258,NORMAL,,INSUFFICIENT,,INSUFFICIENT,6.953550044347678,NORMAL,,INSUFFICIENT,,INSUFFICIENT,0.0,NORMAL,,INSUFFICIENT,,INSUFFICIENT
HDFCLIFE,2018-03,5.832407288001629,NORMAL,18.068979210389813,NORMAL,,INSUFFICIENT,12.092105000644771,NORMAL,19.885875601681914,NORMAL,,INSUFFICIENT,14.471424255333186,NORMAL,24.57309396155174,NORMAL,,INSUFFICIENT
HDFCLIFE,2019-03,28.902665113717664,NORMAL,17.748548170832045,NORMAL,,INSUFFICIENT,16.083260822533884,NORMAL,12.005298924817453,NORMAL,,INSUFFICIENT,14.471424255333186,NORMAL,8.447177119769854,NORMAL,,INSUFFICIENT
HDFCLIFE,2020-03,-1.397496659666153,NORMAL,1.5426961503206993,NORMAL,,INSUFFICIENT,13.502506455997686,NORMAL,10.535934188119933,NORMAL,,INSUFFICIENT,14.471424255333186,NORMAL,8.447177119769854,NORMAL,,INSUFFICIENT
HDFCLIFE,2021-03,30.39789267576891,NORMAL,31.571847111711104,NORMAL,,INSUFFICIENT,7.128124423077553,NORMAL,10.745786997425878,NORMAL,,INSUFFICIENT,5.272659960939663,NORMAL,11.842691472014465,NORMAL,,INSUFFICIENT
HDFCLIFE,2022-03,19.990800802788545,NORMAL,16.977021770482814,NORMAL,,INSUFFICIENT,1.2620440460022975,NORMAL,8.390060976433,NORMAL,,INSUFFICIENT,0.0,NORMAL,8.447177119769854,NORMAL,,INSUFFICIENT
HDFCLIFE,2023-03,33.69326864431261,NORMAL,16.82699621683943,NORMAL,17.44634599483419,NORMAL,1.7924046284194306,NORMAL,4.324832308677151,NORMAL,11.83502970145085,NORMAL,0.0,NORMAL,0.0,NORMAL,11.612317403390438,NORMAL
HDFCLIFE,2024-03,12.366704821498665,NORMAL,21.16813430936688,NORMAL,19.44610458066991,NORMAL,4.966053172356233,NORMAL,4.25449161597129,NORMAL,8.060425215255096,NORMAL,0.0,NORMAL,3.131030647754507,NORMAL,5.755705033825231,NORMAL
HEROMOTOCO,2014-03,,INSUFFICIENT,,INSUFFICIENT,,INSUFFICIENT,,INSUFFICIENT,,INSUFFICIENT,,INSUFFICIENT,,INSUFFICIENT,,INSUFFICIENT,,INSUFFICIENT
HEROMOTOCO,2015-03,,INSUFFICIENT,,INSUFFICIENT,,INSUFFICIENT,,INSUFFICIENT,,INSUFFICIENT,,INSUFFICIENT,,INSUFFICIENT,,INSUFFICIENT,,INSUFFICIENT
HEROMOTOCO,2016-03,,INSUFFICIENT,,INSUFFICIENT,,INSUFFICIENT,,INSUFFICIENT,,INSUFFICIENT,,INSUFFICIENT,,INSUFFICIENT,,INSUFFICIENT,,INSUFFICIENT
HEROMOTOCO,2017-03,4.217879202822017,NORMAL,,INSUFFICIENT,,INSUFFICIENT,19.04249113278256,NORMAL,,INSUFFICIENT,,INSUFFICIENT,19.459651644596644,NORMAL,,INSUFFICIENT,,INSUFFICIENT
HEROMOTOCO,2018-03,5.632231257694875,NORMAL,,INSUFFICIENT,,INSUFFICIENT,16.334795886648877,NORMAL,,INSUFFICIENT,,INSUFFICIENT,16.379631833470242,NORMAL,,INSUFFICIENT,,INSUFFICIENT
HEROMOTOCO,2019-03,6.0815212733451585,NORMAL,6.092194646194393,NORMAL,,INSUFFICIENT,3.6564481390962467,NORMAL,10.51956562416465,NORMAL,,INSUFFICIENT,3.0883522949268993,NORMAL,10.3742662730538,NORMAL,,INSUFFICIENT
HEROMOTOCO,2020-03,0.7447599570538088,NORMAL,1.2163267615447948,NORMAL,,INSUFFICIENT,1.0511420331481336,NORMAL,9.129706567474805,NORMAL,,INSUFFICIENT,0.555566955512532,NORMAL,9.053064987397041,NORMAL,,INSUFFICIENT
HEROMOTOCO,2021-03,-1.5637510188488024,NORMAL,1.6996742986216562,NORMAL,,INSUFFICIENT,-7.602569468023413,NORMAL,-1.1575975899889346,NORMAL,,INSUFFICIENT,-7.75419244590786,NORMAL,-1.4422816893438384,NORMAL,,INSUFFICIENT
HEROMOTOCO,2022-03,-4.54003220248077,NORMAL,0.649324573864174,NORMAL,,INSUFFICIENT,-12.411522620725435,NORMAL,-8.063884175161895,NORMAL,,INSUFFICIENT,-12.304660425977742,NORMAL,-8.3102071293645,NORMAL,,INSUFFICIENT
HEROMOTOCO,2023-03,5.301783210107014,NORMAL,1.0262274293043383,NORMAL,,INSUFFICIENT,-8.532837352235456,NORMAL,-5.5338246350665194,NORMAL,,INSUFFICIENT,-8.156327442370149,NORMAL,-5.389086951880584,NORMAL,,INSUFFICIENT
HEROMOTOCO,2024-03,6.870906150291889,NORMAL,2.1530677970544643,NORMAL,4.104001615840858,NORMAL,8.421624634095327,NORMAL,1.5441818871883894,NORMAL,5.936862676941823,NORMAL,8.599939568135696,NORMAL,1.6863437197464748,NORMAL,5.941283634174321,NORMAL
HINDALCO,2013-03,,INSUFFICIENT,,INSUFFICIENT,,INSUFFICIENT,,INSUFFICIENT,,INSUFFICIENT,,INSUFFICIENT,,INSUFFICIENT,,INSUFFICIENT,,INSUFFICIENT
HINDALCO,2014-03,,INSUFFICIENT,,INSUFFICIENT,,INSUFFICIENT,,INSUFFICIENT,,INSUFFICIENT,,INSUFFICIENT,,INSUFFICIENT,,INSUFFICIENT,,INSUFFICIENT
HINDALCO,2015-03,,INSUFFICIENT,,INSUFFICIENT,,INSUFFICIENT,,INSUFFICIENT,,INSUFFICIENT,,INSUFFICIENT,,INSUFFICIENT,,INSUFFICIENT,,INSUFFICIENT
HINDALCO,2016-03,7.188141536422643,NORMAL,,INSUFFICIENT,,INSUFFICIENT,,DECLINE_TO_LOSS,,INSUFFICIENT,,INSUFFICIENT,,DECLINE_TO_LOSS,,INSUFFICIENT,,INSUFFICIENT
HINDALCO,2017-03,4.538078159935965,NORMAL,,INSUFFICIENT,,INSUFFICIENT,-4.998958864002645,NORMAL,,INSUFFICIENT,,INSUFFICIENT,-10.07113739547817,NORMAL,,INSUFFICIENT,,INSUFFICIENT
HINDALCO,2018-03,3.369972212946082,NORMAL,7.51037706220592,NORMAL,,INSUFFICIENT,186.37780155011527,NORMAL,15.132219678170777,NORMAL,,INSUFFICIENT,88.98815748423097,NORMAL,11.032151746146003,NORMAL,,INSUFFICIENT
HINDALCO,2019-03,9.746629896073555,NORMAL,8.281705099970505,NORMAL,,INSUFFICIENT,,TURNAROUND,20.145258021945757,NORMAL,,INSUFFICIENT,,TURNAROUND,16.8863268921301,NORMAL,,INSUFFICIENT
HINDALCO,2020-03,5.65038914335767,NORMAL,2.527719294421793,NORMAL,,INSUFFICIENT,26.02556902957076,NORMAL,70.82017845038192,NORMAL,,INSUFFICIENT,28.564079532911755,NORMAL,33.56042305195701,NORMAL,,INSUFFICIENT
HINDALCO,2021-03,4.6495315238416435,NORMAL,5.97531435810712,NORMAL,,INSUFFICIENT,-16.961680276450775,NORMAL,,TURNAROUND,,INSUFFICIENT,-16.00526334034179,NORMAL,,TURNAROUND,,INSUFFICIENT
HINDALCO,2022-03,14.324306894244042,NORMAL,14.254555528747236,NORMAL,,INSUFFICIENT,35.69617735616912,NORMAL,48.802484878438634,NORMAL,,INSUFFICIENT,36.47073516767032,NORMAL,50.123254069409185,NORMAL,,INSUFFICIENT
HINDALCO,2023-03,23.62191599591421,NORMAL,14.146326442125012,NORMAL,10.778673922639559,NORMAL,38.90959508019329,NORMAL,10.666177153274848,NORMAL,12.877112910253885,NORMAL,38.33153542625083,NORMAL,10.756634324829006,NORMAL,10.894307469981591,NORMAL
HINDALCO,2024-03,17.830855223435172,NORMAL,10.592433818985914,NORMAL,9.43097050230084,NORMAL,42.85939867649064,NORMAL,13.06871230695661,NORMAL,16.553290877299798,NORMAL,41.155404332154276,NORMAL,13.396657763302722,NORMAL,15.128271105738422,NORMAL
HINDUNILVR,2013-03,,INSUFFICIENT,,INSUFFICIENT,,INSUFFICIENT,,INSUFFICIENT,,INSUFFICIENT,,INSUFFICIENT,,INSUFFICIENT,,INSUFFICIENT,,INSUFFICIENT
HINDUNILVR,2014-03,,INSUFFICIENT,,INSUFFICIENT,,INSUFFICIENT,,INSUFFICIENT,,INSUFFICIENT,,INSUFFICIENT,,INSUFFICIENT,,INSUFFICIENT,,INSUFFICIENT
HINDUNILVR,2015-03,,INSUFFICIENT,,INSUFFICIENT,,INSUFFICIENT,,INSUFFICIENT,,INSUFFICIENT,,INSUFFICIENT,,INSUFFICIENT,,INSUFFICIENT,,INSUFFICIENT
HINDUNILVR,2016-03,6.026144514209131,NORMAL,,INSUFFICIENT,,INSUFFICIENT,2.638793990314081,NORMAL,,INSUFFICIENT,,INSUFFICIENT,1.8185790714934313,NORMAL,,INSUFFICIENT,,INSUFFICIENT
HINDUNILVR,2017-03,4.291958729799861,NORMAL,,INSUFFICIENT,,INSUFFICIENT,4.310978498255391,NORMAL,,INSUFFICIENT,,INSUFFICIENT,5.272659960939663,NORMAL,,INSUFFICIENT,,INSUFFICIENT
HINDUNILVR,2018-03,3.594390146476889,NORMAL,5.65014169432414,NORMAL,,INSUFFICIENT,6.102364490153711,NORMAL,6.366991948602041,NORMAL,,INSUFFICIENT,6.265856918261115,NORMAL,5.922384104881218,NORMAL,,INSUFFICIENT
HINDUNILVR,2019-03,6.892035103220162,NORMAL,6.10185094777882,NORMAL,,INSUFFICIENT,13.44184911063353,NORMAL,8.90385875618529,NORMAL,,INSUFFICIENT,13.798047356553855,NORMAL,9.238846414037294,NORMAL,,INSUFFICIENT
HINDUNILVR,2020-03,6.255708535006144,NORMAL,4.468544770055072,NORMAL,,INSUFFICIENT,14.590276308931038,NORMAL,9.074307784278869,NORMAL,,INSUFFICIENT,13.862522184714066,NORMAL,9.160706958928856,NORMAL,,INSUFFICIENT
HINDUNILVR,2021-03,9.780700333610891,NORMAL,7.879245537212842,NORMAL,,INSUFFICIENT,15.237651488475933,NORMAL,14.018833278510812,NORMAL,,INSUFFICIENT,12.31106834675555,NORMAL,12.34275325950922,NORMAL,,INSUFFICIENT
HINDUNILVR,2022-03,10.08710276693292,NORMAL,9.600953176013682,NORMAL,,INSUFFICIENT,13.634169774627303,NORMAL,14.643813143172402,NORMAL,,INSUFFICIENT,10.715524489384997,NORMAL,12.593380967869239,NORMAL,,INSUFFICIENT
HINDUNILVR,2023-03,15.047516049594755,NORMAL,11.252595068377769,NORMAL,8.415185434676896,NORMAL,14.505301565465833,NORMAL,14.178092979806411,NORMAL,10.203358826715458,NORMAL,11.524149667113527,NORMAL,12.370274760425982,NORMAL,9.09870487382003,NORMAL
HINDUNILVR,2024-03,9.589435897156351,NORMAL,9.504485244074123,NORMAL,7.789742422365942,NORMAL,8.729477470315782,NORMAL,11.152950436803422,NORMAL,10.022657733318274,NORMAL,8.974425081854953,NORMAL,9.460878422315755,NORMAL,9.34980606439575,NORMAL
ICICIBANK,2013-03,,INSUFFICIENT,,INSUFFICIENT,,INSUFFICIENT,,INSUFFICIENT,,INSUFFICIENT,,INSUFFICIENT,,INSUFFICIENT,,INSUFFICIENT,,INSUFFICIENT
ICICIBANK,2014-03,,INSUFFICIENT,,INSUFFICIENT,,INSUFFICIENT,,INSUFFICIENT,,INSUFFICIENT,,INSUFFICIENT,,INSUFFICIENT,,INSUFFICIENT,,INSUFFICIENT
ICICIBANK,2015-03,,INSUFFICIENT,,INSUFFICIENT,,INSUFFICIENT,,INSUFFICIENT,,INSUFFICIENT,,INSUFFICIENT,,INSUFFICIENT,,INSUFFICIENT,,INSUFFICIENT
ICICIBANK,2016-03,9.72438950931318,NORMAL,,INSUFFICIENT,,INSUFFICIENT,2.5566514971660403,NORMAL,,INSUFFICIENT,,INSUFFICIENT,2.174590985807079,NORMAL,,INSUFFICIENT,,INSUFFICIENT
ICICIBANK,2017-03,7.191540412740927,NORMAL,,INSUFFICIENT,,INSUFFICIENT,-0.9714109175412156,NORMAL,,INSUFFICIENT,,INSUFFICIENT,-2.000538994071077,NORMAL,,INSUFFICIENT,,INSUFFICIENT
ICICIBANK,2018-03,4.187483730625474,NORMAL,6.72956758804637,NORMAL,,INSUFFICIENT,-11.077158440000545,NORMAL,-2.1217063794276014,NORMAL,,INSUFFICIENT,-14.20225339003196,NORMAL,-4.3647500209963,NORMAL,,INSUFFICIENT
ICICIBANK,2019-03,6.677063756531809,NORMAL,7.785564136098544,NORMAL,,INSUFFICIENT,-19.552664652172258,NORMAL,-13.395405873309175,NORMAL,,INSUFFICIENT,-24.085275703108433,NORMAL,-16.260604064943717,NORMAL,,INSUFFICIENT
ICICIBANK,2020-03,11.65870273321319,NORMAL,9.068758698425295,NORMAL,,INSUFFICIENT,-0.3391856172353491,NORMAL,-2.8065516501292964,NORMAL,,INSUFFICIENT,-2.128308970778414,NORMAL,-4.617756873980916,NORMAL,,INSUFFICIENT
ICICIBANK,2021-03,12.776833842946477,NORMAL,8.501260775564191,NORMAL,,INSUFFICIENT,30.799845804865612,NORMAL,13.258923400037336,NORMAL,,INSUFFICIENT,31.03706971044482,NORMAL,11.032151746146003,NORMAL,,INSUFFICIENT
ICICIBANK,2022-03,9.846302684640996,NORMAL,9.379405364120297,NORMAL,,INSUFFICIENT,67.08754781027004,NORMAL,18.536207206394106,NORMAL,,INSUFFICIENT,72.61087479943642,NORMAL,17.607902252467355,NORMAL,,INSUFFICIENT
ICICIBANK,2023-03,12.585345733135323,NORMAL,14.261562955956219,NORMAL,10.431368760074445,NORMAL,46.730887020544756,NORMAL,31.262876521643257,NORMAL,13.348076162175504,NORMAL,48.377576612765694,NORMAL,32.496060863545125,NORMAL,12.566841929221884,NORMAL
ICICIBANK,2024-03,21.39660074377121,NORMAL,17.25086850260209,NORMAL,12.41864172369489,NORMAL,31.28635844345755,NORMAL,51.94877118224903,NORMAL,14.714696775470282,NORMAL,32.63524026321307,NORMAL,55.18455739153598,NORMAL,13.995881918674137,NORMAL
ICICIGI,2013-03,,INSUFFICIENT,,INSUFFICIENT,,INSUFFICIENT,,INSUFFICIENT,,INSUFFICIENT,,INSUFFICIENT,,INSUFFICIENT,,INSUFFICIENT,,INSUFFICIENT
ICICIGI,2014-03,,INSUFFICIENT,,INSUFFICIENT,,INSUFFICIENT,,INSUFFICIENT,,INSUFFICIENT,,INSUFFICIENT,,INSUFFICIENT,,INSUFFICIENT,,INSUFFICIENT
ICICIGI,2015-03,,INSUFFICIENT,,INSUFFICIENT,,INSUFFICIENT,,INSUFFICIENT,,INSUFFICIENT,,INSUFFICIENT,,INSUFFICIENT,,INSUFFICIENT,,INSUFFICIENT
ICICIGI,2016-03,14.566452876307467,NORMAL,,INSUFFICIENT,,INSUFFICIENT,12.826491837784747,NORMAL,,INSUFFICIENT,,INSUFFICIENT,11.199004528465784,NORMAL,,INSUFFICIENT,,INSUFFICIENT
ICICIGI,2017-03,19.9986383287754,NORMAL,,INSUFFICIENT,,INSUFFICIENT,10.520944959211608,NORMAL,,INSUFFICIENT,,INSUFFICIENT,10.064241629820891,NORMAL,,INSUFFICIENT,,INSUFFICIENT
ICICIGI,2018-03,17.747300339951224,NORMAL,11.493246356113973,NORMAL,,INSUFFICIENT,13.793415582876367,NORMAL,19.54915536189077,NORMAL,,INSUFFICIENT,13.48455252486973,NORMAL,18.88654957871243,NORMAL,,INSUFFICIENT
ICICIGI,2019-03,22.767251536215216,NORMAL,20.73089151460985,NORMAL,,INSUFFICIENT,27.425352292005268,NORMAL,15.067964028910176,NORMAL,,INSUFFICIENT,27.872861448303944,NORMAL,13.896221858789914,NORMAL,,INSUFFICIENT
ICICIGI,2020-03,15.267580002856885,NORMAL,22.156815510192395,NORMAL,,INSUFFICIENT,19.36831723586816,NORMAL,15.33727652545467,NORMAL,,INSUFFICIENT,17.566734386037865,NORMAL,14.869835499703509,NORMAL,,INSUFFICIENT
ICICIGI,2021-03,20.722583157280596,NORMAL,15.050150901377556,NORMAL,,INSUFFICIENT,19.55428881562893,NORMAL,23.776716438802193,NORMAL,,INSUFFICIENT,18.977669851800584,NORMAL,23.808784136769123,NORMAL,,INSUFFICIENT
ICICIGI,2022-03,12.810122603368601,NORMAL,16.337964135790962,NORMAL,,INSUFFICIENT,6.608055197972473,NORMAL,12.606040444349386,NORMAL,,INSUFFICIENT,4.171400751029397,NORMAL,10.197228772148016,NORMAL,,INSUFFICIENT
ICICIGI,2023-03,15.782696485701164,NORMAL,20.929796850443783,NORMAL,16.115699334936373,NORMAL,13.134975939398984,NORMAL,14.936388172122527,NORMAL,17.220084142281955,NORMAL,10.415886963424924,NORMAL,12.995952835136615,NORMAL,15.9038349189893,NORMAL
ICICIGI,2024-03,18.98796206427069,NORMAL,12.911841003362579,NORMAL,16.75593015728085,NORMAL,9.217125634550683,NORMAL,12.839173718198161,NORMAL,13.948119696893514,NORMAL,6.816467042447916,NORMAL,11.139222486886503,NORMAL,12.5092775800282,NORMAL
ICICIPRULI,2013-03,,INSUFFICIENT,,INSUFFICIENT,,INSUFFICIENT,,INSUFFICIENT,,INSUFFICIENT,,INSUFFICIENT,,INSUFFICIENT,,INSUFFICIENT,,INSUFFICIENT
ICICIPRULI,2014-03,,INSUFFICIENT,,INSUFFICIENT,,INSUFFICIENT,,INSUFFICIENT,,INSUFFICIENT,,INSUFFICIENT,,INSUFFICIENT,,INSUFFICIENT,,INSUFFICIENT
ICICIPRULI,2015-03,,INSUFFICIENT,,INSUFFICIENT,,INSUFFICIENT,,INSUFFICIENT,,INSUFFICIENT,,INSUFFICIENT,,INSUFFICIENT,,INSUFFICIENT,,INSUFFICIENT
ICICIPRULI,2016-03,1.3532240549049446,NORMAL,,INSUFFICIENT,,INSUFFICIENT,2.8861944351566082,NORMAL,,INSUFFICIENT,,INSUFFICIENT,2.9428498400178693,NORMAL,,INSUFFICIENT,,INSUFFICIENT
ICICIPRULI,2017-03,19.99316346150739,NORMAL,,INSUFFICIENT,,INSUFFICIENT,2.519787219760028,NORMAL,,INSUFFICIENT,,INSUFFICIENT,2.9428498400178693,NORMAL,,INSUFFICIENT,,INSUFFICIENT
ICICIPRULI,2018-03,4.068885818752821,NORMAL,14.16249374118479,NORMAL,,INSUFFICIENT,-0.42866417240922106,NORMAL,1.336719990135049,NORMAL,,INSUFFICIENT,0.0,NORMAL,0.0,NORMAL,,INSUFFICIENT
ICICIPRULI,2019-03,25.75497178594537,NORMAL,13.629456216771342,NORMAL,,INSUFFICIENT,-11.621506706806084,NORMAL,-6.108956847763958,NORMAL,,INSUFFICIENT,-12.64195352637011,NORMAL,-6.170487402194635,NORMAL,,INSUFFICIENT
ICICIPRULI,2020-03,-17.77192214808054,NORMAL,-9.405508418395813,NORMAL,,INSUFFICIENT,-14.076331812129029,NORMAL,-8.237737238066,NORMAL,,INSUFFICIENT,-16.44503441725692,NORMAL,-8.643159600651407,NORMAL,,INSUFFICIENT
ICICIPRULI,2021-03,28.907998811627134,NORMAL,31.883002459782304,NORMAL,,INSUFFICIENT,-16.10481916376746,NORMAL,-10.340814423614653,NORMAL,,INSUFFICIENT,-13.986137246278185,NORMAL,-10.219223176287473,NORMAL,,INSUFFICIENT
ICICIPRULI,2022-03,15.305537807490532,NORMAL,10.944844537496001,NORMAL,,INSUFFICIENT,-12.654738254559938,NORMAL,-14.712937419779582,NORMAL,,INSUFFICIENT,-14.501202666165147,NORMAL,-16.062167251461247,NORMAL,,INSUFFICIENT
ICICIPRULI,2023-03,33.902508051302284,NORMAL,5.385892062674458,NORMAL,9.686445119778808,NORMAL,-8.663988641203069,NORMAL,-12.869794292890713,NORMAL,-6.034637985988677,NORMAL,-5.008574840700353,NORMAL,-11.416728965524282,NORMAL,-5.881313739260197,NORMAL
ICICIPRULI,2024-03,2.777335010929405,NORMAL,16.84553965244746,NORMAL,15.22627795803697,NORMAL,-3.803953723638853,NORMAL,-5.6631941891523425,NORMAL,-5.886339433478582,NORMAL,-5.008574840700353,NORMAL,-5.591248870509801,NORMAL,-5.881313739260197,NORMAL
INDIGO,2013-03,,INSUFFICIENT,,INSUFFICIENT,,INSUFFICIENT,,INSUFFICIENT,,INSUFFICIENT,,INSUFFICIENT,,INSUFFICIENT,,INSUFFICIENT,,INSUFFICIENT
INDIGO,2014-03,,INSUFFICIENT,,INSUFFICIENT,,INSUFFICIENT,,INSUFFICIENT,,INSUFFICIENT,,INSUFFICIENT,,INSUFFICIENT,,INSUFFICIENT,,INSUFFICIENT
INDIGO,2015-03,,INSUFFICIENT,,INSUFFICIENT,,INSUFFICIENT,,INSUFFICIENT,,INSUFFICIENT,,INSUFFICIENT,,INSUFFICIENT,,INSUFFICIENT,,INSUFFICIENT
INDIGO,2016-03,20.593722936180026,NORMAL,,INSUFFICIENT,,INSUFFICIENT,36.144939706815,NORMAL,,INSUFFICIENT,,INSUFFICIENT,-87.10438557943604,NORMAL,,INSUFFICIENT,,INSUFFICIENT
INDIGO,2017-03,18.673213155083502,NORMAL,,INSUFFICIENT,,INSUFFICIENT,51.82944859378311,NORMAL,,INSUFFICIENT,,INSUFFICIENT,-85.61513994163738,NORMAL,,INSUFFICIENT,,INSUFFICIENT
INDIGO,2018-03,18.243241530498345,NORMAL,20.126535651014454,NORMAL,,INSUFFICIENT,19.79885639728338,NORMAL,23.291227130040724,NORMAL,,INSUFFICIENT,-88.9062658553417,NORMAL,-70.42816431743634,NORMAL,,INSUFFICIENT
INDIGO,2019-03,20.864438096876725,NORMAL,20.715297032769932,NORMAL,,INSUFFICIENT,-57.17325002085786,NORMAL,-19.930106411802996,NORMAL,,INSUFFICIENT,-58.258719551535364,NORMAL,-80.83080758718076,NORMAL,,INSUFFICIENT
INDIGO,2020-03,24.384922426654377,NORMAL,20.756563392217544,NORMAL,,INSUFFICIENT,,DECLINE_TO_LOSS,,DECLINE_TO_LOSS,,INSUFFICIENT,,DECLINE_TO_LOSS,,DECLINE_TO_LOSS,,INSUFFICIENT
INDIGO,2021-03,-14.003220967101893,NORMAL,-1.9306172057442006,NORMAL,,INSUFFICIENT,,DECLINE_TO_LOSS,,DECLINE_TO_LOSS,,INSUFFICIENT,,DECLINE_TO_LOSS,,DECLINE_TO_LOSS,,INSUFFICIENT
INDIGO,2022-03,-3.0963711280471706,NORMAL,6.894340234725771,NORMAL,,INSUFFICIENT,,DECLINE_TO_LOSS,,DECLINE_TO_LOSS,,INSUFFICIENT,,DECLINE_TO_LOSS,,DECLINE_TO_LOSS,,INSUFFICIENT
INDIGO,2023-03,15.046218985430038,NORMAL,18.786848077111173,NORMAL,19.454813801733128,NORMAL,,BOTH_NEGATIVE,,DECLINE_TO_LOSS,,DECLINE_TO_LOSS,,BOTH_NEGATIVE,,DECLINE_TO_LOSS,,DECLINE_TO_LOSS
INDIGO,2024-03,67.58091776468258,NORMAL,19.313355125806165,NORMAL,20.01227897172877,NORMAL,,TURNAROUND,120.69250867467933,NORMAL,32.9316579498421,NORMAL,,TURNAROUND,121.23568222761168,NORMAL,-34.87773528813343,NORMAL
INDUSINDBK,2013-03,,INSUFFICIENT,,INSUFFICIENT,,INSUFFICIENT,,INSUFFICIENT,,INSUFFICIENT,,INSUFFICIENT,,INSUFFICIENT,,INSUFFICIENT,,INSUFFICIENT
INDUSINDBK,2014-03,,INSUFFICIENT,,INSUFFICIENT,,INSUFFICIENT,,INSUFFICIENT,,INSUFFICIENT,,INSUFFICIENT,,INSUFFICIENT,,INSUFFICIENT,,INSUFFICIENT
INDUSINDBK,2015-03,,INSUFFICIENT,,INSUFFICIENT,,INSUFFICIENT,,INSUFFICIENT,,INSUFFICIENT,,INSUFFICIENT,,INSUFFICIENT,,INSUFFICIENT,,INSUFFICIENT
INDUSINDBK,2016-03,19.351335222500452,NORMAL,,INSUFFICIENT,,INSUFFICIENT,29.157693482814206,NORMAL,,INSUFFICIENT,,INSUFFICIENT,23.85623296301709,NORMAL,,INSUFFICIENT,,INSUFFICIENT
INDUSINDBK,2017-03,20.399952421015378,NORMAL,,INSUFFICIENT,,INSUFFICIENT,26.762899393412056,NORMAL,,INSUFFICIENT,,INSUFFICIENT,21.14137285547597,NORMAL,,INSUFFICIENT,,INSUFFICIENT
INDUSINDBK,2018-03,21.26025808808194,NORMAL,19.868581396171827,NORMAL,,INSUFFICIENT,26.202442783967193,NORMAL,27.72092867738314,NORMAL,,INSUFFICIENT,20.843727005349997,NORMAL,24.57309396155174,NORMAL,,INSUFFICIENT
INDUSINDBK,2019-03,23.312450208845203,NORMAL,21.948381582255692,NORMAL,,INSUFFICIENT,13.028968977248056,NORMAL,18.57921580173736,NORMAL,,INSUFFICIENT,13.11660558464036,NORMAL,15.292162467409565,NORMAL,,INSUFFICIENT
INDUSINDBK,2020-03,25.94981939550629,NORMAL,24.321010202841762,NORMAL,,INSUFFICIENT,15.491189624108515,NORMAL,19.751415210189815,NORMAL,,INSUFFICIENT,10.064241629820891,NORMAL,13.485457134316015,NORMAL,,INSUFFICIENT
INDUSINDBK,2021-03,18.83463663794036,NORMAL,19.556948543092957,NORMAL,,INSUFFICIENT,-7.69465821901516,NORMAL,4.406130464362379,NORMAL,,INSUFFICIENT,-14.882898808526502,NORMAL,-0.5319450763145883,NORMAL,,INSUFFICIENT
INDUSINDBK,2022-03,11.456495150268298,NORMAL,16.429620297749015,NORMAL,,INSUFFICIENT,11.784914582547534,NORMAL,9.962143008064084,NORMAL,,INSUFFICIENT,2.9428498400178693,NORMAL,4.563955259127317,NORMAL,,INSUFFICIENT
INDUSINDBK,2023-03,8.108818294925246,NORMAL,16.04598245049358,NORMAL,17.94179620925618,NORMAL,18.706065055459597,NORMAL,15.431341581089676,NORMAL,21.42074841316457,NORMAL,14.072565884674159,NORMAL,9.626227935295418,NORMAL,16.860936130231472,NORMAL
INDUSINDBK,2024-03,16.410290098595137,NORMAL,15.495613083358029,NORMAL,18.67814919085109,NORMAL,46.680462139134974,NORMAL,22.077464953948358,NORMAL,20.315626837511314,NORMAL,45.93698581900316,NORMAL,15.895621875417865,NORMAL,15.593498374788117,NORMAL
INFY,2013-03,,INSUFFICIENT,,INSUFFICIENT,,INSUFFICIENT,,INSUFFICIENT,,INSUFFICIENT,,INSUFFICIENT,,INSUFFICIENT,,INSUFFICIENT,,INSUFFICIENT
INFY,2014-03,,INSUFFICIENT,,INSUFFICIENT,,INSUFFICIENT,,INSUFFICIENT,,INSUFFICIENT,,INSUFFICIENT,,INSUFFICIENT,,INSUFFICIENT,,INSUFFICIENT
INFY,2015-03,,INSUFFICIENT,,INSUFFICIENT,,INSUFFICIENT,,INSUFFICIENT,,INSUFFICIENT,,INSUFFICIENT,,INSUFFICIENT,,INSUFFICIENT,,INSUFFICIENT
INFY,2016-03,15.664902194350061,NORMAL,,INSUFFICIENT,,INSUFFICIENT,12.677717161772527,NORMAL,,INSUFFICIENT,,INSUFFICIENT,11.3592338632446,NORMAL,,INSUFFICIENT,,INSUFFICIENT
INFY,2017-03,10.957111282688103,NORMAL,,INSUFFICIENT,,INSUFFICIENT,10.43739595009714,NORMAL,,INSUFFICIENT,,INSUFFICIENT,10.461588908611908,NORMAL,,INSUFFICIENT,,INSUFFICIENT
INFY,2018-03,9.769294997006405,NORMAL,11.81289987999634,NORMAL,,INSUFFICIENT,9.015647640603586,NORMAL,11.195742367356232,NORMAL,,INSUFFICIENT,11.07406172153178,NORMAL,11.994446021554527,NORMAL,,INSUFFICIENT
INFY,2019-03,9.80820305126835,NORMAL,10.522347793403108,NORMAL,,INSUFFICIENT,4.538025918537669,NORMAL,7.656854216677544,NORMAL,,INSUFFICIENT,6.469042607881903,NORMAL,8.7597101915158,NORMAL,,INSUFFICIENT
INFY,2020-03,9.854510602507016,NORMAL,11.23261845680139,NORMAL,,INSUFFICIENT,5.049707048712104,NORMAL,6.105393931161118,NORMAL,,INSUFFICIENT,7.952897730893849,NORMAL,7.631692251481081,NORMAL,,INSUFFICIENT
INFY,2021-03,12.522699422394744,NORMAL,9.980335337542012,NORMAL,,INSUFFICIENT,6.611313417823994,NORMAL,7.564090913719279,NORMAL,,INSUFFICIENT,6.742391798827341,NORMAL,9.184981078954069,NORMAL,,INSUFFICIENT
INFY,2022-03,13.737041176393184,NORMAL,12.175540977423328,NORMAL,,INSUFFICIENT,12.848957726634369,NORMAL,9.061262837863616,NORMAL,,INSUFFICIENT,14.833678012614415,NORMAL,11.322470345537216,NORMAL,,INSUFFICIENT
INFY,2023-03,17.362280326090573,NORMAL,15.787255328146577,NORMAL,13.782726225845131,NORMAL,13.156104226704102,NORMAL,8.505299682051447,NORMAL,9.842283975426191,NORMAL,14.144361260685523,NORMAL,9.407036350794119,NORMAL,10.693181483627367,NORMAL
INFY,2024-03,15.216500798806365,NORMAL,13.199100930556229,NORMAL,11.852717458931128,NORMAL,10.558796476740762,NORMAL,11.239419983657939,NORMAL,9.433477603192465,NORMAL,11.868894208139679,NORMAL,12.474611314209483,NORMAL,10.60156477390728,NORMAL
IOC,2013-03,,INSUFFICIENT,,INSUFFICIENT,,INSUFFICIENT,,INSUFFICIENT,,INSUFFICIENT,,INSUFFICIENT,,INSUFFICIENT,,INSUFFICIENT,,INSUFFICIENT
IOC,2014-03,,INSUFFICIENT,,INSUFFICIENT,,INSUFFICIENT,,INSUFFICIENT,,INSUFFICIENT,,INSUFFICIENT,,INSUFFICIENT,,INSUFFICIENT,,INSUFFICIENT
IOC,2015-03,,INSUFFICIENT,,INSUFFICIENT,,INSUFFICIENT,,INSUFFICIENT,,INSUFFICIENT,,INSUFFICIENT,,INSUFFICIENT,,INSUFFICIENT,,INSUFFICIENT
IOC,2016-03,-9.169336556017438,NORMAL,,INSUFFICIENT,,INSUFFICIENT,50.698778897915744,NORMAL,,INSUFFICIENT,,INSUFFICIENT,38.672254870126935,NORMAL,,INSUFFICIENT,,INSUFFICIENT
IOC,2017-03,-10.052657110271191,NORMAL,,INSUFFICIENT,,INSUFFICIENT,43.02818747749668,NORMAL,,INSUFFICIENT,,INSUFFICIENT,40.94597464129783,NORMAL,,INSUFFICIENT,,INSUFFICIENT
IOC,2018-03,-2.1221790122929796,NORMAL,-1.8091898452746502,NORMAL,,INSUFFICIENT,66.8399948321155,NORMAL,44.215535009291294,NORMAL,,INSUFFICIENT,70.99759466766969,NORMAL,37.97296614612149,NORMAL,,INSUFFICIENT
IOC,2019-03,15.13581194246405,NORMAL,1.5798163670665666,NORMAL,,INSUFFICIENT,11.644856530633053,NORMAL,19.913870464536586,NORMAL,,INSUFFICIENT,14.471424255333186,NORMAL,19.13578981670916,NORMAL,,INSUFFICIENT
IOC,2020-03,10.827353497863633,NORMAL,1.4797147807903865,NORMAL,,INSUFFICIENT,,DECLINE_TO_LOSS,,DECLINE_TO_LOSS,,INSUFFICIENT,,DECLINE_TO_LOSS,,DECLINE_TO_LOSS,,INSUFFICIENT
IOC,2021-03,-4.77504066085449,NORMAL,1.014060519872384,NORMAL,,INSUFFICIENT,-1.2894266676414134,NORMAL,11.883079142570097,NORMAL,,INSUFFICIENT,0.0,NORMAL,13.396657763302722,NORMAL,,INSUFFICIENT
IOC,2022-03,3.7200422242528175,NORMAL,10.645060661942974,NORMAL,,INSUFFICIENT,14.19981764263223,NORMAL,4.7648718629675235,NORMAL,,INSUFFICIENT,14.471424255333186,NORMAL,5.154749679728043,NORMAL,,INSUFFICIENT
IOC,2023-03,20.277536380439187,NORMAL,14.836349116918468,NORMAL,6.187919063333669,NORMAL,,TURNAROUND,-12.351334911293721,NORMAL,12.429084887398979,NORMAL,,TURNAROUND,-14.137929651551106,NORMAL,8.842291989017026,NORMAL
IOC,2024-03,28.727791225279177,NORMAL,8.008755667240486,NORMAL,4.744973944880271,NORMAL,25.64085913541887,NORMAL,20.099089966731643,NORMAL,20.006444481866815,NORMAL,25.99210498948732,NORMAL,20.11244339814313,NORMAL,19.623119885131544,NORMAL
IRCTC,2015-03,,INSUFFICIENT,,INSUFFICIENT,,INSUFFICIENT,,INSUFFICIENT,,INSUFFICIENT,,INSUFFICIENT,,INSUFFICIENT,,INSUFFICIENT,,INSUFFICIENT
IRCTC,2016-03,,INSUFFICIENT,,INSUFFICIENT,,INSUFFICIENT,,INSUFFICIENT,,INSUFFICIENT,,INSUFFICIENT,,INSUFFICIENT,,INSUFFICIENT,,INSUFFICIENT
IRCTC,2017-03,,INSUFFICIENT,,INSUFFICIENT,,INSUFFICIENT,,INSUFFICIENT,,INSUFFICIENT,,INSUFFICIENT,,INSUFFICIENT,,INSUFFICIENT,,INSUFFICIENT
IRCTC,2018-03,11.449811104068885,NORMAL,,INSUFFICIENT,,INSUFFICIENT,19.043857872204704,NORMAL,,INSUFFICIENT,,INSUFFICIENT,-5.416268377977785,NORMAL,,INSUFFICIENT,,INSUFFICIENT
IRCTC,2019-03,11.008873959320331,NORMAL,,INSUFFICIENT,,INSUFFICIENT,17.80549770310449,NORMAL,,INSUFFICIENT,,INSUFFICIENT,-40.51116507409971,NORMAL,,INSUFFICIENT,,INSUFFICIENT
IRCTC,2020-03,14.203026027231868,NORMAL,16.411555535790434,NORMAL,,INSUFFICIENT,30.846053303040843,NORMAL,31.392087899378353,NORMAL,,INSUFFICIENT,-18.294205935675624,NORMAL,-14.327472495069038,NORMAL,,INSUFFICIENT
IRCTC,2021-03,-19.072582290439456,NORMAL,-10.683745846400194,NORMAL,,INSUFFICIENT,-5.416268377977785,NORMAL,-0.21254177351718306,NORMAL,,INSUFFICIENT,-43.348366505729516,NORMAL,-36.25365645308462,NORMAL,,INSUFFICIENT
IRCTC,2022-03,0.1601711226295155,NORMAL,4.3317851665537255,NORMAL,,INSUFFICIENT,28.783972913845712,NORMAL,23.57815034854438,NORMAL,,INSUFFICIENT,25.99210498948732,NORMAL,-6.170487402194635,NORMAL,,INSUFFICIENT
IRCTC,2023-03,16.07797809845499,NORMAL,19.288448837755602,NORMAL,,INSUFFICIENT,25.168065030008833,NORMAL,35.40700785415161,NORMAL,,INSUFFICIENT,29.398934610938454,NORMAL,3.3975226531950176,NORMAL,,INSUFFICIENT
IRCTC,2024-03,76.46921430165466,NORMAL,17.955244103890912,NORMAL,,INSUFFICIENT,81.11627776293705,NORMAL,29.16686408659448,NORMAL,,INSUFFICIENT,91.29311827723889,NORMAL,28.473515712343932,NORMAL,,INSUFFICIENT
IRFC,2013-03,,INSUFFICIENT,,INSUFFICIENT,,INSUFFICIENT,,INSUFFICIENT,,INSUFFICIENT,,INSUFFICIENT,,INSUFFICIENT,,INSUFFICIENT,,INSUFFICIENT
IRFC,2014-03,,INSUFFICIENT,,INSUFFICIENT,,INSUFFICIENT,,INSUFFICIENT,,INSUFFICIENT,,INSUFFICIENT,,INSUFFICIENT,,INSUFFICIENT,,INSUFFICIENT
IRFC,2015-03,,INSUFFICIENT,,INSUFFICIENT,,INSUFFICIENT,,INSUFFICIENT,,INSUFFICIENT,,INSUFFICIENT,,INSUFFICIENT,,INSUFFICIENT,,INSUFFICIENT
IRFC,2016-03,10.592194921232956,NORMAL,,INSUFFICIENT,,INSUFFICIENT,17.601373968002854,NORMAL,,INSUFFICIENT,,INSUFFICIENT,-5.390454039462956,NORMAL,,INSUFFICIENT,,INSUFFICIENT
IRFC,2017-03,13.442128028685406,NORMAL,,INSUFFICIENT,,INSUFFICIENT,10.038067017269148,NORMAL,,INSUFFICIENT,,INSUFFICIENT,-11.882280208942664,NORMAL,,INSUFFICIENT,,INSUFFICIENT
IRFC,2018-03,10.123690837464272,NORMAL,10.797314976705529,NORMAL,,INSUFFICIENT,39.437912859895754,NORMAL,31.531043210254573,NORMAL,,INSUFFICIENT,-75.81226893094892,NORMAL,-57.718181652624125,NORMAL,,INSUFFICIENT
IRFC,2019-03,14.041153216374024,NORMAL,12.433037605369979,NORMAL,,INSUFFICIENT,38.488257854113385,NORMAL,26.32395249098518,NORMAL,,INSUFFICIENT,-78.00668393657817,NORMAL,-60.53821356145814,NORMAL,,INSUFFICIENT
IRFC,2020-03,14.049511302315043,NORMAL,14.103140488227828,NORMAL,,INSUFFICIENT,50.62787021535862,NORMAL,33.314913556939096,NORMAL,,INSUFFICIENT,-72.41994852393199,NORMAL,-57.32661649382553,NORMAL,,INSUFFICIENT
IRFC,2021-03,19.391485610581594,NORMAL,16.005495428865157,NORMAL,,INSUFFICIENT,29.044375284627755,NORMAL,39.067060484374224,NORMAL,,INSUFFICIENT,0.0,NORMAL,-56.288804852580384,NORMAL,,INSUFFICIENT
IRFC,2022-03,22.163408687094698,NORMAL,17.542252951321856,NORMAL,,INSUFFICIENT,39.259099370810226,NORMAL,45.4970149339337,NORMAL,,INSUFFICIENT,35.72088082974532,NORMAL,-48.86399528121468,NORMAL,,INSUFFICIENT
IRFC,2023-03,20.908121863020448,NORMAL,20.68198021788925,NORMAL,15.634075316119599,NORMAL,24.548075686705495,NORMAL,24.58117551431116,NORMAL,28.008952732834945,NORMAL,18.56311014966876,NORMAL,10.756634324829006,NORMAL,-31.567610787806366,NORMAL
IRFC,2024-03,19.101938730495593,NORMAL,19.06740855567788,NORMAL,15.702681143154496,NORMAL,13.236946449292141,NORMAL,23.245023933940367,NORMAL,24.774991677745327,NORMAL,18.56311014966876,NORMAL,20.11244339814313,NORMAL,-31.1534199107249,NORMAL
ITC,2013-03,,INSUFFICIENT,,INSUFFICIENT,,INSUFFICIENT,,INSUFFICIENT,,INSUFFICIENT,,INSUFFICIENT,,INSUFFICIENT,,INSUFFICIENT,,INSUFFICIENT
ITC,2014-03,,INSUFFICIENT,,INSUFFICIENT,,INSUFFICIENT,,INSUFFICIENT,,INSUFFICIENT,,INSUFFICIENT,,INSUFFICIENT,,INSUFFICIENT,,INSUFFICIENT
ITC,2015-03,,INSUFFICIENT,,INSUFFICIENT,,INSUFFICIENT,,INSUFFICIENT,,INSUFFICIENT,,INSUFFICIENT,,INSUFFICIENT,,INSUFFICIENT,,INSUFFICIENT
ITC,2016-03,7.420625551256488,NORMAL,,INSUFFICIENT,,INSUFFICIENT,7.238570128202171,NORMAL,,INSUFFICIENT,,INSUFFICIENT,10.064241629820891,NORMAL,,INSUFFICIENT,,INSUFFICIENT
ITC,2017-03,6.599902674191616,NORMAL,,INSUFFICIENT,,INSUFFICIENT,5.191842166756144,NORMAL,,INSUFFICIENT,,INSUFFICIENT,4.551591714942038,NORMAL,,INSUFFICIENT,,INSUFFICIENT
ITC,2018-03,3.829143769542398,NORMAL,6.563647692065455,NORMAL,,INSUFFICIENT,5.530902812018423,NORMAL,8.328673833208056,NORMAL,,INSUFFICIENT,4.0041911525952045,NORMAL,8.447177119769854,NORMAL,,INSUFFICIENT
ITC,2019-03,7.243193969335526,NORMAL,6.485782310928911,NORMAL,,INSUFFICIENT,10.548655096564818,NORMAL,7.356362807797945,NORMAL,,INSUFFICIENT,7.721734501594191,NORMAL,7.394092378577932,NORMAL,,INSUFFICIENT
ITC,2020-03,4.914174068769528,NORMAL,4.934885839116165,NORMAL,,INSUFFICIENT,14.173218807130539,NORMAL,9.780965642396078,NORMAL,,INSUFFICIENT,14.471424255333186,NORMAL,8.447177119769854,NORMAL,,INSUFFICIENT
ITC,2021-03,4.270804431240349,NORMAL,4.677684227502499,NORMAL,,INSUFFICIENT,5.205882509463722,NORMAL,7.091951336070168,NORMAL,,INSUFFICIENT,6.917810999860885,NORMAL,6.576275663547415,NORMAL,,INSUFFICIENT
ITC,2022-03,7.85231002593576,NORMAL,7.234668062509075,NORMAL,,INSUFFICIENT,6.494867989916275,NORMAL,8.152300226979946,NORMAL,,INSUFFICIENT,6.265856918261115,NORMAL,8.447177119769854,NORMAL,,INSUFFICIENT
ITC,2023-03,12.818517330621537,NORMAL,10.295187558658526,NORMAL,8.413364070723151,NORMAL,7.695476412191082,NORMAL,11.126524392785209,NORMAL,9.718681249658069,NORMAL,7.721734501594191,NORMAL,10.756634324829006,NORMAL,9.595822638521723,NORMAL
ITC,2024-03,12.890307004910628,NORMAL,7.950896846254429,NORMAL,7.215836991741997,NORMAL,15.743119736566346,NORMAL,10.083407558317958,NORMAL,8.711334464026654,NORMAL,13.30326698854094,NORMAL,9.856054330611785,NORMAL,8.618098156466525,NORMAL
JINDALSTEL,2013-03,,INSUFFICIENT,,INSUFFICIENT,,INSUFFICIENT,,INSUFFICIENT,,INSUFFICIENT,,INSUFFICIENT,,INSUFFICIENT,,INSUFFICIENT,,INSUFFICIENT
JINDALSTEL,2014-03,,INSUFFICIENT,,INSUFFICIENT,,INSUFFICIENT,,INSUFFICIENT,,INSUFFICIENT,,INSUFFICIENT,,INSUFFICIENT,,INSUFFICIENT,,INSUFFICIENT
JINDALSTEL,2015-03,,INSUFFICIENT,,INSUFFICIENT,,INSUFFICIENT,,INSUFFICIENT,,INSUFFICIENT,,INSUFFICIENT,,INSUFFICIENT,,INSUFFICIENT,,INSUFFICIENT
JINDALSTEL,2016-03,-0.57208908819526,NORMAL,,INSUFFICIENT,,INSUFFICIENT,,DECLINE_TO_LOSS,,INSUFFICIENT,,INSUFFICIENT,,DECLINE_TO_LOSS,,INSUFFICIENT,,INSUFFICIENT
JINDALSTEL,2017-03,3.854176821762212,NORMAL,,INSUFFICIENT,,INSUFFICIENT,,DECLINE_TO_LOSS,,INSUFFICIENT,,INSUFFICIENT,,DECLINE_TO_LOSS,,INSUFFICIENT,,INSUFFICIENT
JINDALSTEL,2018-03,19.714245040004673,NORMAL,10.94010726559529,NORMAL,,INSUFFICIENT,,BOTH_NEGATIVE,,DECLINE_TO_LOSS,,INSUFFICIENT,,BOTH_NEGATIVE,,DECLINE_TO_LOSS,,INSUFFICIENT
JINDALSTEL,2019-03,34.11580979207605,NORMAL,19.483595321619717,NORMAL,,INSUFFICIENT,,BOTH_NEGATIVE,,DECLINE_TO_LOSS,,INSUFFICIENT,,BOTH_NEGATIVE,,DECLINE_TO_LOSS,,INSUFFICIENT
JINDALSTEL,2020-03,20.632095903301707,NORMAL,14.344614348072525,NORMAL,,INSUFFICIENT,,BOTH_NEGATIVE,,BOTH_NEGATIVE,,INSUFFICIENT,,BOTH_NEGATIVE,,BOTH_NEGATIVE,,INSUFFICIENT
JINDALSTEL,2021-03,1.2784253107735788,NORMAL,12.174400426686717,NORMAL,,INSUFFICIENT,,TURNAROUND,,TURNAROUND,,INSUFFICIENT,,TURNAROUND,,TURNAROUND,,INSUFFICIENT
JINDALSTEL,2022-03,2.896190806178045,NORMAL,18.82107580889585,NORMAL,,INSUFFICIENT,,TURNAROUND,,TURNAROUND,,INSUFFICIENT,,TURNAROUND,,TURNAROUND,,INSUFFICIENT
JINDALSTEL,2023-03,11.952973262442178,NORMAL,9.837235785942955,NORMAL,10.387294195704388,NORMAL,,TURNAROUND,,TURNAROUND,3.0175343065679483,NORMAL,,TURNAROUND,,TURNAROUND,0.0,NORMAL
JINDALSTEL,2024-03,13.346256701428505,NORMAL,1.4028310947741707,NORMAL,10.07258893564078,NORMAL,11.676303196350535,NORMAL,,TURNAROUND,12.10287216940693,NORMAL,17.230827599961064,NORMAL,,TURNAROUND,10.693181483627367,NORMAL
JIOFIN,2023-03,,INSUFFICIENT,,INSUFFICIENT,,INSUFFICIENT,,INSUFFICIENT,,INSUFFICIENT,,INSUFFICIENT,,INSUFFICIENT,,INSUFFICIENT,,INSUFFICIENT
JIOFIN,2024-03,,INSUFFICIENT,,INSUFFICIENT,,INSUFFICIENT,,INSUFFICIENT,,INSUFFICIENT,,INSUFFICIENT,,INSUFFICIENT,,INSUFFICIENT,,INSUFFICIENT
JSWENERGY,2013-03,,INSUFFICIENT,,INSUFFICIENT,,INSUFFICIENT,,INSUFFICIENT,,INSUFFICIENT,,INSUFFICIENT,,INSUFFICIENT,,INSUFFICIENT,,INSUFFICIENT
JSWENERGY,2014-03,,INSUFFICIENT,,INSUFFICIENT,,INSUFFICIENT,,INSUFFICIENT,,INSUFFICIENT,,INSUFFICIENT,,INSUFFICIENT,,INSUFFICIENT,,INSUFFICIENT
JSWENERGY,2015-03,,INSUFFICIENT,,INSUFFICIENT,,INSUFFICIENT,,INSUFFICIENT,,INSUFFICIENT,,INSUFFICIENT,,INSUFFICIENT,,INSUFFICIENT,,INSUFFICIENT
JSWENERGY,2016-03,3.4637570222804337,NORMAL,,INSUFFICIENT,,INSUFFICIENT,17.456220384976252,NORMAL,,INSUFFICIENT,,INSUFFICIENT,14.471424255333186,NORMAL,,INSUFFICIENT,,INSUFFICIENT
JSWENERGY,2017-03,-1.5065483639832622,NORMAL,,INSUFFICIENT,,INSUFFICIENT,-6.410997571621024,NORMAL,,INSUFFICIENT,,INSUFFICIENT,-7.168223327744416,NORMAL,,INSUFFICIENT,,INSUFFICIENT
JSWENERGY,2018-03,-4.861442664652715,NORMAL,-1.9237930178255813,NORMAL,,INSUFFICIENT,-60.29550116268536,NORMAL,-37.6353015223954,NORMAL,,INSUFFICIENT,-100.0,NORMAL,-100.0,NORMAL,,INSUFFICIENT
JSWENERGY,2019-03,-2.384016709512471,NORMAL,1.1083666261997083,NORMAL,,INSUFFICIENT,-22.33337821969158,NORMAL,-2.08516376390232,NORMAL,,INSUFFICIENT,-23.685717163111207,NORMAL,-4.3647500209963,NORMAL,,INSUFFICIENT
JSWENERGY,2020-03,0.04032421099160466,NORMAL,-2.4116092813303402,NORMAL,,INSUFFICIENT,20.165338938295974,NORMAL,-4.460011471449954,NORMAL,,INSUFFICIENT,20.507113208761506,NORMAL,-2.6352819384831916,NORMAL,,INSUFFICIENT
JSWENERGY,2021-03,-4.903786983743197,NORMAL,-6.762923346846216,NORMAL,,INSUFFICIENT,113.13771385646447,NORMAL,-10.831923997101322,NORMAL,,INSUFFICIENT,,ZERO_BASE,-11.09104638678,NORMAL,,INSUFFICIENT
JSWENERGY,2022-03,-3.6754178035583673,NORMAL,-0.2334485509002837,NORMAL,,INSUFFICIENT,36.588382411421996,NORMAL,22.84623990988117,NORMAL,,INSUFFICIENT,40.10196653276936,NORMAL,22.423992536427463,NORMAL,,INSUFFICIENT
JSWENERGY,2023-03,7.68960675156638,NORMAL,5.120760469863872,NORMAL,1.53740917497327,NORMAL,11.039800750289386,NORMAL,77.0796104558991,NORMAL,5.088136878592664,NORMAL,8.738037300289214,NORMAL,,ZERO_BASE,4.137974399241062,NORMAL
JSWENERGY,2024-03,18.389287172901202,NORMAL,4.6799560539164675,NORMAL,2.878663361815992,NORMAL,27.976360369609466,NORMAL,20.322431469794555,NORMAL,8.541932785877826,NORMAL,25.99210498948732,NORMAL,20.11244339814313,NORMAL,7.177346253629313,NORMAL
JSWSTEEL,2013-03,,INSUFFICIENT,,INSUFFICIENT,,INSUFFICIENT,,INSUFFICIENT,,INSUFFICIENT,,INSUFFICIENT,,INSUFFICIENT,,INSUFFICIENT,,INSUFFICIENT
JSWSTEEL,2014-03,,INSUFFICIENT,,INSUFFICIENT,,INSUFFICIENT,,INSUFFICIENT,,INSUFFICIENT,,INSUFFICIENT,,INSUFFICIENT,,INSUFFICIENT,,INSUFFICIENT
JSWSTEEL,2015-03,,INSUFFICIENT,,INSUFFICIENT,,INSUFFICIENT,,INSUFFICIENT,,INSUFFICIENT,,INSUFFICIENT,,INSUFFICIENT,,INSUFFICIENT,,INSUFFICIENT
JSWSTEEL,2016-03,2.8294216135426042,NORMAL,,INSUFFICIENT,,INSUFFICIENT,,DECLINE_TO_LOSS,,INSUFFICIENT,,INSUFFICIENT,,DECLINE_TO_LOSS,,INSUFFICIENT,,INSUFFICIENT
JSWSTEEL,2017-03,2.775315860808414,NORMAL,,INSUFFICIENT,,INSUFFICIENT,105.07336742929456,NORMAL,,INSUFFICIENT,,INSUFFICIENT,95.74338205844317,NORMAL,,INSUFFICIENT,,INSUFFICIENT
JSWSTEEL,2018-03,10.737301001569,NORMAL,13.488074366619983,NORMAL,,INSUFFICIENT,52.54819837059286,NORMAL,45.763147097236654,NORMAL,,INSUFFICIENT,54.866839700624205,NORMAL,45.40611511009971,NORMAL,,INSUFFICIENT
JSWSTEEL,2019-03,26.828090306897657,NORMAL,10.597981401367097,NORMAL,,INSUFFICIENT,,TURNAROUND,79.65716688248622,NORMAL,,INSUFFICIENT,,TURNAROUND,74.11011265922482,NORMAL,,INSUFFICIENT
JSWSTEEL,2020-03,9.660608965808981,NORMAL,6.719141968738929,NORMAL,,INSUFFICIENT,4.169474654299199,NORMAL,17.87682326651079,NORMAL,,INSUFFICIENT,4.260360145884445,NORMAL,19.418105281717768,NORMAL,,INSUFFICIENT
JSWSTEEL,2021-03,3.5370146463593155,NORMAL,13.955994183906961,NORMAL,,INSUFFICIENT,8.79993065287823,NORMAL,,TURNAROUND,,INSUFFICIENT,8.271344701570783,NORMAL,,TURNAROUND,,INSUFFICIENT
JSWSTEEL,2022-03,19.975661883306707,NORMAL,21.35838854644947,NORMAL,,INSUFFICIENT,40.65725452096822,NORMAL,43.283529441726955,NORMAL,,INSUFFICIENT,38.4914564188616,NORMAL,41.470384317198224,NORMAL,,INSUFFICIENT
JSWSTEEL,2023-03,31.295087581999702,NORMAL,18.199339744214637,NORMAL,15.819754182854373,NORMAL,1.8372635540720328,NORMAL,-7.502880977365567,NORMAL,16.11490501295203,NORMAL,0.0,NORMAL,-8.14662577923444,NORMAL,15.568344736764761,NORMAL
JSWSTEEL,2024-03,29.901036567598815,NORMAL,15.604695052452788,NORMAL,13.073630495009247,NORMAL,4.455778963004109,NORMAL,3.585216043903361,NORMAL,36.417837709582315,NORMAL,2.9428498400178693,NORMAL,2.3836255539609663,NORMAL,33.5141362540313,NORMAL
KOTAKBANK,2013-03,,INSUFFICIENT,,INSUFFICIENT,,INSUFFICIENT,,INSUFFICIENT,,INSUFFICIENT,,INSUFFICIENT,,INSUFFICIENT,,INSUFFICIENT,,INSUFFICIENT
KOTAKBANK,2014-03,,INSUFFICIENT,,INSUFFICIENT,,INSUFFICIENT,,INSUFFICIENT,,INSUFFICIENT,,INSUFFICIENT,,INSUFFICIENT,,INSUFFICIENT,,INSUFFICIENT
KOTAKBANK,2015-03,,INSUFFICIENT,,INSUFFICIENT,,INSUFFICIENT,,INSUFFICIENT,,INSUFFICIENT,,INSUFFICIENT,,INSUFFICIENT,,INSUFFICIENT,,INSUFFICIENT
KOTAKBANK,2016-03,23.473719850788033,NORMAL,,INSUFFICIENT,,INSUFFICIENT,16.33898554679323,NORMAL,,INSUFFICIENT,,INSUFFICIENT,8.198385552319753,NORMAL,,INSUFFICIENT,,INSUFFICIENT
KOTAKBANK,2017-03,23.036106730766193,NORMAL,,INSUFFICIENT,,INSUFFICIENT,25.70059051662397,NORMAL,,INSUFFICIENT,,INSUFFICIENT,19.05507889761495,NORMAL,,INSUFFICIENT,,INSUFFICIENT
KOTAKBANK,2018-03,23.569906220162085,NORMAL,18.318355472841485,NORMAL,,INSUFFICIENT,26.315889529165215,NORMAL,22.833010294153834,NORMAL,,INSUFFICIENT,18.166575046750122,NORMAL,17.08049129648923,NORMAL,,INSUFFICIENT
KOTAKBANK,2019-03,13.500651991387326,NORMAL,20.004824943182275,NORMAL,,INSUFFICIENT,26.914896948037104,NORMAL,23.30869241378142,NORMAL,,INSUFFICIENT,25.99210498948732,NORMAL,18.88654957871243,NORMAL,,INSUFFICIENT
KOTAKBANK,2020-03,14.457748677369553,NORMAL,20.239510229555723,NORMAL,,INSUFFICIENT,19.630671009507704,NORMAL,22.5791601484139,NORMAL,,INSUFFICIENT,18.56311014966876,NORMAL,17.607902252467355,NORMAL,,INSUFFICIENT
KOTAKBANK,2021-03,9.305731632382619,NORMAL,9.974796418167053,NORMAL,,INSUFFICIENT,16.871865553933674,NORMAL,23.17027688055957,NORMAL,,INSUFFICIENT,14.85555943044825,NORMAL,21.350977971820974,NORMAL,,INSUFFICIENT
KOTAKBANK,2022-03,4.190961522495429,NORMAL,8.61184401023458,NORMAL,,INSUFFICIENT,18.833500702742278,NORMAL,19.221515022302448,NORMAL,,INSUFFICIENT,17.088815555918323,NORMAL,17.70453993611598,NORMAL,,INSUFFICIENT
KOTAKBANK,2023-03,7.985826558635645,NORMAL,10.896955244101703,NORMAL,14.54756816025129,NORMAL,20.205178031376136,NORMAL,18.985970213374358,NORMAL,20.89418887638599,NORMAL,18.56311014966876,NORMAL,17.844539784792257,NORMAL,17.461894308801895,NORMAL
KOTAKBANK,2024-03,19.66335897034557,NORMAL,13.51960376324537,NORMAL,16.717180300192645,NORMAL,22.162712282993226,NORMAL,20.38200065626572,NORMAL,21.836558926617357,NORMAL,22.538513504568325,NORMAL,19.344070441601247,NORMAL,19.115090343250696,NORMAL
LICI,2019-03,,INSUFFICIENT,,INSUFFICIENT,,INSUFFICIENT,,INSUFFICIENT,,INSUFFICIENT,,INSUFFICIENT,,INSUFFICIENT,,INSUFFICIENT,,INSUFFICIENT
LICI,2020-03,,INSUFFICIENT,,INSUFFICIENT,,INSUFFICIENT,,INSUFFICIENT,,INSUFFICIENT,,INSUFFICIENT,,INSUFFICIENT,,INSUFFICIENT,,INSUFFICIENT
LICI,2021-03,,INSUFFICIENT,,INSUFFICIENT,,INSUFFICIENT,,INSUFFICIENT,,INSUFFICIENT,,INSUFFICIENT,,INSUFFICIENT,,INSUFFICIENT,,INSUFFICIENT
LICI,2022-03,8.18323111829875,NORMAL,,INSUFFICIENT,,INSUFFICIENT,16.230817761538695,NORMAL,,INSUFFICIENT,,INSUFFICIENT,,INSUFFICIENT,,INSUFFICIENT,,INSUFFICIENT
LICI,2023-03,7.702257779277111,NORMAL,,INSUFFICIENT,,INSUFFICIENT,136.82761372865951,NORMAL,,INSUFFICIENT,,INSUFFICIENT,,INSUFFICIENT,,INSUFFICIENT,,INSUFFICIENT
LICI,2024-03,6.981735429882496,NORMAL,8.15986061977938,NORMAL,,INSUFFICIENT,139.6168760853028,NORMAL,73.17556747076097,NORMAL,,INSUFFICIENT,111.25903832908759,NORMAL,,INSUFFICIENT,,INSUFFICIENT
LODHA,2011-03,,INSUFFICIENT,,INSUFFICIENT,,INSUFFICIENT,,INSUFFICIENT,,INSUFFICIENT,,INSUFFICIENT,,INSUFFICIENT,,INSUFFICIENT,,INSUFFICIENT
LODHA,2012-03,,INSUFFICIENT,,INSUFFICIENT,,INSUFFICIENT,,INSUFFICIENT,,INSUFFICIENT,,INSUFFICIENT,,INSUFFICIENT,,INSUFFICIENT,,INSUFFICIENT
LODHA,2015-03,28.281847269919712,NORMAL,,INSUFFICIENT,,INSUFFICIENT,27.94578166338293,NORMAL,,INSUFFICIENT,,INSUFFICIENT,25.99210498948732,NORMAL,,INSUFFICIENT,,INSUFFICIENT
LODHA,2016-03,,INSUFFICIENT,30.577489773855817,NORMAL,,INSUFFICIENT,,INSUFFICIENT,21.638282566235347,NORMAL,,INSUFFICIENT,,INSUFFICIENT,21.67286837864115,NORMAL,,INSUFFICIENT
LODHA,2017-03,,INSUFFICIENT,21.8228387693981,NORMAL,,INSUFFICIENT,,INSUFFICIENT,8.917477411823516,NORMAL,,INSUFFICIENT,,INSUFFICIENT,7.631692251481081,NORMAL,,INSUFFICIENT
LODHA,2018-03,15.77413499290854,NORMAL,,INSUFFICIENT,,INSUFFICIENT,-0.1673643295316274,NORMAL,,INSUFFICIENT,,INSUFFICIENT,-17.79293085565099,NORMAL,,INSUFFICIENT,,INSUFFICIENT
LODHA,2019-03,13.014373889520137,NORMAL,,INSUFFICIENT,,INSUFFICIENT,32.73399403212429,NORMAL,,INSUFFICIENT,,INSUFFICIENT,9.487978497197226,NORMAL,,INSUFFICIENT,,INSUFFICIENT
LODHA,2020-03,16.222535136393958,NORMAL,14.816366483085108,NORMAL,,INSUFFICIENT,8.308785518131945,NORMAL,-1.4446504097443524,NORMAL,,INSUFFICIENT,-11.536038067459787,NORMAL,-12.944943670387588,NORMAL,,INSUFFICIENT
LODHA,2021-03,-17.423078351808165,NORMAL,-7.958624381472812,NORMAL,9.629064502073792,NORMAL,-60.75295966627807,NORMAL,-41.54021921731441,NORMAL,-15.673566815591656,NORMAL,-53.5841116638722,NORMAL,-42.56508225014826,NORMAL,-16.404119792206316,NORMAL
LODHA,2022-03,-8.128636778863052,NORMAL,3.0997835489557257,NORMAL,12.070996731733729,NORMAL,-9.762225964928051,NORMAL,15.646053678074455,NORMAL,12.231352300719456,NORMAL,-17.017346663375655,NORMAL,-1.5881085866475741,NORMAL,2.9186008964760646,NORMAL
LODHA,2023-03,-8.699120881275668,NORMAL,-0.4315268098149416,NORMAL,,INSUFFICIENT,-12.917532791194708,NORMAL,-9.202243971478053,NORMAL,,INSUFFICIENT,-17.79293085565099,NORMAL,-12.944943670387588,NORMAL,,INSUFFICIENT
LODHA,2024-03,23.70811095275156,NORMAL,-2.8278535641862446,NORMAL,,INSUFFICIENT,218.7155543964547,NORMAL,-1.119685230740497,NORMAL,,INSUFFICIENT,151.98420997897463,NORMAL,-5.293423548032761,NORMAL,,INSUFFICIENT
LT,2013-03,,INSUFFICIENT,,INSUFFICIENT,,INSUFFICIENT,,INSUFFICIENT,,INSUFFICIENT,,INSUFFICIENT,,INSUFFICIENT,,INSUFFICIENT,,INSUFFICIENT
LT,2014-03,,INSUFFICIENT,,INSUFFICIENT,,INSUFFICIENT,,INSUFFICIENT,,INSUFFICIENT,,INSUFFICIENT,,INSUFFICIENT,,INSUFFICIENT,,INSUFFICIENT
LT,2015-03,,INSUFFICIENT,,INSUFFICIENT,,INSUFFICIENT,,INSUFFICIENT,,INSUFFICIENT,,INSUFFICIENT,,INSUFFICIENT,,INSUFFICIENT,,INSUFFICIENT
LT,2016-03,10.757630816626085,NORMAL,,INSUFFICIENT,,INSUFFICIENT,-4.613252756634001,NORMAL,,INSUFFICIENT,,INSUFFICIENT,-6.561462465235735,NORMAL,,INSUFFICIENT,,INSUFFICIENT
LT,2017-03,8.723735620593477,NORMAL,,INSUFFICIENT,,INSUFFICIENT,9.910063495473299,NORMAL,,INSUFFICIENT,,INSUFFICIENT,7.102630401422205,NORMAL,,INSUFFICIENT,,INSUFFICIENT
LT,2018-03,9.19262592982355,NORMAL,9.966792462191098,NORMAL,,INSUFFICIENT,17.246563281707083,NORMAL,8.631021572439623,NORMAL,,INSUFFICIENT,15.948637819501933,NORMAL,6.880494531152914,NORMAL,,INSUFFICIENT
LT,2019-03,10.170442476179108,NORMAL,9.715816069123928,NORMAL,,INSUFFICIENT,30.549086724171516,NORMAL,15.902222805442445,NORMAL,,INSUFFICIENT,26.66587237262421,NORMAL,12.474611314209483,NORMAL,,INSUFFICIENT
LT,2020-03,9.989345811031969,NORMAL,9.610821400775805,NORMAL,,INSUFFICIENT,18.8694196013278,NORMAL,17.01354348296713,NORMAL,,INSUFFICIENT,16.505604888837343,NORMAL,14.869835499703509,NORMAL,,INSUFFICIENT
LT,2021-03,4.3469578483188,NORMAL,6.102407546773847,NORMAL,,INSUFFICIENT,17.30855417997357,NORMAL,22.986898462324156,NORMAL,,INSUFFICIENT,15.658971921573418,NORMAL,21.47598568275417,NORMAL,,INSUFFICIENT
LT,2022-03,4.997081464441755,NORMAL,7.443699790639524,NORMAL,,INSUFFICIENT,0.654736181331339,NORMAL,9.943565902862627,NORMAL,,INSUFFICIENT,-0.5319249538303539,NORMAL,7.593156010932822,NORMAL,,INSUFFICIENT
LT,2023-03,8.022270030288814,NORMAL,8.904399787286167,NORMAL,9.434306913453728,NORMAL,4.777038653290466,NORMAL,9.379448678258795,NORMAL,9.004592788329258,NORMAL,3.3199332429568518,NORMAL,7.19069301576436,NORMAL,7.035481400617316,NORMAL
LT,2024-03,17.592821624288746,NORMAL,10.335347989682408,NORMAL,10.02514597108597,NORMAL,6.361264204860495,NORMAL,8.75885858017449,NORMAL,12.273743409690363,NORMAL,5.027553928675843,NORMAL,8.56169392953159,NORMAL,10.500834061722086,NORMAL
LTIM,2013-03,,INSUFFICIENT,,INSUFFICIENT,,INSUFFICIENT,,INSUFFICIENT,,INSUFFICIENT,,INSUFFICIENT,,INSUFFICIENT,,INSUFFICIENT,,INSUFFICIENT
LTIM,2014-03,,INSUFFICIENT,,INSUFFICIENT,,INSUFFICIENT,,INSUFFICIENT,,INSUFFICIENT,,INSUFFICIENT,,INSUFFICIENT,,INSUFFICIENT,,INSUFFICIENT
LTIM,2015-03,,INSUFFICIENT,,INSUFFICIENT,,INSUFFICIENT,,INSUFFICIENT,,INSUFFICIENT,,INSUFFICIENT,,INSUFFICIENT,,INSUFFICIENT,,INSUFFICIENT
LTIM,2016-03,14.928683203908989,NORMAL,,INSUFFICIENT,,INSUFFICIENT,14.153698604688936,NORMAL,,INSUFFICIENT,,INSUFFICIENT,-34.45358491381468,NORMAL,,INSUFFICIENT,,INSUFFICIENT
LTIM,2017-03,9.733278403692513,NORMAL,,INSUFFICIENT,,INSUFFICIENT,-0.8437796701701084,NORMAL,,INSUFFICIENT,,INSUFFICIENT,-43.07468286896121,NORMAL,,INSUFFICIENT,,INSUFFICIENT
LTIM,2018-03,13.642712673496305,NORMAL,13.663553615808555,NORMAL,,INSUFFICIENT,13.08182681435306,NORMAL,14.623507637472377,NORMAL,,INSUFFICIENT,-35.119806986752685,NORMAL,-17.87548426345513,NORMAL,,INSUFFICIENT
LTIM,2019-03,17.344582304710478,NORMAL,13.93484548578321,NORMAL,,INSUFFICIENT,21.945087021923328,NORMAL,8.76470157317437,NORMAL,,INSUFFICIENT,21.089845255531216,NORMAL,-22.390988009879575,NORMAL,,INSUFFICIENT
LTIM,2020-03,18.72338491072687,NORMAL,16.92484877805469,NORMAL,,INSUFFICIENT,16.111379805119384,NORMAL,14.5996917922393,NORMAL,,INSUFFICIENT,15.136970746415223,NORMAL,-18.231042821628996,NORMAL,,INSUFFICIENT
LTIM,2021-03,19.187307945933107,NORMAL,16.17219033696773,NORMAL,,INSUFFICIENT,20.341751610700463,NORMAL,18.312191546907464,NORMAL,,INSUFFICIENT,19.528060908879397,NORMAL,17.76747936916381,NORMAL,,INSUFFICIENT
LTIM,2022-03,40.33977169008729,NORMAL,32.05717863061026,NORMAL,,INSUFFICIENT,37.60449836243862,NORMAL,32.39621611581924,NORMAL,,INSUFFICIENT,37.26329560973354,NORMAL,31.6017100176736,NORMAL,,INSUFFICIENT
LTIM,2023-03,45.02478270713488,NORMAL,35.34655180923289,NORMAL,24.032133128006606,NORMAL,42.62587895390335,NORMAL,31.72456117454432,NORMAL,22.876894670369484,NORMAL,19.643471363879893,NORMAL,18.04689882786892,NORMAL,-1.5391224879666265,NORMAL
LTIM,2024-03,42.13101535214459,NORMAL,30.32798083513346,NORMAL,21.85605589762474,NORMAL,33.24835486418234,NORMAL,24.775129058600996,NORMAL,16.495191642458163,NORMAL,11.772828128939317,NORMAL,12.24383304425547,NORMAL,-6.666549487610296,NORMAL
M&M,2013-03,,INSUFFICIENT,,INSUFFICIENT,,INSUFFICIENT,,INSUFFICIENT,,INSUFFICIENT,,INSUFFICIENT,,INSUFFICIENT,,INSUFFICIENT,,INSUFFICIENT
M&M,2014-03,,INSUFFICIENT,,INSUFFICIENT,,INSUFFICIENT,,INSUFFICIENT,,INSUFFICIENT,,INSUFFICIENT,,INSUFFICIENT,,INSUFFICIENT,,INSUFFICIENT
M&M,2015-03,,INSUFFICIENT,,INSUFFICIENT,,INSUFFICIENT,,INSUFFICIENT,,INSUFFICIENT,,INSUFFICIENT,,INSUFFICIENT,,INSUFFICIENT,,INSUFFICIENT
M&M,2016-03,3.3547694143181372,NORMAL,,INSUFFICIENT,,INSUFFICIENT,-4.875837342141997,NORMAL,,INSUFFICIENT,,INSUFFICIENT,-8.839082067855198,NORMAL,,INSUFFICIENT,,INSUFFICIENT
M&M,2017-03,4.221061755777056,NORMAL,,INSUFFICIENT,,INSUFFICIENT,-7.713266081547188,NORMAL,,INSUFFICIENT,,INSUFFICIENT,-7.577179188459704,NORMAL,,INSUFFICIENT,,INSUFFICIENT
M&M,2018-03,8.82961347345983,NORMAL,6.038547593725219,NORMAL,,INSUFFICIENT,33.02080999115062,NORMAL,14.022828575381352,NORMAL,,INSUFFICIENT,33.88659001643391,NORMAL,12.700920209792542,NORMAL,,INSUFFICIENT
M&M,2019-03,11.355048135892677,NORMAL,7.19122605967879,NORMAL,,INSUFFICIENT,19.18479742976862,NORMAL,3.144748073258663,NORMAL,,INSUFFICIENT,19.814528297901845,NORMAL,2.503093353490349,NORMAL,,INSUFFICIENT
M&M,2020-03,-3.4569097977209085,NORMAL,1.0777383538855156,NORMAL,,INSUFFICIENT,,DECLINE_TO_LOSS,,DECLINE_TO_LOSS,,INSUFFICIENT,-67.81702051314566,NORMAL,-47.46944391192466,NORMAL,,INSUFFICIENT
M&M,2021-03,-6.915731902531408,NORMAL,-0.4156185562773529,NORMAL,,INSUFFICIENT,-42.51128268702363,NORMAL,-15.711781738280251,NORMAL,,INSUFFICIENT,-37.00394750525634,NORMAL,-9.711954855256577,NORMAL,,INSUFFICIENT
M&M,2022-03,-4.864113709642448,NORMAL,1.4828285717850775,NORMAL,,INSUFFICIENT,6.425546421575001,NORMAL,12.354659227390563,NORMAL,,INSUFFICIENT,7.218354565351115,NORMAL,12.054918219885359,NORMAL,,INSUFFICIENT
M&M,2023-03,17.172954352743552,NORMAL,5.658317806289093,NORMAL,5.848261966718815,NORMAL,,TURNAROUND,7.4043467044287326,NORMAL,10.664119806421013,NORMAL,336.20706714548373,NORMAL,6.705146990192867,NORMAL,9.66206389137454,NORMAL
M&M,2024-03,23.253542874034295,NORMAL,5.838805854237616,NORMAL,6.512869476923022,NORMAL,100.95443275430912,NORMAL,15.316887061047968,NORMAL,9.061135444778024,NORMAL,82.38258956284288,NORMAL,16.175509914303852,NORMAL,9.125382648287793,NORMAL
MARUTI,2013-03,,INSUFFICIENT,,INSUFFICIENT,,INSUFFICIENT,,INSUFFICIENT,,INSUFFICIENT,,INSUFFICIENT,,INSUFFICIENT,,INSUFFICIENT,,INSUFFICIENT
MARUTI,2014-03,,INSUFFICIENT,,INSUFFICIENT,,INSUFFICIENT,,INSUFFICIENT,,INSUFFICIENT,,INSUFFICIENT,,INSUFFICIENT,,INSUFFICIENT,,INSUFFICIENT
MARUTI,2015-03,,INSUFFICIENT,,INSUFFICIENT,,INSUFFICIENT,,INSUFFICIENT,,INSUFFICIENT,,INSUFFICIENT,,INSUFFICIENT,,INSUFFICIENT,,INSUFFICIENT
MARUTI,2016-03,9.135371961985772,NORMAL,,INSUFFICIENT,,INSUFFICIENT,30.559835605719755,NORMAL,,INSUFFICIENT,,INSUFFICIENT,30.442519473517038,NORMAL,,INSUFFICIENT,,INSUFFICIENT
MARUTI,2017-03,15.193306055999,NORMAL,,INSUFFICIENT,,INSUFFICIENT,38.06425837853369,NORMAL,,INSUFFICIENT,,INSUFFICIENT,38.364230188854776,NORMAL,,INSUFFICIENT,,INSUFFICIENT
MARUTI,2018-03,16.250064525861575,NORMAL,12.492038326904996,NORMAL,,INSUFFICIENT,27.425628680864488,NORMAL,26.11794187177232,NORMAL,,INSUFFICIENT,27.4745010430834,NORMAL,26.056525067197,NORMAL,,INSUFFICIENT
MARUTI,2019-03,14.331892236295385,NORMAL,14.081283722609971,NORMAL,,INSUFFICIENT,11.651395353736916,NORMAL,21.80155887352504,NORMAL,,INSUFFICIENT,11.604843908689212,NORMAL,21.89854827623421,NORMAL,,INSUFFICIENT
MARUTI,2020-03,3.578980418926614,NORMAL,8.292608553724467,NORMAL,,INSUFFICIENT,-8.904020746010366,NORMAL,8.31207678306949,NORMAL,,INSUFFICIENT,-8.941707826134415,NORMAL,8.33217455226456,NORMAL,,INSUFFICIENT
MARUTI,2021-03,-4.1079341493794885,NORMAL,4.090734083537506,NORMAL,,INSUFFICIENT,-17.726226304928883,NORMAL,-4.402184406721831,NORMAL,,INSUFFICIENT,-17.79293085565099,NORMAL,-4.443700527644112,NORMAL,,INSUFFICIENT
MARUTI,2022-03,0.8684869623523994,NORMAL,5.344376669695539,NORMAL,,INSUFFICIENT,-20.25480802629206,NORMAL,-12.375249834326507,NORMAL,,INSUFFICIENT,-20.317463656858692,NORMAL,-12.460890477183895,NORMAL,,INSUFFICIENT
MARUTI,2023-03,16.102262075377503,NORMAL,8.209976417024478,NORMAL,10.330235268748545,NORMAL,13.326542788723806,NORMAL,0.9535966822438846,NORMAL,12.83642957005322,NORMAL,13.37855157347525,NORMAL,0.9768947481887169,NORMAL,12.82196800283517,NORMAL
MARUTI,2024-03,26.323644326166008,NORMAL,10.510215112642584,NORMAL,12.2815532690568,NORMAL,45.387585949345265,NORMAL,12.007182039300378,NORMAL,16.801752458674525,NORMAL,43.55878145035321,NORMAL,11.139222486886503,NORMAL,16.394629934979687,NORMAL
MOTHERSON,2013-03,,INSUFFICIENT,,INSUFFICIENT,,INSUFFICIENT,,INSUFFICIENT,,INSUFFICIENT,,INSUFFICIENT,,INSUFFICIENT,,INSUFFICIENT,,INSUFFICIENT
MOTHERSON,2014-03,,INSUFFICIENT,,INSUFFICIENT,,INSUFFICIENT,,INSUFFICIENT,,INSUFFICIENT,,INSUFFICIENT,,INSUFFICIENT,,INSUFFICIENT,,INSUFFICIENT
MOTHERSON,2015-03,,INSUFFICIENT,,INSUFFICIENT,,INSUFFICIENT,,INSUFFICIENT,,INSUFFICIENT,,INSUFFICIENT,,INSUFFICIENT,,INSUFFICIENT,,INSUFFICIENT
MOTHERSON,2016-03,13.731605063334706,NORMAL,,INSUFFICIENT,,INSUFFICIENT,57.738749499655874,NORMAL,,INSUFFICIENT,,INSUFFICIENT,44.22495703074083,NORMAL,,INSUFFICIENT,,INSUFFICIENT
MOTHERSON,2017-03,11.690303939805435,NORMAL,,INSUFFICIENT,,INSUFFICIENT,25.569567317509943,NORMAL,,INSUFFICIENT,,INSUFFICIENT,14.471424255333186,NORMAL,,INSUFFICIENT,,INSUFFICIENT
MOTHERSON,2018-03,17.552034303678067,NORMAL,17.35161467491404,NORMAL,,INSUFFICIENT,20.489344539496447,NORMAL,37.97296614612149,NORMAL,,INSUFFICIENT,14.471424255333186,NORMAL,24.57309396155174,NORMAL,,INSUFFICIENT
MOTHERSON,2019-03,19.50895138539459,NORMAL,15.870129339266658,NORMAL,,INSUFFICIENT,5.750871745675079,NORMAL,13.846522984671639,NORMAL,,INSUFFICIENT,0.0,NORMAL,8.447177119769854,NORMAL,,INSUFFICIENT
MOTHERSON,2020-03,12.743641155283726,NORMAL,11.86932259609421,NORMAL,,INSUFFICIENT,-15.855677407263757,NORMAL,0.03094059998249854,NORMAL,,INSUFFICIENT,-12.64195352637011,NORMAL,0.0,NORMAL,,INSUFFICIENT
MOTHERSON,2021-03,0.6277521202438852,NORMAL,9.04130271469381,NORMAL,,INSUFFICIENT,-11.453479186758187,NORMAL,-2.426054692806645,NORMAL,,INSUFFICIENT,-12.64195352637011,NORMAL,-7.7892088518272224,NORMAL,,INSUFFICIENT
MOTHERSON,2022-03,0.13153772630367655,NORMAL,8.51873923333828,NORMAL,,INSUFFICIENT,-17.408123987968104,NORMAL,-11.457550766753288,NORMAL,,INSUFFICIENT,-30.663872564936533,NORMAL,-19.72584382397693,NORMAL,,INSUFFICIENT
MOTHERSON,2023-03,9.06564752845387,NORMAL,6.951211399731538,NORMAL,12.03078750591986,NORMAL,8.874807029984133,NORMAL,-5.871398473575439,NORMAL,13.961407291184047,NORMAL,0.0,NORMAL,-7.7892088518272224,NORMAL,7.177346253629313,NORMAL
MOTHERSON,2024-03,19.82084189180693,NORMAL,9.21195713294276,NORMAL,12.491793471295164,NORMAL,24.392634688314452,NORMAL,7.557399109099472,NORMAL,10.657290360127636,NORMAL,25.99210498948732,NORMAL,5.922384104881218,NORMAL,7.177346253629313,NORMAL
NAUKRI,2013-03,,INSUFFICIENT,,INSUFFICIENT,,INSUFFICIENT,,INSUFFICIENT,,INSUFFICIENT,,INSUFFICIENT,,INSUFFICIENT,,INSUFFICIENT,,INSUFFICIENT
NAUKRI,2014-03,,INSUFFICIENT,,INSUFFICIENT,,INSUFFICIENT,,INSUFFICIENT,,INSUFFICIENT,,INSUFFICIENT,,INSUFFICIENT,,INSUFFICIENT,,INSUFFICIENT
NAUKRI,2015-03,,INSUFFICIENT,,INSUFFICIENT,,INSUFFICIENT,,INSUFFICIENT,,INSUFFICIENT,,INSUFFICIENT,,INSUFFICIENT,,INSUFFICIENT,,INSUFFICIENT
NAUKRI,2016-03,16.587824820776543,NORMAL,,INSUFFICIENT,,INSUFFICIENT,15.794910575502929,NORMAL,,INSUFFICIENT,,INSUFFICIENT,11.199004528465784,NORMAL,,INSUFFICIENT,,INSUFFICIENT
NAUKRI,2017-03,16.129699512298636,NORMAL,,INSUFFICIENT,,INSUFFICIENT,,DECLINE_TO_LOSS,,INSUFFICIENT,,INSUFFICIENT,,DECLINE_TO_LOSS,,INSUFFICIENT,,INSUFFICIENT
NAUKRI,2018-03,10.513488411829686,NORMAL,15.921232283459897,NORMAL,,INSUFFICIENT,,TURNAROUND,45.81588119284117,NORMAL,,INSUFFICIENT,175.89241763811202,NORMAL,39.32590113656098,NORMAL,,INSUFFICIENT
NAUKRI,2019-03,15.449283492976317,NORMAL,15.212195570626985,NORMAL,,INSUFFICIENT,71.19059437399883,NORMAL,58.06440878854655,NORMAL,,INSUFFICIENT,64.538600212299,NORMAL,43.68823780140685,NORMAL,,INSUFFICIENT
NAUKRI,2020-03,13.89560252422335,NORMAL,12.378841526917284,NORMAL,,INSUFFICIENT,,BOTH_NEGATIVE,,BOTH_NEGATIVE,,INSUFFICIENT,,BOTH_NEGATIVE,,DECLINE_TO_LOSS,,INSUFFICIENT
NAUKRI,2021-03,4.516305991129865,NORMAL,8.562916099524465,NORMAL,,INSUFFICIENT,41.45321900148786,NORMAL,64.42159040772262,NORMAL,,INSUFFICIENT,37.84186217649961,NORMAL,58.48931924611136,NORMAL,,INSUFFICIENT
NAUKRI,2022-03,11.348112064468662,NORMAL,12.342009060770032,NORMAL,,INSUFFICIENT,179.18185980408458,NORMAL,,TURNAROUND,,INSUFFICIENT,172.4535837487999,NORMAL,,TURNAROUND,,INSUFFICIENT
NAUKRI,2023-03,21.375600315728605,NORMAL,18.88148259878615,NORMAL,17.39202680989873,NORMAL,,BOTH_NEGATIVE,,DECLINE_TO_LOSS,,DECLINE_TO_LOSS,,BOTH_NEGATIVE,,DECLINE_TO_LOSS,,DECLINE_TO_LOSS
NAUKRI,2024-03,31.002640631164248,NORMAL,17.115610089960743,NORMAL,16.16000419274206,NORMAL,-25.134755898556637,NORMAL,0.10114653187012212,NORMAL,25.787235225263295,NORMAL,-26.319370027192267,NORMAL,-2.1296099175999395,NORMAL,18.58677786278009,NORMAL
NESTLEIND,2013-12,,INSUFFICIENT,,INSUFFICIENT,,INSUFFICIENT,,INSUFFICIENT,,INSUFFICIENT,,INSUFFICIENT,,INSUFFICIENT,,INSUFFICIENT,,INSUFFICIENT
NESTLEIND,2014-12,,INSUFFICIENT,,INSUFFICIENT,,INSUFFICIENT,,INSUFFICIENT,,INSUFFICIENT,,INSUFFICIENT,,INSUFFICIENT,,INSUFFICIENT,,INSUFFICIENT
NESTLEIND,2015-12,,INSUFFICIENT,,INSUFFICIENT,,INSUFFICIENT,,INSUFFICIENT,,INSUFFICIENT,,INSUFFICIENT,,INSUFFICIENT,,INSUFFICIENT,,INSUFFICIENT
NESTLEIND,2016-12,0.14628993536529578,NORMAL,,INSUFFICIENT,,INSUFFICIENT,-3.5889155041166187,NORMAL,,INSUFFICIENT,,INSUFFICIENT,-5.896397111897144,NORMAL,,INSUFFICIENT,,INSUFFICIENT
NESTLEIND,2017-12,0.5215437531334466,NORMAL,,INSUFFICIENT,,INSUFFICIENT,1.1127478048522432,NORMAL,,INSUFFICIENT,,INSUFFICIENT,2.7040024624839676,NORMAL,,INSUFFICIENT,,INSUFFICIENT
NESTLEIND,2018-12,11.368157857324835,NORMAL,4.40861889926385,NORMAL,,INSUFFICIENT,41.85211886698417,NORMAL,7.54557372112743,NORMAL,,INSUFFICIENT,41.503079146259104,NORMAL,7.214502590085092,NORMAL,,INSUFFICIENT
NESTLEIND,2019-12,10.60640925001235,NORMAL,4.649122770208569,NORMAL,,INSUFFICIENT,25.274786770601466,NORMAL,10.678011748831228,NORMAL,,INSUFFICIENT,25.99210498948732,NORMAL,10.756634324829006,NORMAL,,INSUFFICIENT
NESTLEIND,2020-12,10.073403724396623,NORMAL,10.305889442764006,NORMAL,,INSUFFICIENT,19.33876674198114,NORMAL,29.895607703023686,NORMAL,,INSUFFICIENT,19.16803444819315,NORMAL,29.674411610965823,NORMAL,,INSUFFICIENT
NESTLEIND,2021-12,9.291241380153581,NORMAL,10.028868653695744,NORMAL,,INSUFFICIENT,9.640252321560027,NORMAL,16.171173303400877,NORMAL,,INSUFFICIENT,8.974425081854953,NORMAL,17.08049129648923,NORMAL,,INSUFFICIENT
NESTLEIND,2022-12,10.957927986710603,NORMAL,11.038888366343947,NORMAL,,INSUFFICIENT,6.7050140534975045,NORMAL,14.31117726718323,NORMAL,,INSUFFICIENT,7.721734501594191,NORMAL,13.972304907201583,NORMAL,,INSUFFICIENT
NESTLEIND,2023-12,12.732108141207288,NORMAL,11.114479545434808,NORMAL,7.709374471534969,NORMAL,12.935873052202474,NORMAL,13.290141126006617,NORMAL,10.380492952078612,NORMAL,12.110512440831279,NORMAL,12.767137012376306,NORMAL,9.955775215719797,NORMAL
NESTLEIND,2024-03,18.282008662499027,NORMAL,14.548573711802671,NORMAL,9.487020936359048,NORMAL,22.913427743605965,NORMAL,14.852319512993839,NORMAL,12.745848564103014,NORMAL,23.06098642720351,NORMAL,15.43852585822143,NORMAL,13.073350509641957,NORMAL
NHPC,2013-03,,INSUFFICIENT,,INSUFFICIENT,,INSUFFICIENT,,INSUFFICIENT,,INSUFFICIENT,,INSUFFICIENT,,INSUFFICIENT,,INSUFFICIENT,,INSUFFICIENT
NHPC,2014-03,,INSUFFICIENT,,INSUFFICIENT,,INSUFFICIENT,,INSUFFICIENT,,INSUFFICIENT,,INSUFFICIENT,,INSUFFICIENT,,INSUFFICIENT,,INSUFFICIENT
NHPC,2015-03,,INSUFFICIENT,,INSUFFICIENT,,INSUFFICIENT,,INSUFFICIENT,,INSUFFICIENT,,INSUFFICIENT,,INSUFFICIENT,,INSUFFICIENT,,INSUFFICIENT
NHPC,2016-03,9.396117433337391,NORMAL,,INSUFFICIENT,,INSUFFICIENT,-6.28009500103448,NORMAL,,INSUFFICIENT,,INSUFFICIENT,0.0,NORMAL,,INSUFFICIENT,,INSUFFICIENT
NHPC,2017-03,5.282835558354648,NORMAL,,INSUFFICIENT,,INSUFFICIENT,28.685916441349725,NORMAL,,INSUFFICIENT,,INSUFFICIENT,44.22495703074083,NORMAL,,INSUFFICIENT,,INSUFFICIENT
NHPC,2018-03,-1.9263396255236653,NORMAL,3.9773181180608352,NORMAL,,INSUFFICIENT,-0.15511300403553419,NORMAL,-0.6202466121244421,NORMAL,,INSUFFICIENT,0.0,NORMAL,0.0,NORMAL,,INSUFFICIENT
NHPC,2019-03,2.449295490710135,NORMAL,3.984150124326624,NORMAL,,INSUFFICIENT,6.240888435923275,NORMAL,11.67192648790385,NORMAL,,INSUFFICIENT,14.471424255333186,NORMAL,24.57309396155174,NORMAL,,INSUFFICIENT
NHPC,2020-03,5.090381881155981,NORMAL,4.012259228031634,NORMAL,,INSUFFICIENT,-1.3101945768037693,NORMAL,3.6357709277351935,NORMAL,,INSUFFICIENT,0.0,NORMAL,8.447177119769854,NORMAL,,INSUFFICIENT
NHPC,2021-03,7.552001673957842,NORMAL,2.9220824381200217,NORMAL,,INSUFFICIENT,8.932908751747304,NORMAL,8.766278996914423,NORMAL,,INSUFFICIENT,14.471424255333186,NORMAL,8.447177119769854,NORMAL,,INSUFFICIENT
NHPC,2022-03,0.5938907211133992,NORMAL,1.1802076244835424,NORMAL,,INSUFFICIENT,9.993044511574766,NORMAL,1.6352899253456288,NORMAL,,INSUFFICIENT,10.064241629820891,NORMAL,5.922384104881218,NORMAL,,INSUFFICIENT
NHPC,2023-03,1.9565404471107772,NORMAL,6.463846578139609,NORMAL,5.213237017628369,NORMAL,8.402293475047728,NORMAL,8.87728106871608,NORMAL,4.020177572197103,NORMAL,10.064241629820891,NORMAL,14.869835499703509,NORMAL,7.177346253629313,NORMAL
NHPC,2024-03,-0.05530974579651682,NORMAL,1.404917217643753,NORMAL,2.686435985014013,NORMAL,3.8155287821050266,NORMAL,7.269596517101484,NORMAL,9.448629487284421,NORMAL,10.064241629820891,NORMAL,5.922384104881218,NORMAL,14.869835499703509,NORMAL
NTPC,2013-03,,INSUFFICIENT,,INSUFFICIENT,,INSUFFICIENT,,INSUFFICIENT,,INSUFFICIENT,,INSUFFICIENT,,INSUFFICIENT,,INSUFFICIENT,,INSUFFICIENT
NTPC,2014-03,,INSUFFICIENT,,INSUFFICIENT,,INSUFFICIENT,,INSUFFICIENT,,INSUFFICIENT,,INSUFFICIENT,,INSUFFICIENT,,INSUFFICIENT,,INSUFFICIENT
NTPC,2015-03,,INSUFFICIENT,,INSUFFICIENT,,INSUFFICIENT,,INSUFFICIENT,,INSUFFICIENT,,INSUFFICIENT,,INSUFFICIENT,,INSUFFICIENT,,INSUFFICIENT
NTPC,2016-03,0.8677523966065248,NORMAL,,INSUFFICIENT,,INSUFFICIENT,-5.02912495340746,NORMAL,,INSUFFICIENT,,INSUFFICIENT,-5.416268377977785,NORMAL,,INSUFFICIENT,,INSUFFICIENT
NTPC,2017-03,1.5553258876010778,NORMAL,,INSUFFICIENT,,INSUFFICIENT,-2.056074553867737,NORMAL,,INSUFFICIENT,,INSUFFICIENT,-2.858721945809062,NORMAL,,INSUFFICIENT,,INSUFFICIENT
NTPC,2018-03,3.278963072629759,NORMAL,4.254629054165937,NORMAL,,INSUFFICIENT,1.6732086709522198,NORMAL,-3.5556351524588803,NORMAL,,INSUFFICIENT,3.228011545636722,NORMAL,-3.285883999939365,NORMAL,,INSUFFICIENT
NTPC,2019-03,10.966209019035155,NORMAL,5.066267148996562,NORMAL,,INSUFFICIENT,9.18780665551029,NORMAL,4.239536008202838,NORMAL,,INSUFFICIENT,8.37067626618271,NORMAL,3.131030647754507,NORMAL,,INSUFFICIENT
NTPC,2020-03,10.089278382076806,NORMAL,6.483658660598168,NORMAL,,INSUFFICIENT,3.567327097369799,NORMAL,3.5603487062274786,NORMAL,,INSUFFICIENT,2.9428498400178693,NORMAL,3.713728933664817,NORMAL,,INSUFFICIENT
NTPC,2021-03,8.185195145356472,NORMAL,8.728811496983235,NORMAL,,INSUFFICIENT,12.540003626275432,NORMAL,6.784138551726704,NORMAL,,INSUFFICIENT,10.891823393038823,NORMAL,6.399531281508364,NORMAL,,INSUFFICIENT
NTPC,2022-03,9.776219885898762,NORMAL,10.0896886146449,NORMAL,,INSUFFICIENT,6.515985999412499,NORMAL,9.621273019093369,NORMAL,,INSUFFICIENT,6.685884434218181,NORMAL,9.096607850144967,NORMAL,,INSUFFICIENT
NTPC,2023-03,17.197212187118605,NORMAL,14.875181849027719,NORMAL,9.436143349444848,NORMAL,12.885040668502533,NORMAL,10.268488784144324,NORMAL,3.1250423684034745,NORMAL,12.31106834675555,NORMAL,9.096607850144967,NORMAL,2.718946581592463,NORMAL
NTPC,2024-03,16.971938102031615,NORMAL,12.222309654337993,NORMAL,8.585354289701952,NORMAL,12.532921935042452,NORMAL,8.735165684951163,NORMAL,6.463623922795203,NORMAL,11.868894208139679,NORMAL,8.447177119769854,NORMAL,5.755705033825231,NORMAL
ONGC,2013-03,,INSUFFICIENT,,INSUFFICIENT,,INSUFFICIENT,,INSUFFICIENT,,INSUFFICIENT,,INSUFFICIENT,,INSUFFICIENT,,INSUFFICIENT,,INSUFFICIENT
ONGC,2014-03,,INSUFFICIENT,,INSUFFICIENT,,INSUFFICIENT,,INSUFFICIENT,,INSUFFICIENT,,INSUFFICIENT,,INSUFFICIENT,,INSUFFICIENT,,INSUFFICIENT
ONGC,2015-03,,INSUFFICIENT,,INSUFFICIENT,,INSUFFICIENT,,INSUFFICIENT,,INSUFFICIENT,,INSUFFICIENT,,INSUFFICIENT,,INSUFFICIENT,,INSUFFICIENT
ONGC,2016-03,-8.513177422485574,NORMAL,,INSUFFICIENT,,INSUFFICIENT,-18.264326253664454,NORMAL,,INSUFFICIENT,,INSUFFICIENT,-19.26122924321495,NORMAL,,INSUFFICIENT,,INSUFFICIENT
ONGC,2017-03,17.50567486523249,NORMAL,,INSUFFICIENT,,INSUFFICIENT,3.0370265949263064,NORMAL,,INSUFFICIENT,,INSUFFICIENT,-3.2810806630399703,NORMAL,,INSUFFICIENT,,INSUFFICIENT
ONGC,2018-03,26.10422573836175,NORMAL,14.780201866571652,NORMAL,,INSUFFICIENT,13.768041278074783,NORMAL,1.6719168611926793,NORMAL,,INSUFFICIENT,6.685884434218181,NORMAL,-2.199952867696764,NORMAL,,INSUFFICIENT
ONGC,2019-03,50.35776353338637,NORMAL,19.34791444347761,NORMAL,,INSUFFICIENT,37.33552226836893,NORMAL,4.9419020577952555,NORMAL,,INSUFFICIENT,33.88659001643391,NORMAL,2.7066087089351765,NORMAL,,INSUFFICIENT
ONGC,2020-03,11.98376349590955,NORMAL,19.777417891578963,NORMAL,,INSUFFICIENT,-26.767506537856246,NORMAL,-8.336333013158049,NORMAL,,INSUFFICIENT,-22.047573908216588,NORMAL,-8.457473433049822,NORMAL,,INSUFFICIENT
ONGC,2021-03,-1.9870207580221289,NORMAL,19.625016807385354,NORMAL,,INSUFFICIENT,-6.423992434663428,NORMAL,10.268820886323393,NORMAL,,INSUFFICIENT,-8.55397960832336,NORMAL,5.387395206178347,NORMAL,,INSUFFICIENT
ONGC,2022-03,5.226364884007695,NORMAL,11.700282175161902,NORMAL,,INSUFFICIENT,13.249407481792508,NORMAL,11.064305194750812,NORMAL,,INSUFFICIENT,14.471424255333186,NORMAL,13.634388693076627,NORMAL,,INSUFFICIENT
ONGC,2023-03,16.808572292326552,NORMAL,14.39893778765693,NORMAL,14.58941125858284,NORMAL,41.965608621646396,NORMAL,4.687528684693643,NORMAL,3.1687051039892333,NORMAL,45.98397132959631,NORMAL,10.494795379650323,NORMAL,3.9538176114951584,NORMAL
ONGC,2024-03,24.855263957274687,NORMAL,7.001683761214439,NORMAL,13.006317517391341,NORMAL,38.78658467052287,NORMAL,10.96639922553624,NORMAL,7.9121170176566835,NORMAL,44.22495703074083,NORMAL,10.197228772148016,NORMAL,6.386012503101268,NORMAL
PFC,2013-03,,INSUFFICIENT,,INSUFFICIENT,,INSUFFICIENT,,INSUFFICIENT,,INSUFFICIENT,,INSUFFICIENT,,INSUFFICIENT,,INSUFFICIENT,,INSUFFICIENT
PFC,2014-03,,INSUFFICIENT,,INSUFFICIENT,,INSUFFICIENT,,INSUFFICIENT,,INSUFFICIENT,,INSUFFICIENT,,INSUFFICIENT,,INSUFFICIENT,,INSUFFICIENT
PFC,2015-03,,INSUFFICIENT,,INSUFFICIENT,,INSUFFICIENT,,INSUFFICIENT,,INSUFFICIENT,,INSUFFICIENT,,INSUFFICIENT,,INSUFFICIENT,,INSUFFICIENT
PFC,2016-03,17.1834902302616,NORMAL,,INSUFFICIENT,,INSUFFICIENT,11.69336992729566,NORMAL,,INSUFFICIENT,,INSUFFICIENT,13.48455252486973,NORMAL,,INSUFFICIENT,,INSUFFICIENT
PFC,2017-03,8.813989432062751,NORMAL,,INSUFFICIENT,,INSUFFICIENT,-25.748248739707346,NORMAL,,INSUFFICIENT,,INSUFFICIENT,-25.6039793649093,NORMAL,,INSUFFICIENT,,INSUFFICIENT
PFC,2018-03,24.8455485247282,NORMAL,22.939276768900285,NORMAL,,INSUFFICIENT,13.578981385649413,NORMAL,14.664625989085934,NORMAL,,INSUFFICIENT,3.5744168651286268,NORMAL,8.997698704834534,NORMAL,,INSUFFICIENT
PFC,2019-03,24.762166963467557,NORMAL,20.37545004533472,NORMAL,,INSUFFICIENT,26.909031846714605,NORMAL,18.271219708064777,NORMAL,,INSUFFICIENT,16.44545743112158,NORMAL,12.030033714161736,NORMAL,,INSUFFICIENT
PFC,2020-03,31.129736459530143,NORMAL,20.004191472316112,NORMAL,,INSUFFICIENT,61.83273001815508,NORMAL,9.558490376212593,NORMAL,,INSUFFICIENT,46.47883603394576,NORMAL,4.095039696925684,NORMAL,,INSUFFICIENT
PFC,2021-03,13.79782446393909,NORMAL,20.795615816250113,NORMAL,,INSUFFICIENT,21.33957684154286,NORMAL,20.507619593217076,NORMAL,,INSUFFICIENT,21.644039911467992,NORMAL,13.634388693076627,NORMAL,,INSUFFICIENT
PFC,2022-03,12.121161337341558,NORMAL,22.557427499151792,NORMAL,,INSUFFICIENT,14.083711126824316,NORMAL,53.03446130405689,NORMAL,,INSUFFICIENT,11.868894208139679,NORMAL,43.096908110525554,NORMAL,,INSUFFICIENT
PFC,2023-03,7.697594231791838,NORMAL,9.823727364499103,NORMAL,16.19659897887029,NORMAL,30.740915951433713,NORMAL,19.210407263202978,NORMAL,16.915425683875362,NORMAL,29.69986344960558,NORMAL,19.13578981670916,NORMAL,13.954056195486775,NORMAL
PFC,2024-03,8.493112204756725,NORMAL,11.081753577550923,NORMAL,15.635271776057436,NORMAL,18.9656031749176,NORMAL,15.923593622700727,NORMAL,17.09152322307048,NORMAL,18.56311014966876,NORMAL,14.869835499703509,NORMAL,13.441048760014528,NORMAL
PIDILITIND,2013-03,,INSUFFICIENT,,INSUFFICIENT,,INSUFFICIENT,,INSUFFICIENT,,INSUFFICIENT,,INSUFFICIENT,,INSUFFICIENT,,INSUFFICIENT,,INSUFFICIENT
PIDILITIND,2014-03,,INSUFFICIENT,,INSUFFICIENT,,INSUFFICIENT,,INSUFFICIENT,,INSUFFICIENT,,INSUFFICIENT,,INSUFFICIENT,,INSUFFICIENT,,INSUFFICIENT
PIDILITIND,2015-03,,INSUFFICIENT,,INSUFFICIENT,,INSUFFICIENT,,INSUFFICIENT,,INSUFFICIENT,,INSUFFICIENT,,INSUFFICIENT,,INSUFFICIENT,,INSUFFICIENT
PIDILITIND,2016-03,13.38215159257896,NORMAL,,INSUFFICIENT,,INSUFFICIENT,23.92793868003096,NORMAL,,INSUFFICIENT,,INSUFFICIENT,25.99210498948732,NORMAL,,INSUFFICIENT,,INSUFFICIENT
PIDILITIND,2017-03,9.459161383961101,NORMAL,,INSUFFICIENT,,INSUFFICIENT,24.241330607670687,NORMAL,,INSUFFICIENT,,INSUFFICIENT,23.614325642206314,NORMAL,,INSUFFICIENT,,INSUFFICIENT
PIDILITIND,2018-03,7.857956325501236,NORMAL,10.56808661335069,NORMAL,,INSUFFICIENT,23.406490694288152,NORMAL,17.902293677310332,NORMAL,,INSUFFICIENT,23.85623296301709,NORMAL,18.88654957871243,NORMAL,,INSUFFICIENT
PIDILITIND,2019-03,9.703777884345666,NORMAL,10.568774680198501,NORMAL,,INSUFFICIENT,4.7670737583963785,NORMAL,15.575849030725951,NORMAL,,INSUFFICIENT,4.0041911525952045,NORMAL,14.869835499703509,NORMAL,,INSUFFICIENT
PIDILITIND,2020-03,9.098918398267465,NORMAL,8.53063022135454,NORMAL,,INSUFFICIENT,9.14253090187891,NORMAL,16.897694945923437,NORMAL,,INSUFFICIENT,8.974425081854953,NORMAL,17.08049129648923,NORMAL,,INSUFFICIENT
PIDILITIND,2021-03,6.262942890318812,NORMAL,6.348674480278693,NORMAL,,INSUFFICIENT,5.2415142017369964,NORMAL,6.888989444074967,NORMAL,,INSUFFICIENT,5.0081546755695205,NORMAL,6.576275663547415,NORMAL,,INSUFFICIENT
PIDILITIND,2022-03,11.913281555906497,NORMAL,12.049572817433262,NORMAL,,INSUFFICIENT,9.15737869071278,NORMAL,6.939782106798709,NORMAL,,INSUFFICIENT,10.064241629820891,NORMAL,7.140202794100703,NORMAL,,INSUFFICIENT
PIDILITIND,2023-03,17.388750704087606,NORMAL,14.187062591288724,NORMAL,12.36300559667185,NORMAL,4.733757970627095,NORMAL,5.938826574488365,NORMAL,11.76059521412267,NORMAL,4.353201121161598,NORMAL,5.642162229904302,NORMAL,12.068872384564933,NORMAL
PIDILITIND,2024-03,19.2998469335665,NORMAL,11.836370175898114,NORMAL,11.200766251991956,NORMAL,15.76701574818362,NORMAL,13.48774998597666,NORMAL,14.527040733688779,NORMAL,15.616214441920405,NORMAL,13.564157249607756,NORMAL,14.215130617291273,NORMAL
PNB,2013-03,,INSUFFICIENT,,INSUFFICIENT,,INSUFFICIENT,,INSUFFICIENT,,INSUFFICIENT,,INSUFFICIENT,,INSUFFICIENT,,INSUFFICIENT,,INSUFFICIENT
PNB,2014-03,,INSUFFICIENT,,INSUFFICIENT,,INSUFFICIENT,,INSUFFICIENT,,INSUFFICIENT,,INSUFFICIENT,,INSUFFICIENT,,INSUFFICIENT,,INSUFFICIENT
PNB,2015-03,,INSUFFICIENT,,INSUFFICIENT,,INSUFFICIENT,,INSUFFICIENT,,INSUFFICIENT,,INSUFFICIENT,,INSUFFICIENT,,INSUFFICIENT,,INSUFFICIENT
PNB,2016-03,5.65846996919257,NORMAL,,INSUFFICIENT,,INSUFFICIENT,,DECLINE_TO_LOSS,,INSUFFICIENT,,INSUFFICIENT,,DECLINE_TO_LOSS,,INSUFFICIENT,,INSUFFICIENT
PNB,2017-03,2.2475483259060347,NORMAL,,INSUFFICIENT,,INSUFFICIENT,-30.394420830701918,NORMAL,,INSUFFICIENT,,INSUFFICIENT,-33.05670499178305,NORMAL,,INSUFFICIENT,,INSUFFICIENT
PNB,2018-03,0.01026377919555177,NORMAL,2.4975249752582362,NORMAL,,INSUFFICIENT,,DECLINE_TO_LOSS,,DECLINE_TO_LOSS,,INSUFFICIENT,,DECLINE_TO_LOSS,,DECLINE_TO_LOSS,,INSUFFICIENT
PNB,2019-03,0.8735117677279858,NORMAL,3.011205394596783,NORMAL,,INSUFFICIENT,,BOTH_NEGATIVE,,DECLINE_TO_LOSS,,INSUFFICIENT,,BOTH_NEGATIVE,,DECLINE_TO_LOSS,,INSUFFICIENT
PNB,2020-03,4.548147013238979,NORMAL,2.428147129974434,NORMAL,,INSUFFICIENT,-26.8484593259259,NORMAL,-32.746247167458385,NORMAL,,INSUFFICIENT,-44.96787918508956,NORMAL,-43.90224272769003,NORMAL,,INSUFFICIENT
PNB,2021-03,18.915701840298027,NORMAL,10.030810019359127,NORMAL,,INSUFFICIENT,,TURNAROUND,,TURNAROUND,,INSUFFICIENT,,TURNAROUND,,TURNAROUND,,INSUFFICIENT
PNB,2022-03,13.498028360369819,NORMAL,9.669463127978407,NORMAL,,INSUFFICIENT,,TURNAROUND,25.827813432196976,NORMAL,,INSUFFICIENT,,TURNAROUND,-7.7892088518272224,NORMAL,,INSUFFICIENT
PNB,2023-03,16.504679348405162,NORMAL,12.253164864690724,NORMAL,7.264493516123127,NORMAL,90.6145676685977,NORMAL,,TURNAROUND,-3.9382202372359565,NORMAL,44.22495703074083,NORMAL,,TURNAROUND,-20.017251806497338,NORMAL
PNB,2024-03,10.003199043012213,NORMAL,15.902076009106025,NORMAL,9.266703791384634,NORMAL,50.336631443573786,NORMAL,,TURNAROUND,9.562366995577731,NORMAL,58.74010519681994,NORMAL,,TURNAROUND,-8.755646344451918,NORMAL
POWERGRID,2013-03,,INSUFFICIENT,,INSUFFICIENT,,INSUFFICIENT,,INSUFFICIENT,,INSUFFICIENT,,INSUFFICIENT,,INSUFFICIENT,,INSUFFICIENT,,INSUFFICIENT
POWERGRID,2014-03,,INSUFFICIENT,,INSUFFICIENT,,INSUFFICIENT,,INSUFFICIENT,,INSUFFICIENT,,INSUFFICIENT,,INSUFFICIENT,,INSUFFICIENT,,INSUFFICIENT
POWERGRID,2015-03,,INSUFFICIENT,,INSUFFICIENT,,INSUFFICIENT,,INSUFFICIENT,,INSUFFICIENT,,INSUFFICIENT,,INSUFFICIENT,,INSUFFICIENT,,INSUFFICIENT
POWERGRID,2016-03,16.4413030734873,NORMAL,,INSUFFICIENT,,INSUFFICIENT,11.377630882707091,NORMAL,,INSUFFICIENT,,INSUFFICIENT,6.265856918261115,NORMAL,,INSUFFICIENT,,INSUFFICIENT
POWERGRID,2017-03,18.21451452207823,NORMAL,,INSUFFICIENT,,INSUFFICIENT,17.886670626535285,NORMAL,,INSUFFICIENT,,INSUFFICIENT,16.96070952851465,NORMAL,,INSUFFICIENT,,INSUFFICIENT
POWERGRID,2018-03,19.52949338993357,NORMAL,18.021947290818474,NORMAL,,INSUFFICIENT,17.587042823092737,NORMAL,13.723243763038173,NORMAL,,INSUFFICIENT,21.644039911467992,NORMAL,12.474611314209483,NORMAL,,INSUFFICIENT
POWERGRID,2019-03,19.29231574432686,NORMAL,17.648366565269136,NORMAL,,INSUFFICIENT,18.96893406514948,NORMAL,17.14688046227333,NORMAL,,INSUFFICIENT,22.39034103416604,NORMAL,17.08049129648923,NORMAL,,INSUFFICIENT
POWERGRID,2020-03,13.672435821263651,NORMAL,16.56379190364099,NORMAL,,INSUFFICIENT,14.06885920556955,NORMAL,16.991341895098742,NORMAL,,INSUFFICIENT,14.471424255333186,NORMAL,19.13578981670916,NORMAL,,INSUFFICIENT
POWERGRID,2021-03,9.789196527366162,NORMAL,13.929005368889612,NORMAL,,INSUFFICIENT,13.62803833634565,NORMAL,15.096404983707634,NORMAL,,INSUFFICIENT,13.040381433805548,NORMAL,16.723531932969316,NORMAL,,INSUFFICIENT
POWERGRID,2022-03,5.886633341500747,NORMAL,10.125553461447634,NORMAL,,INSUFFICIENT,18.8005326020662,NORMAL,17.6909149802581,NORMAL,,INSUFFICIENT,17.840146380897437,NORMAL,17.607902252467355,NORMAL,,INSUFFICIENT
POWERGRID,2023-03,6.507902013797606,NORMAL,8.769646643204698,NORMAL,13.301392325801785,NORMAL,11.717919300488377,NORMAL,13.451892401178478,NORMAL,13.587487052567537,NORMAL,12.31106834675555,NORMAL,13.564157249607756,NORMAL,13.018071324347936,NORMAL
POWERGRID,2024-03,4.965471644662767,NORMAL,5.510261937513361,NORMAL,11.414137221548938,NORMAL,8.967428329021487,NORMAL,9.189188268434778,NORMAL,13.098067118120916,NORMAL,9.354129979287684,NORMAL,9.096607850144967,NORMAL,13.018071324347936,NORMAL
RECLTD,2013-03,,INSUFFICIENT,,INSUFFICIENT,,INSUFFICIENT,,INSUFFICIENT,,INSUFFICIENT,,INSUFFICIENT,,INSUFFICIENT,,INSUFFICIENT,,INSUFFICIENT
RECLTD,2014-03,,INSUFFICIENT,,INSUFFICIENT,,INSUFFICIENT,,INSUFFICIENT,,INSUFFICIENT,,INSUFFICIENT,,INSUFFICIENT,,INSUFFICIENT,,INSUFFICIENT
RECLTD,2015-03,,INSUFFICIENT,,INSUFFICIENT,,INSUFFICIENT,,INSUFFICIENT,,INSUFFICIENT,,INSUFFICIENT,,INSUFFICIENT,,INSUFFICIENT,,INSUFFICIENT
RECLTD,2016-03,20.95245212809047,NORMAL,,INSUFFICIENT,,INSUFFICIENT,14.081858803819403,NORMAL,,INSUFFICIENT,,INSUFFICIENT,13.617128057248994,NORMAL,,INSUFFICIENT,,INSUFFICIENT
RECLTD,2017-03,12.217010575956122,NORMAL,,INSUFFICIENT,,INSUFFICIENT,10.015854931114166,NORMAL,,INSUFFICIENT,,INSUFFICIENT,10.064241629820891,NORMAL,,INSUFFICIENT,,INSUFFICIENT
RECLTD,2018-03,3.3186815152052462,NORMAL,10.692872231645211,NORMAL,,INSUFFICIENT,-5.912835243148063,NORMAL,3.034757907311003,NORMAL,,INSUFFICIENT,-5.273176281409042,NORMAL,2.534857565773274,NORMAL,,INSUFFICIENT
RECLTD,2019-03,1.742183283115084,NORMAL,8.086719475284987,NORMAL,,INSUFFICIENT,0.29200656316961116,NORMAL,3.9019069291109876,NORMAL,,INSUFFICIENT,0.0,NORMAL,4.095039696925684,NORMAL,,INSUFFICIENT
RECLTD,2020-03,7.151594915280923,NORMAL,7.824923806375206,NORMAL,,INSUFFICIENT,-7.651089345201633,NORMAL,-1.4326832563657743,NORMAL,,INSUFFICIENT,-7.491681618140877,NORMAL,-1.0206218313011495,NORMAL,,INSUFFICIENT
RECLTD,2021-03,16.20759495981052,NORMAL,8.066617435404822,NORMAL,,INSUFFICIENT,23.469850013527505,NORMAL,8.041437551389885,NORMAL,,INSUFFICIENT,23.47158379972165,NORMAL,7.781806771272581,NORMAL,,INSUFFICIENT
RECLTD,2022-03,15.625136079482704,NORMAL,10.044533302339254,NORMAL,,INSUFFICIENT,20.464117089444688,NORMAL,9.71473858501366,NORMAL,,INSUFFICIENT,19.983162620797668,NORMAL,9.626227935295418,NORMAL,,INSUFFICIENT
RECLTD,2023-03,9.661482237118623,NORMAL,11.74917195172258,NORMAL,11.219768084833625,NORMAL,30.958934233994874,NORMAL,20.197596741976675,NORMAL,11.2858044916339,NORMAL,30.266245583805727,NORMAL,19.828486453496662,NORMAL,10.8449222600272,NORMAL
RECLTD,2024-03,10.147497322590194,NORMAL,13.338042247865678,NORMAL,10.68124131180972,NORMAL,19.07507541943736,NORMAL,19.763114350230794,NORMAL,11.5509567899718,NORMAL,19.05507889761495,NORMAL,19.67245924901726,NORMAL,11.612317403390438,NORMAL
RELIANCE,2013-03,,INSUFFICIENT,,INSUFFICIENT,,INSUFFICIENT,,INSUFFICIENT,,INSUFFICIENT,,INSUFFICIENT,,INSUFFICIENT,,INSUFFICIENT,,INSUFFICIENT
RELIANCE,2014-03,,INSUFFICIENT,,INSUFFICIENT,,INSUFFICIENT,,INSUFFICIENT,,INSUFFICIENT,,INSUFFICIENT,,INSUFFICIENT,,INSUFFICIENT,,INSUFFICIENT
RELIANCE,2015-03,,INSUFFICIENT,,INSUFFICIENT,,INSUFFICIENT,,INSUFFICIENT,,INSUFFICIENT,,INSUFFICIENT,,INSUFFICIENT,,INSUFFICIENT,,INSUFFICIENT
RELIANCE,2016-03,-11.702125928871233,NORMAL,,INSUFFICIENT,,INSUFFICIENT,12.654797506701133,NORMAL,,INSUFFICIENT,,INSUFFICIENT,13.617128057248994,NORMAL,,INSUFFICIENT,,INSUFFICIENT
RELIANCE,2017-03,-11.161904202830897,NORMAL,,INSUFFICIENT,,INSUFFICIENT,9.781619696760458,NORMAL,,INSUFFICIENT,,INSUFFICIENT,11.199004528465784,NORMAL,,INSUFFICIENT,,INSUFFICIENT
RELIANCE,2018-03,1.4438176812272552,NORMAL,-0.26067659554612765,NORMAL,,INSUFFICIENT,15.134731424593696,NORMAL,11.55325602881736,NORMAL,,INSUFFICIENT,16.673335619846075,NORMAL,12.474611314209483,NORMAL,,INSUFFICIENT
RELIANCE,2019-03,27.752396121588173,NORMAL,5.564807025835683,NORMAL,,INSUFFICIENT,10.08481731323796,NORMAL,12.056155908410538,NORMAL,,INSUFFICIENT,9.645742373189425,NORMAL,12.630393921616268,NORMAL,,INSUFFICIENT
RELIANCE,2020-03,25.21152260870416,NORMAL,9.770964142825743,NORMAL,,INSUFFICIENT,10.158853476505092,NORMAL,11.025192664189355,NORMAL,,INSUFFICIENT,9.645742373189425,NORMAL,11.273004664881793,NORMAL,,INSUFFICIENT
RELIANCE,2021-03,6.063008125694136,NORMAL,11.335748602866925,NORMAL,,INSUFFICIENT,14.202168526519788,NORMAL,12.470091024108365,NORMAL,,INSUFFICIENT,13.040381433805548,NORMAL,12.13169452916456,NORMAL,,INSUFFICIENT
RELIANCE,2022-03,6.919806216822311,NORMAL,17.976229281293964,NORMAL,,INSUFFICIENT,19.420001891985052,NORMAL,17.859388570391822,NORMAL,,INSUFFICIENT,15.772347264219455,NORMAL,15.387288143462307,NORMAL,,INSUFFICIENT
RELIANCE,2023-03,13.67192407462241,NORMAL,17.5287330506158,NORMAL,8.269276875072439,NORMAL,22.931799941979314,NORMAL,15.477206264039168,NORMAL,13.498274682326826,NORMAL,19.10574063943058,NORMAL,12.659148174514279,NORMAL,12.566841929221884,NORMAL
RELIANCE,2024-03,24.46173600944801,NORMAL,9.606097094616972,NORMAL,7.566474743054807,NORMAL,13.714491828409226,NORMAL,14.680632603495592,NORMAL,13.360799426840897,NORMAL,9.354129979287684,NORMAL,11.952664832522043,NORMAL,12.29101807652131,NORMAL
SBILIFE,2013-03,,INSUFFICIENT,,INSUFFICIENT,,INSUFFICIENT,,INSUFFICIENT,,INSUFFICIENT,,INSUFFICIENT,,INSUFFICIENT,,INSUFFICIENT,,INSUFFICIENT
SBILIFE,2014-03,,INSUFFICIENT,,INSUFFICIENT,,INSUFFICIENT,,INSUFFICIENT,,INSUFFICIENT,,INSUFFICIENT,,INSUFFICIENT,,INSUFFICIENT,,INSUFFICIENT
SBILIFE,2015-03,,INSUFFICIENT,,INSUFFICIENT,,INSUFFICIENT,,INSUFFICIENT,,INSUFFICIENT,,INSUFFICIENT,,INSUFFICIENT,,INSUFFICIENT,,INSUFFICIENT
SBILIFE,2016-03,9.12611314269931,NORMAL,,INSUFFICIENT,,INSUFFICIENT,10.238670196813192,NORMAL,,INSUFFICIENT,,INSUFFICIENT,10.064241629820891,NORMAL,,INSUFFICIENT,,INSUFFICIENT
SBILIFE,2017-03,20.966218859038644,NORMAL,,INSUFFICIENT,,INSUFFICIENT,9.468877314238577,NORMAL,,INSUFFICIENT,,INSUFFICIENT,12.624788044360603,NORMAL,,INSUFFICIENT,,INSUFFICIENT
SBILIFE,2018-03,13.33997531496387,NORMAL,18.034002454357513,NORMAL,,INSUFFICIENT,12.16225803614428,NORMAL,12.790223745197359,NORMAL,,INSUFFICIENT,14.471424255333186,NORMAL,14.869835499703509,NORMAL,,INSUFFICIENT
SBILIFE,2019-03,32.157635372902035,NORMAL,20.914022283789848,NORMAL,,INSUFFICIENT,16.281196551717002,NORMAL,12.75814138877427,NORMAL,,INSUFFICIENT,17.566734386037865,NORMAL,13.179836563100178,NORMAL,,INSUFFICIENT
SBILIFE,2020-03,12.760544874167046,NORMAL,13.357796775948216,NORMAL,,INSUFFICIENT,14.191052254509874,NORMAL,11.775957166118744,NORMAL,,INSUFFICIENT,11.868894208139679,NORMAL,11.842691472014465,NORMAL,,INSUFFICIENT
SBILIFE,2021-03,33.96830556888257,NORMAL,33.49074616664105,NORMAL,,INSUFFICIENT,8.181876796257548,NORMAL,11.522831061243789,NORMAL,,INSUFFICIENT,7.721734501594191,NORMAL,13.396657763302722,NORMAL,,INSUFFICIENT
SBILIFE,2022-03,22.990558812047702,NORMAL,22.124070110590345,NORMAL,,INSUFFICIENT,4.3080955924506,NORMAL,9.537877158191499,NORMAL,,INSUFFICIENT,4.885624628838681,NORMAL,8.447177119769854,NORMAL,,INSUFFICIENT
SBILIFE,2023-03,22.562675336949468,NORMAL,18.80547842049878,NORMAL,18.41911218834682,NORMAL,6.568067729851812,NORMAL,8.396836061922741,NORMAL,10.571711539144335,NORMAL,6.685884434218181,NORMAL,7.214502590085092,NORMAL,10.97617886603237,NORMAL
SBILIFE,2024-03,17.235877577119997,NORMAL,24.231614182367544,NORMAL,22.56159335451695,NORMAL,9.162347526806492,NORMAL,7.374662152227485,NORMAL,10.03348279743188,NORMAL,8.198385552319753,NORMAL,7.8852443962371455,NORMAL,10.500834061722086,NORMAL
SBIN,2013-03,,INSUFFICIENT,,INSUFFICIENT,,INSUFFICIENT,,INSUFFICIENT,,INSUFFICIENT,,INSUFFICIENT,,INSUFFICIENT,,INSUFFICIENT,,INSUFFICIENT
SBIN,2014-03,,INSUFFICIENT,,INSUFFICIENT,,INSUFFICIENT,,INSUFFICIENT,,INSUFFICIENT,,INSUFFICIENT,,INSUFFICIENT,,INSUFFICIENT,,INSUFFICIENT
SBIN,2015-03,,INSUFFICIENT,,INSUFFICIENT,,INSUFFICIENT,,INSUFFICIENT,,INSUFFICIENT,,INSUFFICIENT,,INSUFFICIENT,,INSUFFICIENT,,INSUFFICIENT
SBIN,2016-03,9.515202786698062,NORMAL,,INSUFFICIENT,,INSUFFICIENT,-11.140154028496529,NORMAL,,INSUFFICIENT,,INSUFFICIENT,-14.941925943401968,NORMAL,,INSUFFICIENT,,INSUFFICIENT
SBIN,2017-03,6.820745275391649,NORMAL,,INSUFFICIENT,,INSUFFICIENT,,DECLINE_TO_LOSS,,INSUFFICIENT,,INSUFFICIENT,-100.0,NORMAL,,INSUFFICIENT,,INSUFFICIENT
SBIN,2018-03,3.2578741851047477,NORMAL,6.391337774342953,NORMAL,,INSUFFICIENT,,DECLINE_TO_LOSS,,DECLINE_TO_LOSS,,INSUFFICIENT,,DECLINE_TO_LOSS,,DECLINE_TO_LOSS,,INSUFFICIENT
SBIN,2019-03,4.713050741747504,NORMAL,6.026330755969744,NORMAL,,INSUFFICIENT,-36.388993560299575,NORMAL,-25.708099177620557,NORMAL,,INSUFFICIENT,-42.764287872333405,NORMAL,-30.8688899062997,NORMAL,,INSUFFICIENT
SBIN,2020-03,5.402649407435978,NORMAL,5.347278157008639,NORMAL,,INSUFFICIENT,,TURNAROUND,3.4620276583760656,NORMAL,,INSUFFICIENT,,ZERO_BASE,-0.8850950183580175,NORMAL,,INSUFFICIENT
SBIN,2021-03,6.696115822707616,NORMAL,4.739570467341814,NORMAL,,INSUFFICIENT,,TURNAROUND,12.90688679490788,NORMAL,,INSUFFICIENT,,TURNAROUND,9.336207394327811,NORMAL,,INSUFFICIENT
SBIN,2022-03,4.607193641659868,NORMAL,4.702560044345239,NORMAL,,INSUFFICIENT,123.04371989756771,NORMAL,,TURNAROUND,,INSUFFICIENT,137.12622029933752,NORMAL,,ZERO_BASE,,INSUFFICIENT
SBIN,2023-03,9.143166656461577,NORMAL,8.90989554205488,NORMAL,7.64325098947527,NORMAL,39.79200541726018,NORMAL,,TURNAROUND,12.023491123571528,NORMAL,41.250394538704384,NORMAL,,TURNAROUND,9.079172381880763,NORMAL
SBIN,2024-03,16.450765315782267,NORMAL,11.63380022632805,NORMAL,8.7939438863327,NORMAL,42.78783556410384,NORMAL,83.4069542329295,NORMAL,16.72896493162048,NORMAL,44.22495703074083,NORMAL,90.36539387158786,NORMAL,14.717788514978626,NORMAL
SHREECEM,2013-06,,INSUFFICIENT,,INSUFFICIENT,,INSUFFICIENT,,INSUFFICIENT,,INSUFFICIENT,,INSUFFICIENT,,INSUFFICIENT,,INSUFFICIENT,,INSUFFICIENT
SHREECEM,2014-06,,INSUFFICIENT,,INSUFFICIENT,,INSUFFICIENT,,INSUFFICIENT,,INSUFFICIENT,,INSUFFICIENT,,INSUFFICIENT,,INSUFFICIENT,,INSUFFICIENT
SHREECEM,2015-06,,INSUFFICIENT,,INSUFFICIENT,,INSUFFICIENT,,INSUFFICIENT,,INSUFFICIENT,,INSUFFICIENT,,INSUFFICIENT,,INSUFFICIENT,,INSUFFICIENT
SHREECEM,2017-03,14.567043229101962,NORMAL,,INSUFFICIENT,,INSUFFICIENT,19.381018992893416,NORMAL,,INSUFFICIENT,,INSUFFICIENT,19.327606190028135,NORMAL,,INSUFFICIENT,,INSUFFICIENT
SHREECEM,2018-03,16.25019655633777,NORMAL,12.65991200677763,NORMAL,,INSUFFICIENT,48.106969950003496,NORMAL,6.630261792239867,NORMAL,,INSUFFICIENT,48.18704074005345,NORMAL,6.630047777528425,NORMAL,,INSUFFICIENT
SHREECEM,2019-03,,INSUFFICIENT,17.04694867780463,NORMAL,,INSUFFICIENT,,INSUFFICIENT,5.219991403224067,NORMAL,,INSUFFICIENT,,INSUFFICIENT,5.0407661395103665,NORMAL,,INSUFFICIENT
SHREECEM,2020-03,14.403304116144877,NORMAL,15.505115875457598,NORMAL,,INSUFFICIENT,4.862990699644598,NORMAL,29.374158914062964,NORMAL,,INSUFFICIENT,3.5204437355713214,NORMAL,28.41328431421859,NORMAL,,INSUFFICIENT
SHREECEM,2021-03,11.307531177630858,NORMAL,,INSUFFICIENT,,INSUFFICIENT,19.080561577951748,NORMAL,,INSUFFICIENT,,INSUFFICIENT,17.619863324237993,NORMAL,,INSUFFICIENT,,INSUFFICIENT
SHREECEM,2022-03,6.134030811830393,NORMAL,11.79878108764747,NORMAL,,INSUFFICIENT,7.728809356106958,NORMAL,-1.068132079337214,NORMAL,,INSUFFICIENT,6.794349214527684,NORMAL,-1.7251730343853966,NORMAL,,INSUFFICIENT
SHREECEM,2023-03,11.530061577037909,NORMAL,12.66789173934042,NORMAL,12.663901802410704,NORMAL,15.3380456562489,NORMAL,11.348864890629384,NORMAL,8.964024400517424,NORMAL,15.945214071852764,NORMAL,10.834639879628272,NORMAL,8.712018405371902,NORMAL
SHREECEM,2024-03,14.809971802418321,NORMAL,10.325615915556586,NORMAL,13.636599315164899,NORMAL,-9.486515671324725,NORMAL,11.2926552609119,NORMAL,8.213734016506091,NORMAL,-9.426133758215006,NORMAL,10.67987982673917,NORMAL,7.823463927058194,NORMAL
SHRIRAMFIN,2013-03,,INSUFFICIENT,,INSUFFICIENT,,INSUFFICIENT,,INSUFFICIENT,,INSUFFICIENT,,INSUFFICIENT,,INSUFFICIENT,,INSUFFICIENT,,INSUFFICIENT
SHRIRAMFIN,2014-03,,INSUFFICIENT,,INSUFFICIENT,,INSUFFICIENT,,INSUFFICIENT,,INSUFFICIENT,,INSUFFICIENT,,INSUFFICIENT,,INSUFFICIENT,,INSUFFICIENT
SHRIRAMFIN,2015-03,,INSUFFICIENT,,INSUFFICIENT,,INSUFFICIENT,,INSUFFICIENT,,INSUFFICIENT,,INSUFFICIENT,,INSUFFICIENT,,INSUFFICIENT,,INSUFFICIENT
SHRIRAMFIN,2016-03,13.907920735704039,NORMAL,,INSUFFICIENT,,INSUFFICIENT,-6.810039978644056,NORMAL,,INSUFFICIENT,,INSUFFICIENT,-9.143970358393016,NORMAL,,INSUFFICIENT,,INSUFFICIENT
SHRIRAMFIN,2017-03,8.755614848577654,NORMAL,,INSUFFICIENT,,INSUFFICIENT,-2.3112291423315057,NORMAL,,INSUFFICIENT,,INSUFFICIENT,-3.1270693848535758,NORMAL,,INSUFFICIENT,,INSUFFICIENT
SHRIRAMFIN,2018-03,13.736307343403208,NORMAL,14.011434159366654,NORMAL,,INSUFFICIENT,35.35020158792932,NORMAL,11.744228615295228,NORMAL,,INSUFFICIENT,35.72088082974532,NORMAL,10.756634324829006,NORMAL,,INSUFFICIENT
SHRIRAMFIN,2019-03,14.465284797216626,NORMAL,12.88328854393026,NORMAL,,INSUFFICIENT,29.578033710946094,NORMAL,13.660409851906241,NORMAL,,INSUFFICIENT,30.49558803896213,NORMAL,12.700920209792542,NORMAL,,INSUFFICIENT
SHRIRAMFIN,2020-03,14.951201510418443,NORMAL,12.532292167201753,NORMAL,,INSUFFICIENT,25.65949492839823,NORMAL,19.56534025314376,NORMAL,,INSUFFICIENT,25.99210498948732,NORMAL,20.11244339814313,NORMAL,,INSUFFICIENT
SHRIRAMFIN,2021-03,8.867930802405022,NORMAL,10.957339615615979,NORMAL,,INSUFFICIENT,-0.6581736045456754,NORMAL,16.113552024963205,NORMAL,,INSUFFICIENT,-3.451061539437028,NORMAL,14.869835499703509,NORMAL,,INSUFFICIENT
SHRIRAMFIN,2022-03,7.41578421475495,NORMAL,12.046811444085236,NORMAL,,INSUFFICIENT,1.842150434587042,NORMAL,16.53569410007547,NORMAL,,INSUFFICIENT,0.0,NORMAL,14.869835499703509,NORMAL,,INSUFFICIENT
SHRIRAMFIN,2023-03,22.564994850987507,NORMAL,17.694877574792244,NORMAL,15.838515984594448,NORMAL,33.82141531523914,NORMAL,18.753202713907747,NORMAL,15.195421058570746,NORMAL,16.96070952851465,NORMAL,9.856054330611785,NORMAL,10.30542524220699,NORMAL
SHRIRAMFIN,2024-03,27.82625310142639,NORMAL,18.556070052776754,NORMAL,15.684912864219292,NORMAL,43.59376752249222,NORMAL,23.49387942502037,NORMAL,18.47516596168881,NORMAL,29.398934610938454,NORMAL,14.289655141156077,NORMAL,13.492507703672384,NORMAL
SIEMENS,2011-09,,INSUFFICIENT,,INSUFFICIENT,,INSUFFICIENT,,INSUFFICIENT,,INSUFFICIENT,,INSUFFICIENT,,INSUFFICIENT,,INSUFFICIENT,,INSUFFICIENT
SIEMENS,2014-09,-3.6954561146987808,NORMAL,,INSUFFICIENT,,INSUFFICIENT,-11.434238251596751,NORMAL,,INSUFFICIENT,,INSUFFICIENT,,INSUFFICIENT,,INSUFFICIENT,,INSUFFICIENT
SIEMENS,2015-09,,INSUFFICIENT,,INSUFFICIENT,,INSUFFICIENT,,INSUFFICIENT,,INSUFFICIENT,,INSUFFICIENT,,INSUFFICIENT,,INSUFFICIENT,,INSUFFICIENT
SIEMENS,2016-09,,INSUFFICIENT,-1.9445135419174697,NORMAL,,INSUFFICIENT,,INSUFFICIENT,27.40719795539961,NORMAL,,INSUFFICIENT,,INSUFFICIENT,,INSUFFICIENT,,INSUFFICIENT
SIEMENS,2017-09,1.1937835029123933,NORMAL,,INSUFFICIENT,,INSUFFICIENT,23.54193070579873,NORMAL,,INSUFFICIENT,,INSUFFICIENT,23.47158379972165,NORMAL,,INSUFFICIENT,,INSUFFICIENT
SIEMENS,2018-09,6.598477888646781,NORMAL,,INSUFFICIENT,,INSUFFICIENT,-8.444262631263689,NORMAL,,INSUFFICIENT,,INSUFFICIENT,-8.839082067855198,NORMAL,,INSUFFICIENT,,INSUFFICIENT
SIEMENS,2019-09,6.482233989415653,NORMAL,4.14780560352479,NORMAL,,INSUFFICIENT,-27.75029996608148,NORMAL,12.755069257055474,NORMAL,,INSUFFICIENT,-27.69262194621529,NORMAL,12.767137012376306,NORMAL,,INSUFFICIENT
SIEMENS,2020-09,-3.4914748224880943,NORMAL,-1.1965214353366616,NORMAL,,INSUFFICIENT,-12.221405026476695,NORMAL,-8.113512860093364,NORMAL,,INSUFFICIENT,-11.741291616848425,NORMAL,-7.7892088518272224,NORMAL,,INSUFFICIENT
SIEMENS,2021-09,1.0390555224739861,NORMAL,4.020709132474987,NORMAL,0.9940653489082241,NORMAL,6.520786136539347,NORMAL,-17.868894894686548,NORMAL,2.2941541166864754,NORMAL,7.433707098896636,NORMAL,-17.679202652317393,NORMAL,,INSUFFICIENT
SIEMENS,2022-09,7.243190352062467,NORMAL,7.839945218238031,NORMAL,,INSUFFICIENT,11.975431464533193,NORMAL,6.297020703908007,NORMAL,,INSUFFICIENT,11.524149667113527,NORMAL,6.087373042094901,NORMAL,,INSUFFICIENT
SIEMENS,2023-09,25.274415560826657,NORMAL,8.852664484885441,NORMAL,,INSUFFICIENT,36.644101013409866,NORMAL,16.840886231483097,NORMAL,,INSUFFICIENT,35.72088082974532,NORMAL,17.08049129648923,NORMAL,,INSUFFICIENT
SIEMENS,2024-09,18.998700727442852,NORMAL,11.193358902067896,NORMAL,7.612937546261267,NORMAL,35.646062247422265,NORMAL,19.85339817550189,NORMAL,16.250067578355253,NORMAL,34.83955155292464,NORMAL,19.643850003755613,NORMAL,16.15461431239702,NORMAL
SUNPHARMA,2013-03,,INSUFFICIENT,,INSUFFICIENT,,INSUFFICIENT,,INSUFFICIENT,,INSUFFICIENT,,INSUFFICIENT,,INSUFFICIENT,,INSUFFICIENT,,INSUFFICIENT
SUNPHARMA,2014-03,,INSUFFICIENT,,INSUFFICIENT,,INSUFFICIENT,,INSUFFICIENT,,INSUFFICIENT,,INSUFFICIENT,,INSUFFICIENT,,INSUFFICIENT,,INSUFFICIENT
SUNPHARMA,2015-03,,INSUFFICIENT,,INSUFFICIENT,,INSUFFICIENT,,INSUFFICIENT,,INSUFFICIENT,,INSUFFICIENT,,INSUFFICIENT,,INSUFFICIENT,,INSUFFICIENT
SUNPHARMA,2016-03,36.784696435759166,NORMAL,,INSUFFICIENT,,INSUFFICIENT,17.711677206135334,NORMAL,,INSUFFICIENT,,INSUFFICIENT,10.715524489384997,NORMAL,,INSUFFICIENT,,INSUFFICIENT
SUNPHARMA,2017-03,25.22744658989391,NORMAL,,INSUFFICIENT,,INSUFFICIENT,26.46669663064487,NORMAL,,INSUFFICIENT,,INSUFFICIENT,24.576343521467958,NORMAL,,INSUFFICIENT,,INSUFFICIENT
SUNPHARMA,2018-03,-1.111162061551163,NORMAL,18.934068669904768,NORMAL,,INSUFFICIENT,-22.570931319614473,NORMAL,-6.028913273042247,NORMAL,,INSUFFICIENT,-25.76535952600708,NORMAL,-8.457473433049822,NORMAL,,INSUFFICIENT
SUNPHARMA,2019-03,0.6729630665407882,NORMAL,12.569268760264052,NORMAL,,INSUFFICIENT,-17.23301430719112,NORMAL,-3.7273522971935424,NORMAL,,INSUFFICIENT,-16.654972401380764,NORMAL,-6.014623565001143,NORMAL,,INSUFFICIENT
SUNPHARMA,2020-03,1.3127318460437687,NORMAL,3.6932749659858377,NORMAL,,INSUFFICIENT,-18.985019465835016,NORMAL,-5.294288306122463,NORMAL,,INSUFFICIENT,-17.982348736861454,NORMAL,-6.170487402194635,NORMAL,,INSUFFICIENT
SUNPHARMA,2021-03,8.139520190442262,NORMAL,3.2938423054365673,NORMAL,,INSUFFICIENT,-3.673837205125996,NORMAL,-16.680035395059534,NORMAL,,INSUFFICIENT,10.064241629820891,NORMAL,-8.780953350850574,NORMAL,,INSUFFICIENT
SUNPHARMA,2022-03,9.968860363153143,NORMAL,4.126666314649863,NORMAL,,INSUFFICIENT,1.846412653809848,NORMAL,-15.455637638926811,NORMAL,,INSUFFICIENT,8.37067626618271,NORMAL,-13.55378004868154,NORMAL,,INSUFFICIENT
SUNPHARMA,2023-03,10.14964456279115,NORMAL,10.62469519395506,NORMAL,14.70416337162803,NORMAL,26.8370437626152,NORMAL,27.34485916122502,NORMAL,9.392571980330079,NORMAL,29.81235254627761,NORMAL,31.20944756784505,NORMAL,9.595822638521723,NORMAL
SUNPHARMA,2024-03,13.126755589483485,NORMAL,10.78116321985565,NORMAL,11.67163711556578,NORMAL,61.722961970425125,NORMAL,24.536829642931245,NORMAL,9.496531115092143,NORMAL,49.380158218572156,NORMAL,29.45936165164078,NORMAL,10.30542524220699,NORMAL
TATACONSUM,2013-03,,INSUFFICIENT,,INSUFFICIENT,,INSUFFICIENT,,INSUFFICIENT,,INSUFFICIENT,,INSUFFICIENT,,INSUFFICIENT,,INSUFFICIENT,,INSUFFICIENT
TATACONSUM,2014-03,,INSUFFICIENT,,INSUFFICIENT,,INSUFFICIENT,,INSUFFICIENT,,INSUFFICIENT,,INSUFFICIENT,,INSUFFICIENT,,INSUFFICIENT,,INSUFFICIENT
TATACONSUM,2015-03,,INSUFFICIENT,,INSUFFICIENT,,INSUFFICIENT,,INSUFFICIENT,,INSUFFICIENT,,INSUFFICIENT,,INSUFFICIENT,,INSUFFICIENT,,INSUFFICIENT
TATACONSUM,2016-03,-3.3485297241104828,NORMAL,,INSUFFICIENT,,INSUFFICIENT,,DECLINE_TO_LOSS,,INSUFFICIENT,,INSUFFICIENT,-100.0,NORMAL,,INSUFFICIENT,,INSUFFICIENT
TATACONSUM,2017-03,-4.309904173920942,NORMAL,,INSUFFICIENT,,INSUFFICIENT,-3.732341905258707,NORMAL,,INSUFFICIENT,,INSUFFICIENT,-5.008574840700353,NORMAL,,INSUFFICIENT,,INSUFFICIENT
TATACONSUM,2018-03,-5.1759102605060665,NORMAL,-1.5027994128252953,NORMAL,,INSUFFICIENT,26.756638900136597,NORMAL,4.55455456174807,NORMAL,,INSUFFICIENT,25.99210498948732,NORMAL,5.922384104881218,NORMAL,,INSUFFICIENT
TATACONSUM,2019-03,2.9979685855094917,NORMAL,-1.2889403541939681,NORMAL,,INSUFFICIENT,,TURNAROUND,-2.1706417085053276,NORMAL,,INSUFFICIENT,,ZERO_BASE,-3.0359733904420927,NORMAL,,INSUFFICIENT
TATACONSUM,2020-03,12.435655206180174,NORMAL,3.8117253809679896,NORMAL,,INSUFFICIENT,0.36496673863617435,NORMAL,10.998992517000872,NORMAL,,INSUFFICIENT,-5.896397111897144,NORMAL,4.563955259127317,NORMAL,,INSUFFICIENT
TATACONSUM,2021-03,19.404950704602154,NORMAL,11.818125796841251,NORMAL,,INSUFFICIENT,18.705102034038458,NORMAL,,TURNAROUND,,INSUFFICIENT,4.0041911525952045,NORMAL,,ZERO_BASE,,INSUFFICIENT
TATACONSUM,2022-03,19.659229119605513,NORMAL,12.879048702120599,NORMAL,,INSUFFICIENT,30.471788004139388,NORMAL,17.4061722440779,NORMAL,,INSUFFICIENT,18.56311014966876,NORMAL,10.756634324829006,NORMAL,,INSUFFICIENT
TATACONSUM,2023-03,12.668012266323302,NORMAL,15.126573553688294,NORMAL,6.487770228471579,NORMAL,42.103693641575354,NORMAL,18.87754506830248,NORMAL,11.486271675083358,NORMAL,33.88659001643391,NORMAL,8.447177119769854,NORMAL,7.177346253629313,NORMAL
TATACONSUM,2024-03,9.436125385661253,NORMAL,15.96086282879563,NORMAL,6.988876278201839,NORMAL,9.319535187362149,NORMAL,21.59956338772886,NORMAL,9.068818893153164,NORMAL,10.064241629820891,NORMAL,14.869835499703509,NORMAL,5.537868966683179,NORMAL
TATAMOTORS,2013-03,,INSUFFICIENT,,INSUFFICIENT,,INSUFFICIENT,,INSUFFICIENT,,INSUFFICIENT,,INSUFFICIENT,,INSUFFICIENT,,INSUFFICIENT,,INSUFFICIENT
TATAMOTORS,2014-03,,INSUFFICIENT,,INSUFFICIENT,,INSUFFICIENT,,INSUFFICIENT,,INSUFFICIENT,,INSUFFICIENT,,INSUFFICIENT,,INSUFFICIENT,,INSUFFICIENT
TATAMOTORS,2015-03,,INSUFFICIENT,,INSUFFICIENT,,INSUFFICIENT,,INSUFFICIENT,,INSUFFICIENT,,INSUFFICIENT,,INSUFFICIENT,,INSUFFICIENT,,INSUFFICIENT
TATAMOTORS,2016-03,13.088031298199422,NORMAL,,INSUFFICIENT,,INSUFFICIENT,5.391117653187827,NORMAL,,INSUFFICIENT,,INSUFFICIENT,4.551591714942038,NORMAL,,INSUFFICIENT,,INSUFFICIENT
TATAMOTORS,2017-03,5.020583040318338,NORMAL,,INSUFFICIENT,,INSUFFICIENT,-18.674944939029537,NORMAL,,INSUFFICIENT,,INSUFFICIENT,-18.483779224854192,NORMAL,,INSUFFICIENT,,INSUFFICIENT
TATAMOTORS,2018-03,3.4740877162382278,NORMAL,9.080075940842015,NORMAL,,INSUFFICIENT,-13.554646081362032,NORMAL,-1.840792487847298,NORMAL,,INSUFFICIENT,-13.561580205987333,NORMAL,-2.3979971134338363,NORMAL,,INSUFFICIENT
TATAMOTORS,2019-03,3.4095508396228658,NORMAL,5.335382093506746,NORMAL,,INSUFFICIENT,,DECLINE_TO_LOSS,,DECLINE_TO_LOSS,,INSUFFICIENT,,DECLINE_TO_LOSS,,DECLINE_TO_LOSS,,INSUFFICIENT
TATAMOTORS,2020-03,-1.0775973772057412,NORMAL,-0.15942283564516213,NORMAL,,INSUFFICIENT,,DECLINE_TO_LOSS,,DECLINE_TO_LOSS,,INSUFFICIENT,,DECLINE_TO_LOSS,,DECLINE_TO_LOSS,,INSUFFICIENT
TATAMOTORS,2021-03,-5.021880825628477,NORMAL,-1.7642456393607842,NORMAL,,INSUFFICIENT,,DECLINE_TO_LOSS,,DECLINE_TO_LOSS,,INSUFFICIENT,,DECLINE_TO_LOSS,,DECLINE_TO_LOSS,,INSUFFICIENT
TATAMOTORS,2022-03,-2.662864296641687,NORMAL,0.6414203484642833,NORMAL,,INSUFFICIENT,,BOTH_NEGATIVE,,DECLINE_TO_LOSS,,INSUFFICIENT,,BOTH_NEGATIVE,,DECLINE_TO_LOSS,,INSUFFICIENT
TATAMOTORS,2023-03,9.83995454764286,NORMAL,3.4818837767886857,NORMAL,6.244113911658644,NORMAL,,TURNAROUND,-21.61587323833696,NORMAL,-12.283845476121302,NORMAL,,TURNAROUND,-25.74131244826602,NORMAL,-14.86600774792154,NORMAL
TATAMOTORS,2024-03,20.579364569370973,NORMAL,7.7201595386239275,NORMAL,6.521097272673915,NORMAL,,TURNAROUND,,TURNAROUND,8.513716630198353,NORMAL,,TURNAROUND,,TURNAROUND,6.9519387639527475,NORMAL
TATAPOWER,2013-03,,INSUFFICIENT,,INSUFFICIENT,,INSUFFICIENT,,INSUFFICIENT,,INSUFFICIENT,,INSUFFICIENT,,INSUFFICIENT,,INSUFFICIENT,,INSUFFICIENT
TATAPOWER,2014-03,,INSUFFICIENT,,INSUFFICIENT,,INSUFFICIENT,,INSUFFICIENT,,INSUFFICIENT,,INSUFFICIENT,,INSUFFICIENT,,INSUFFICIENT,,INSUFFICIENT
TATAPOWER,2015-03,,INSUFFICIENT,,INSUFFICIENT,,INSUFFICIENT,,INSUFFICIENT,,INSUFFICIENT,,INSUFFICIENT,,INSUFFICIENT,,INSUFFICIENT,,INSUFFICIENT
TATAPOWER,2016-03,-3.8464061686669937,NORMAL,,INSUFFICIENT,,INSUFFICIENT,85.56916412979658,NORMAL,,INSUFFICIENT,,INSUFFICIENT,,ZERO_BASE,,INSUFFICIENT,,INSUFFICIENT
TATAPOWER,2017-03,-8.25580215679419,NORMAL,,INSUFFICIENT,,INSUFFICIENT,350.88987149920666,NORMAL,,INSUFFICIENT,,INSUFFICIENT,,TURNAROUND,,INSUFFICIENT,,INSUFFICIENT
TATAPOWER,2018-03,-7.207849349046624,NORMAL,-4.150670375923127,NORMAL,,INSUFFICIENT,78.77092635804233,NORMAL,84.23848428973332,NORMAL,,INSUFFICIENT,108.00838230519041,NORMAL,,ZERO_BASE,,INSUFFICIENT
TATAPOWER,2019-03,0.4354779305501211,NORMAL,-3.510035476297202,NORMAL,,INSUFFICIENT,49.11361135927026,NORMAL,193.33145270993194,NORMAL,,INSUFFICIENT,65.09636244473134,NORMAL,,TURNAROUND,,INSUFFICIENT
TATAPOWER,2020-03,1.836446614309395,NORMAL,-2.806722437128961,NORMAL,,INSUFFICIENT,6.1584090624637655,NORMAL,23.557165830019542,NORMAL,,INSUFFICIENT,10.064241629820891,NORMAL,31.95079107728942,NORMAL,,INSUFFICIENT
TATAPOWER,2021-03,6.807486340619606,NORMAL,2.0870804315290092,NORMAL,,INSUFFICIENT,-18.011808397185234,NORMAL,12.856778608364404,NORMAL,,INSUFFICIENT,-23.685717163111207,NORMAL,14.869835499703509,NORMAL,,INSUFFICIENT
TATAPOWER,2022-03,12.737998792682559,NORMAL,9.188569156258652,NORMAL,,INSUFFICIENT,-6.12323506908986,NORMAL,14.406635585872296,NORMAL,,INSUFFICIENT,-17.79293085565099,NORMAL,10.756634324829006,NORMAL,,INSUFFICIENT
TATAPOWER,2023-03,23.66995440372486,NORMAL,15.475008740465078,NORMAL,5.205523505698095,NORMAL,42.52455558146231,NORMAL,7.850862052512575,NORMAL,40.961978398063195,NORMAL,35.72088082974532,NORMAL,2.1295687600135116,NORMAL,,ZERO_BASE
TATAPOWER,2024-03,23.398271146138306,NORMAL,15.511158201876407,NORMAL,5.573043704303959,NORMAL,43.81173474053719,NORMAL,10.431728917459004,NORMAL,79.98083083658562,NORMAL,44.22495703074083,NORMAL,5.922384104881218,NORMAL,,TURNAROUND
TATASTEEL,2013-03,,INSUFFICIENT,,INSUFFICIENT,,INSUFFICIENT,,INSUFFICIENT,,INSUFFICIENT,,INSUFFICIENT,,INSUFFICIENT,,INSUFFICIENT,,INSUFFICIENT
TATASTEEL,2014-03,,INSUFFICIENT,,INSUFFICIENT,,INSUFFICIENT,,INSUFFICIENT,,INSUFFICIENT,,INSUFFICIENT,,INSUFFICIENT,,INSUFFICIENT,,INSUFFICIENT
TATASTEEL,2015-03,,INSUFFICIENT,,INSUFFICIENT,,INSUFFICIENT,,INSUFFICIENT,,INSUFFICIENT,,INSUFFICIENT,,INSUFFICIENT,,INSUFFICIENT,,INSUFFICIENT
TATASTEEL,2016-03,-8.865752232175971,NORMAL,,INSUFFICIENT,,INSUFFICIENT,,BOTH_NEGATIVE,,INSUFFICIENT,,INSUFFICIENT,,INSUFFICIENT,,INSUFFICIENT,,INSUFFICIENT
TATASTEEL,2017-03,-8.916707372207,NORMAL,,INSUFFICIENT,,INSUFFICIENT,,DECLINE_TO_LOSS,,INSUFFICIENT,,INSUFFICIENT,,DECLINE_TO_LOSS,,INSUFFICIENT,,INSUFFICIENT
TATASTEEL,2018-03,-4.045448177001654,NORMAL,-1.7629247393143754,NORMAL,,INSUFFICIENT,,TURNAROUND,,TURNAROUND,,INSUFFICIENT,,TURNAROUND,,TURNAROUND,,INSUFFICIENT
TATASTEEL,2019-03,15.637420803615477,NORMAL,1.1899352303948563,NORMAL,,INSUFFICIENT,,TURNAROUND,20.006071169121277,NORMAL,,INSUFFICIENT,,ZERO_BASE,24.57309396155174,NORMAL,,INSUFFICIENT
TATASTEEL,2020-03,7.579130582814586,NORMAL,0.04483304721332182,NORMAL,,INSUFFICIENT,,TURNAROUND,,TURNAROUND,,INSUFFICIENT,,TURNAROUND,,TURNAROUND,,INSUFFICIENT
TATASTEEL,2021-03,8.239630398977393,NORMAL,8.917643492126203,NORMAL,,INSUFFICIENT,-22.716707436712547,NORMAL,,TURNAROUND,,INSUFFICIENT,-20.62994740159002,NORMAL,,ZERO_BASE,,INSUFFICIENT
TATASTEEL,2022-03,15.661861342639316,NORMAL,16.785302798093515,NORMAL,,INSUFFICIENT,66.02952924085908,NORMAL,,TURNAROUND,,INSUFFICIENT,54.20216697275806,NORMAL,,TURNAROUND,,INSUFFICIENT
TATASTEEL,2023-03,20.288905982534033,NORMAL,14.575209507250019,NORMAL,6.092099043107546,NORMAL,90.17706677081614,NORMAL,-14.56750384775095,NORMAL,,TURNAROUND,91.29311827723889,NORMAL,-10.219223176287473,NORMAL,,TURNAROUND
TATASTEEL,2024-03,13.607181258352963,NORMAL,7.766224835881497,NORMAL,4.426324799674042,NORMAL,,DECLINE_TO_LOSS,,DECLINE_TO_LOSS,,DECLINE_TO_LOSS,,DECLINE_TO_LOSS,,DECLINE_TO_LOSS,,DECLINE_TO_LOSS
TCS,2013-03,,INSUFFICIENT,,INSUFFICIENT,,INSUFFICIENT,,INSUFFICIENT,,INSUFFICIENT,,INSUFFICIENT,,INSUFFICIENT,,INSUFFICIENT,,INSUFFICIENT
TCS,2014-03,,INSUFFICIENT,,INSUFFICIENT,,INSUFFICIENT,,INSUFFICIENT,,INSUFFICIENT,,INSUFFICIENT,,INSUFFICIENT,,INSUFFICIENT,,INSUFFICIENT
TCS,2015-03,,INSUFFICIENT,,INSUFFICIENT,,INSUFFICIENT,,INSUFFICIENT,,INSUFFICIENT,,INSUFFICIENT,,INSUFFICIENT,,INSUFFICIENT,,INSUFFICIENT
TCS,2016-03,19.926826807058262,NORMAL,,INSUFFICIENT,,INSUFFICIENT,20.024123427360262,NORMAL,,INSUFFICIENT,,INSUFFICIENT,19.866105802463508,NORMAL,,INSUFFICIENT,,INSUFFICIENT
TCS,2017-03,12.975756084679247,NORMAL,,INSUFFICIENT,,INSUFFICIENT,10.88506703657599,NORMAL,,INSUFFICIENT,,INSUFFICIENT,10.992314452464358,NORMAL,,INSUFFICIENT,,INSUFFICIENT
TCS,2018-03,9.157498447600322,NORMAL,14.340869430011583,NORMAL,,INSUFFICIENT,8.862369038731167,NORMAL,12.95280041634883,NORMAL,,INSUFFICIENT,9.52204445412388,NORMAL,13.228162727841198,NORMAL,,INSUFFICIENT
TCS,2019-03,10.468399359516333,NORMAL,12.353179810852332,NORMAL,,INSUFFICIENT,9.050219206448705,NORMAL,10.300516425506201,NORMAL,,INSUFFICIENT,10.652831653505789,NORMAL,11.382417860287909,NORMAL,,INSUFFICIENT
TCS,2020-03,9.985111592655759,NORMAL,10.644395991959787,NORMAL,,INSUFFICIENT,7.1748433498890485,NORMAL,10.09528600904459,NORMAL,,INSUFFICIENT,8.677894568274303,NORMAL,11.01602038533911,NORMAL,,INSUFFICIENT
TCS,2021-03,10.072809184198906,NORMAL,8.607474456825258,NORMAL,,INSUFFICIENT,7.9565341146855095,NORMAL,5.994965305597044,NORMAL,,INSUFFICIENT,9.513911226375726,NORMAL,7.255160357783463,NORMAL,,INSUFFICIENT
TCS,2022-03,9.397022598968086,NORMAL,10.204039995433668,NORMAL,,INSUFFICIENT,6.800555392457164,NORMAL,7.844453615982827,NORMAL,,INSUFFICIENT,7.721734501594191,NORMAL,9.40140494061652,NORMAL,,INSUFFICIENT
TCS,2023-03,12.832886661793674,NORMAL,12.864846978115496,NORMAL,13.600460965450933,NORMAL,9.244321791670718,NORMAL,10.32689076721931,NORMAL,11.632124737398254,NORMAL,10.170789848949212,NORMAL,11.410111155073954,NORMAL,12.315458399071622,NORMAL
TCS,2024-03,13.632864555506409,NORMAL,10.463614801716602,NORMAL,11.404391189817975,NORMAL,12.286310199806593,NORMAL,7.871172131953608,NORMAL,9.07908137484088,NORMAL,13.007434657986106,NORMAL,8.618771612987096,NORMAL,9.991915190476197,NORMAL
TECHM,2013-03,,INSUFFICIENT,,INSUFFICIENT,,INSUFFICIENT,,INSUFFICIENT,,INSUFFICIENT,,INSUFFICIENT,,INSUFFICIENT,,INSUFFICIENT,,INSUFFICIENT
TECHM,2014-03,,INSUFFICIENT,,INSUFFICIENT,,INSUFFICIENT,,INSUFFICIENT,,INSUFFICIENT,,INSUFFICIENT,,INSUFFICIENT,,INSUFFICIENT,,INSUFFICIENT
TECHM,2015-03,,INSUFFICIENT,,INSUFFICIENT,,INSUFFICIENT,,INSUFFICIENT,,INSUFFICIENT,,INSUFFICIENT,,INSUFFICIENT,,INSUFFICIENT,,INSUFFICIENT
TECHM,2016-03,56.7955487379131,NORMAL,,INSUFFICIENT,,INSUFFICIENT,32.305818681909585,NORMAL,,INSUFFICIENT,,INSUFFICIENT,7.433707098896636,NORMAL,,INSUFFICIENT,,INSUFFICIENT
TECHM,2017-03,15.726672906617312,NORMAL,,INSUFFICIENT,,INSUFFICIENT,-2.3518521200349807,NORMAL,,INSUFFICIENT,,INSUFFICIENT,-3.2280839843050857,NORMAL,,INSUFFICIENT,,INSUFFICIENT
TECHM,2018-03,10.803295935107226,NORMAL,34.95988471064084,NORMAL,,INSUFFICIENT,12.50040625912472,NORMAL,23.70321997995626,NORMAL,,INSUFFICIENT,13.040381433805548,NORMAL,9.301197394385863,NORMAL,,INSUFFICIENT
TECHM,2019-03,9.455039320798452,NORMAL,13.06551195018606,NORMAL,,INSUFFICIENT,12.317615570062145,NORMAL,6.972013871466487,NORMAL,,INSUFFICIENT,12.382061455639448,NORMAL,6.576275663547415,NORMAL,,INSUFFICIENT
TECHM,2020-03,8.155441871080571,NORMAL,10.262429096201808,NORMAL,,INSUFFICIENT,10.979917123756987,NORMAL,7.9449709259688195,NORMAL,,INSUFFICIENT,13.140240479934251,NORMAL,9.238846414037294,NORMAL,,INSUFFICIENT
TECHM,2021-03,7.14809923360793,NORMAL,7.397740303281619,NORMAL,,INSUFFICIENT,4.761735846681758,NORMAL,7.536339520356772,NORMAL,,INSUFFICIENT,5.6568701546746425,NORMAL,8.212947767693679,NORMAL,,INSUFFICIENT
TECHM,2022-03,8.719950583113057,NORMAL,8.906956332092818,NORMAL,,INSUFFICIENT,9.492435519915187,NORMAL,14.5782633758762,NORMAL,,INSUFFICIENT,9.011937795689429,NORMAL,14.470972269648552,NORMAL,,INSUFFICIENT
TECHM,2023-03,13.066004941889808,NORMAL,11.607961702305758,NORMAL,22.729774888300035,NORMAL,7.616591469841638,NORMAL,5.108417819260591,NORMAL,14.027407807251091,NORMAL,5.983983294832651,NORMAL,5.09476404473832,NORMAL,7.177346253629313,NORMAL
TECHM,2024-03,11.160091311747644,NORMAL,8.398437919098868,NORMAL,10.707384026194822,NORMAL,-18.035375119857278,NORMAL,-10.985163688218591,NORMAL,-2.418770735811082,NORMAL,-19.49593629635379,NORMAL,-11.416728965524282,NORMAL,-2.835834213692645,NORMAL
TITAN,2013-03,,INSUFFICIENT,,INSUFFICIENT,,INSUFFICIENT,,INSUFFICIENT,,INSUFFICIENT,,INSUFFICIENT,,INSUFFICIENT,,INSUFFICIENT,,INSUFFICIENT
TITAN,2014-03,,INSUFFICIENT,,INSUFFICIENT,,INSUFFICIENT,,INSUFFICIENT,,INSUFFICIENT,,INSUFFICIENT,,INSUFFICIENT,,INSUFFICIENT,,INSUFFICIENT
TITAN,2015-03,,INSUFFICIENT,,INSUFFICIENT,,INSUFFICIENT,,INSUFFICIENT,,INSUFFICIENT,,INSUFFICIENT,,INSUFFICIENT,,INSUFFICIENT,,INSUFFICIENT
TITAN,2016-03,3.660972000702678,NORMAL,,INSUFFICIENT,,INSUFFICIENT,-2.353820578699717,NORMAL,,INSUFFICIENT,,INSUFFICIENT,0.0,NORMAL,,INSUFFICIENT,,INSUFFICIENT
TITAN,2017-03,6.665779299482688,NORMAL,,INSUFFICIENT,,INSUFFICIENT,-1.7539391806391635,NORMAL,,INSUFFICIENT,,INSUFFICIENT,0.0,NORMAL,,INSUFFICIENT,,INSUFFICIENT
TITAN,2018-03,10.60666521345115,NORMAL,9.75167577733258,NORMAL,,INSUFFICIENT,10.53432036112838,NORMAL,8.73483945710749,NORMAL,,INSUFFICIENT,13.040381433805548,NORMAL,10.197228772148016,NORMAL,,INSUFFICIENT
TITAN,2019-03,20.600679407337232,NORMAL,12.600592944675014,NORMAL,,INSUFFICIENT,27.19386305027598,NORMAL,13.575061677025646,NORMAL,,INSUFFICIENT,25.99210498948732,NORMAL,14.869835499703509,NORMAL,,INSUFFICIENT
TITAN,2020-03,16.65562785115986,NORMAL,12.060987161710424,NORMAL,,INSUFFICIENT,28.906755177527145,NORMAL,12.842819722823219,NORMAL,,INSUFFICIENT,28.564079532911755,NORMAL,13.564157249607756,NORMAL,,INSUFFICIENT
TITAN,2021-03,10.320823733506334,NORMAL,13.929578754150128,NORMAL,,INSUFFICIENT,-4.032145097295469,NORMAL,7.6096048922942305,NORMAL,,INSUFFICIENT,-5.416268377977785,NORMAL,6.576275663547415,NORMAL,,INSUFFICIENT
TITAN,2022-03,13.342040185867754,NORMAL,16.777783146243497,NORMAL,,INSUFFICIENT,16.53109144132707,NORMAL,25.822694676390647,NORMAL,,INSUFFICIENT,14.471424255333186,NORMAL,24.57309396155174,NORMAL,,INSUFFICIENT
TITAN,2023-03,24.4481339871518,NORMAL,20.275922953840663,NORMAL,14.893359685620444,NORMAL,29.919085761202922,NORMAL,24.330996964851504,NORMAL,16.27171192734391,NORMAL,29.593812818957765,NORMAL,23.26837598530007,NORMAL,16.549703683978834,NORMAL
TITAN,2024-03,33.14221885428872,NORMAL,20.897163953120245,NORMAL,16.675157366300255,NORMAL,53.11021124836826,NORMAL,20.274576296793036,NORMAL,16.876825851348286,NORMAL,52.4838939608516,NORMAL,19.50578386760935,NORMAL,17.164882683060824,NORMAL
TORNTPHARM,2013-03,,INSUFFICIENT,,INSUFFICIENT,,INSUFFICIENT,,INSUFFICIENT,,INSUFFICIENT,,INSUFFICIENT,,INSUFFICIENT,,INSUFFICIENT,,INSUFFICIENT
TORNTPHARM,2014-03,,INSUFFICIENT,,INSUFFICIENT,,INSUFFICIENT,,INSUFFICIENT,,INSUFFICIENT,,INSUFFICIENT,,INSUFFICIENT,,INSUFFICIENT,,INSUFFICIENT
TORNTPHARM,2015-03,,INSUFFICIENT,,INSUFFICIENT,,INSUFFICIENT,,INSUFFICIENT,,INSUFFICIENT,,INSUFFICIENT,,INSUFFICIENT,,INSUFFICIENT,,INSUFFICIENT
TORNTPHARM,2016-03,27.808026287085408,NORMAL,,INSUFFICIENT,,INSUFFICIENT,58.52694922655446,NORMAL,,INSUFFICIENT,,INSUFFICIENT,57.71594697396814,NORMAL,,INSUFFICIENT,,INSUFFICIENT
TORNTPHARM,2017-03,11.710338046466262,NORMAL,,INSUFFICIENT,,INSUFFICIENT,12.045116443623805,NORMAL,,INSUFFICIENT,,INSUFFICIENT,11.868894208139679,NORMAL,,INSUFFICIENT,,INSUFFICIENT
TORNTPHARM,2018-03,8.67371479602963,NORMAL,13.185815797308443,NORMAL,,INSUFFICIENT,-3.351173414807851,NORMAL,9.281862314917323,NORMAL,,INSUFFICIENT,-3.1270693848535758,NORMAL,8.997698704834534,NORMAL,,INSUFFICIENT
TORNTPHARM,2019-03,4.6914685002155565,NORMAL,12.959868904863159,NORMAL,,INSUFFICIENT,-36.87094200917074,NORMAL,-8.068640631432466,NORMAL,,INSUFFICIENT,-36.59487076693295,NORMAL,-8.254943738950193,NORMAL,,INSUFFICIENT
TORNTPHARM,2020-03,10.929520237082357,NORMAL,11.358782714354444,NORMAL,,INSUFFICIENT,3.147568877915652,NORMAL,6.418414862657307,NORMAL,,INSUFFICIENT,2.3264108093813185,NORMAL,6.399531281508364,NORMAL,,INSUFFICIENT
TORNTPHARM,2021-03,10.394674554860405,NORMAL,3.663532160847671,NORMAL,,INSUFFICIENT,22.685021965474505,NORMAL,-6.295347760786285,NORMAL,,INSUFFICIENT,22.760102619214862,NORMAL,-6.216527420737561,NORMAL,,INSUFFICIENT
TORNTPHARM,2022-03,3.503275619504187,NORMAL,7.9047633663229755,NORMAL,,INSUFFICIENT,21.239697240419055,NORMAL,-3.6138066917305034,NORMAL,,INSUFFICIENT,20.946924089664122,NORMAL,-3.8578209936383057,NORMAL,,INSUFFICIENT
TORNTPHARM,2023-03,6.611263407477397,NORMAL,10.08588072171932,NORMAL,11.625087759217422,NORMAL,6.6960877514604,NORMAL,12.92443635197773,NORMAL,11.088220371947966,NORMAL,7.240827497169455,NORMAL,13.09264089979596,NORMAL,11.026292374959578,NORMAL
TORNTPHARM,2024-03,10.251830698592634,NORMAL,6.932744476678732,NORMAL,9.904998966029122,NORMAL,9.770422181784767,NORMAL,30.591457402327848,NORMAL,9.569385326916846,NORMAL,9.815788772150768,NORMAL,30.391879544001377,NORMAL,9.374632912519697,NORMAL
TRENT,2013-03,,INSUFFICIENT,,INSUFFICIENT,,INSUFFICIENT,,INSUFFICIENT,,INSUFFICIENT,,INSUFFICIENT,,INSUFFICIENT,,INSUFFICIENT,,INSUFFICIENT
TRENT,2014-03,,INSUFFICIENT,,INSUFFICIENT,,INSUFFICIENT,,INSUFFICIENT,,INSUFFICIENT,,INSUFFICIENT,,INSUFFICIENT,,INSUFFICIENT,,INSUFFICIENT
TRENT,2015-03,,INSUFFICIENT,,INSUFFICIENT,,INSUFFICIENT,,INSUFFICIENT,,INSUFFICIENT,,INSUFFICIENT,,INSUFFICIENT,,INSUFFICIENT,,INSUFFICIENT
TRENT,2016-03,-7.52518809134517,NORMAL,,INSUFFICIENT,,INSUFFICIENT,,TURNAROUND,,INSUFFICIENT,,INSUFFICIENT,,TURNAROUND,,INSUFFICIENT,,INSUFFICIENT
TRENT,2017-03,-8.079054079373371,NORMAL,,INSUFFICIENT,,INSUFFICIENT,,TURNAROUND,,INSUFFICIENT,,INSUFFICIENT,,TURNAROUND,,INSUFFICIENT,,INSUFFICIENT
TRENT,2018-03,-1.8889293180393119,NORMAL,0.23342924489198058,NORMAL,,INSUFFICIENT,-12.304660425977742,NORMAL,,TURNAROUND,,INSUFFICIENT,-9.143970358393016,NORMAL,,TURNAROUND,,INSUFFICIENT
TRENT,2019-03,15.975448153813687,NORMAL,2.4255257678468922,NORMAL,,INSUFFICIENT,19.983162620797668,NORMAL,,TURNAROUND,,INSUFFICIENT,14.471424255333186,NORMAL,,TURNAROUND,,INSUFFICIENT
TRENT,2020-03,24.372127426923896,NORMAL,8.824393804055731,NORMAL,,INSUFFICIENT,7.637180515122499,NORMAL,-3.85134110013694,NORMAL,,INSUFFICIENT,0.0,NORMAL,-5.591248870509801,NORMAL,,INSUFFICIENT
TRENT,2021-03,6.328770127869321,NORMAL,8.990586420337365,NORMAL,,INSUFFICIENT,,DECLINE_TO_LOSS,,DECLINE_TO_LOSS,,INSUFFICIENT,,DECLINE_TO_LOSS,,DECLINE_TO_LOSS,,INSUFFICIENT
TRENT,2022-03,19.588082085555246,NORMAL,19.942266579289726,NORMAL,,INSUFFICIENT,-28.311722349272085,NORMAL,-16.260604064943717,NORMAL,,INSUFFICIENT,0.0,NORMAL,0.0,NORMAL,,INSUFFICIENT
TRENT,2023-03,33.21968705894829,NORMAL,30.74843312034483,NORMAL,14.478660981200232,NORMAL,54.90429238399499,NORMAL,35.26810123045472,NORMAL,,TURNAROUND,63.032441550291594,NORMAL,34.080129120845726,NORMAL,,TURNAROUND
TRENT,2024-03,68.36335197744833,NORMAL,36.30691600183056,NORMAL,18.15797703617492,NORMAL,,TURNAROUND,73.11367578503176,NORMAL,,TURNAROUND,,TURNAROUND,69.52182030724354,NORMAL,,TURNAROUND
TVSMOTOR,2013-03,,INSUFFICIENT,,INSUFFICIENT,,INSUFFICIENT,,INSUFFICIENT,,INSUFFICIENT,,INSUFFICIENT,,INSUFFICIENT,,INSUFFICIENT,,INSUFFICIENT
TVSMOTOR,2014-03,,INSUFFICIENT,,INSUFFICIENT,,INSUFFICIENT,,INSUFFICIENT,,INSUFFICIENT,,INSUFFICIENT,,INSUFFICIENT,,INSUFFICIENT,,INSUFFICIENT
TVSMOTOR,2015-03,,INSUFFICIENT,,INSUFFICIENT,,INSUFFICIENT,,INSUFFICIENT,,INSUFFICIENT,,INSUFFICIENT,,INSUFFICIENT,,INSUFFICIENT,,INSUFFICIENT
TVSMOTOR,2016-03,14.84954360004187,NORMAL,,INSUFFICIENT,,INSUFFICIENT,29.398934610938454,NORMAL,,INSUFFICIENT,,INSUFFICIENT,31.03706971044482,NORMAL,,INSUFFICIENT,,INSUFFICIENT
TVSMOTOR,2017-03,14.127536208442603,NORMAL,,INSUFFICIENT,,INSUFFICIENT,39.62356584881101,NORMAL,,INSUFFICIENT,,INSUFFICIENT,40.10196653276936,NORMAL,,INSUFFICIENT,,INSUFFICIENT
TVSMOTOR,2018-03,16.795115371787837,NORMAL,16.821404430992427,NORMAL,,INSUFFICIENT,26.565673313222437,NORMAL,27.418148765476346,NORMAL,,INSUFFICIENT,25.99210498948732,NORMAL,28.473515712343932,NORMAL,,INSUFFICIENT
TVSMOTOR,2019-03,21.00990590185301,NORMAL,19.181226820701692,NORMAL,,INSUFFICIENT,19.1132948748284,NORMAL,31.129160252040357,NORMAL,,INSUFFICIENT,18.56311014966876,NORMAL,30.258554234867606,NORMAL,,INSUFFICIENT
TVSMOTOR,2020-03,14.785907770291695,NORMAL,12.9437128647647,NORMAL,,INSUFFICIENT,8.325033690406602,NORMAL,14.552899791135477,NORMAL,,INSUFFICIENT,5.726427034643122,NORMAL,13.179836563100178,NORMAL,,INSUFFICIENT
TVSMOTOR,2021-03,5.926960825407179,NORMAL,11.288109784327238,NORMAL,,INSUFFICIENT,-2.9428998718965427,NORMAL,7.223321748104405,NORMAL,,INSUFFICIENT,-2.440004365244264,NORMAL,7.631692251481081,NORMAL,,INSUFFICIENT
TVSMOTOR,2022-03,6.503987667929678,NORMAL,14.338662531121994,NORMAL,,INSUFFICIENT,0.27510454981212185,NORMAL,7.507786190936239,NORMAL,,INSUFFICIENT,2.174590985807079,NORMAL,7.781806771272581,NORMAL,,INSUFFICIENT
TVSMOTOR,2023-03,19.26221894569402,NORMAL,14.369173773190113,NORMAL,15.588786237231055,NORMAL,26.477067834219813,NORMAL,14.504775670698656,NORMAL,20.789016639620762,NORMAL,29.14320482462449,NORMAL,14.869835499703509,NORMAL,21.48140440390669,NORMAL
TVSMOTOR,2024-03,26.31887127852206,NORMAL,14.192387704277065,NORMAL,16.660142551691372,NORMAL,43.02900681569186,NORMAL,19.665122106676503,NORMAL,25.266064731460137,NORMAL,40.427786232989085,NORMAL,19.13578981670916,NORMAL,24.57309396155174,NORMAL
