company_id,year,npm_pct,opm_pct,roe_pct,roce_pct,source_opm,opm_difference,opm_validation
ABB,2012-12,8.771929824561402,12.220205686630369,22.411128284389488,31.221020092735703,12.0,0.22020568663036855,PASS
ABB,2014-03,8.699472759226714,11.731107205623902,25.12690355329949,33.88324873096447,12.0,0.26889279437609837,PASS
ABB,2015-03,10.004368719965049,13.630406290956751,24.439701173959445,33.29775880469584,14.0,0.36959370904324906,PASS
ABB,2016-03,9.755164498852334,13.963274674827849,21.338912133891213,30.543933054393307,14.0,0.0367253251721511,PASS
ABB,2017-03,9.541853255253187,13.709955218739237,19.971160778658977,28.69502523431867,14.0,0.2900447812607627,PASS
ABB,2018-03,12.15888417222559,15.918738629472406,23.685764914353218,31.010041346721795,16.0,0.08126137052759397,PASS
ABB,2019-03,12.231584669747214,16.444686055993476,22.410358565737052,30.12948207171315,16.0,0.44468605599347555,PASS
ABB,2020-03,14.488150500855118,18.49499144881505,24.39325380501851,29.04834996162701,18.0,0.49499144881504975,PASS
ABB,2021-03,16.03248259860789,21.392111368909514,26.5564950038432,33.46642468239565,21.0,0.39211136890951437,PASS
ABB,2022-03,16.26297577854671,22.023203745165887,28.333333333333332,36.4064602960969,22.0,0.023203745165886858,PASS
ABB,2023-03,17.74163395027108,22.546270330902974,29.767879548306148,36.53438352014541,23.0,0.45372966909702583,PASS
ABB,2024-03,20.533424517011454,24.84185330825782,32.46823465801568,38.41882601797991,25.0,0.15814669174217855,PASS
ADANIENSOL,2014-03,,,0.0,0.0,,,MISSING
ADANIENSOL,2015-03,-5.343511450381679,77.09923664122137,-0.6463527239150507,0.936572700296736,78.0,0.900763358778633,PASS
ADANIENSOL,2016-03,16.773017319963536,87.83044667274385,13.77245508982036,17.118237541085545,88.0,0.16955332725615335,PASS
ADANIENSOL,2017-03,14.464534075104313,68.94993045897078,14.116050220563285,16.633115249119275,69.0,0.05006954102921668,PASS
ADANIENSOL,2018-03,28.98073022312373,71.65314401622717,18.87072808320951,17.142857142857142,72.0,0.34685598377282645,PASS
ADANIENSOL,2019-03,7.652292950034223,38.02874743326489,6.950142981474575,9.858055358410219,38.0,0.02874743326488982,PASS
ADANIENSOL,2020-03,6.184302733006307,37.29852838121934,8.30685963054477,13.003511986562835,37.0,0.29852838121934155,PASS
ADANIENSOL,2021-03,12.996171670360667,39.79447914567802,14.46350487722839,10.967956905647803,40.0,0.20552085432198197,PASS
ADANIENSOL,2022-03,10.978859477704743,37.360099484810796,12.46847573892868,10.563857842521662,37.0,0.3600994848107959,PASS
ADANIENSOL,2023-03,9.636650868878357,33.98781313473256,10.90305557919823,9.81768400008692,34.0,0.012186865267437952,PASS
ADANIENSOL,2024-03,7.201782380923707,34.38911302462817,9.461276797721698,11.488402969161756,30.0,4.389113024628173,MISMATCH
ADANIENT,2013-03,2.6264150943396225,12.983288409703503,5.692652832305104,6.636319548540694,13.0,0.016711590296496937,PASS
ADANIENT,2014-03,4.815549529546654,17.07645549347553,11.1377699204445,9.800808464856846,17.0,0.07645549347553171,PASS
ADANIENT,2015-03,3.564725044597844,19.312805398278137,8.931902985074627,11.390772102215024,19.0,0.3128053982781367,PASS
ADANIENT,2016-03,2.9404845918607387,4.951776052693484,7.4749588877261175,5.174055980581928,5.0,0.048223947306516024,PASS
ADANIENT,2017-03,2.5319574083705145,5.206251881860236,6.543576683644596,5.437081927848608,5.0,0.20625188186023635,PASS
ADANIENT,2018-03,1.653490702594366,5.673087629439929,3.936642587315263,6.227464401393387,6.0,0.3269123705600707,PASS
ADANIENT,2019-03,1.2531266252259838,4.876297085118502,3.429113580916238,7.57336820646948,5.0,0.12370291488149832,PASS
ADANIENT,2020-03,2.3961477317236133,5.285348939013432,6.136779370980115,7.811755090921474,5.0,0.2853489390134323,PASS
ADANIENT,2021-03,2.645623087234742,6.338366593317652,6.0959263360335685,7.506140298328641,6.0,0.3383665933176516,PASS
ADANIENT,2022-03,1.135119562085854,5.3500432152117545,3.5404591813811384,5.815756095269413,5.0,0.3500432152117545,PASS
ADANIENT,2023-03,1.899012074643249,6.913909361768857,7.328068742246831,10.223649580874424,7.0,0.08609063823114305,PASS
ADANIENT,2024-03,3.458790097592848,11.799296833677312,8.534650424813185,10.89897112639626,12.0,0.20070316632268792,PASS
ADANIGREEN,2017-03,-9.362549800796813,80.2788844621514,-3.906899418121363,7.261261261261261,80.0,0.27888446215139595,PASS
ADANIGREEN,2018-03,-9.324324324324325,56.95945945945946,-10.290827740492169,7.523427041499331,57.0,0.04054054054054035,PASS
ADANIGREEN,2019-03,-23.080660835762874,74.14965986394559,-24.573202276254527,11.671128107074571,74.0,0.14965986394558684,PASS
ADANIGREEN,2020-03,-2.6677128285602194,56.88505296194586,-2.8850233347475602,8.418974626952332,57.0,0.1149470380541402,PASS
ADANIGREEN,2021-03,5.8258642765685025,71.73495518565942,8.272727272727273,8.485743496535273,72.0,0.2650448143405839,PASS
ADANIGREEN,2022-03,9.526592635885448,68.42002727449834,18.706962509563887,6.334090827111064,68.0,0.420027274498338,PASS
ADANIGREEN,2023-03,12.512860082304528,63.91460905349794,13.321467688937568,8.07775448177223,64.0,0.08539094650205925,PASS
ADANIGREEN,2024-03,13.665943600867678,79.3709327548807,12.812690665039659,9.797568682054303,79.0,0.3709327548806982,PASS
ADANIPORTS,2013-03,45.820519988817445,66.59211629857423,25.633406318423525,13.22304873986899,67.0,0.40788370142577435,PASS
ADANIPORTS,2014-03,36.04554865424431,60.43478260869565,19.86309184255562,13.42439293598234,60.0,0.4347826086956488,PASS
ADANIPORTS,2015-03,37.77633289986996,63.42652795838751,21.58848118903855,13.67156021162538,63.0,0.4265279583875099,PASS
ADANIPORTS,2016-03,40.17442678295119,64.38317625545083,21.147723065531284,12.768153541440007,64.0,0.38317625545083445,PASS
ADANIPORTS,2017-03,46.23770588932338,64.20191965872733,22.264064817984707,13.633618520382488,64.0,0.2019196587273342,PASS
ADANIPORTS,2018-03,32.588536606906295,63.20763048662016,17.652968473424867,16.539181475747004,63.0,0.20763048662016104,PASS
ADANIPORTS,2019-03,37.02517162471396,60.37528604118994,16.596914492040046,12.664157898778896,60.0,0.3752860411899377,PASS
ADANIPORTS,2020-03,31.8790533142424,50.08843594710688,14.868209136976077,10.67703190362484,50.0,0.08843594710688052,PASS
ADANIPORTS,2021-03,40.23107569721115,69.22709163346613,16.586183108307875,13.104863038494027,69.0,0.22709163346613082,PASS
ADANIPORTS,2022-03,28.93276476429698,55.65745662713943,11.843332297171278,10.615446321137306,56.0,0.34254337286056824,PASS
ADANIPORTS,2023-03,25.85363514291195,52.498561289084975,11.8773271056864,11.077380771682705,52.0,0.4985612890849751,PASS
ADANIPORTS,2024-03,30.339560480700833,58.36172363445772,15.3548827162833,15.246263985603631,58.0,0.36172363445771794,PASS
ADANIPOWER,2013-03,-34.294680215182304,14.34548714883443,-53.459119496855344,2.0829717063009894,14.0,0.34548714883442955,PASS
ADANIPOWER,2014-03,-1.8984864300626305,29.964770354906058,-4.447501146263182,9.060422543546446,30.0,0.035229645093942,PASS
ADANIPOWER,2015-03,-4.367606915377617,25.03880533104962,-14.253275109170305,9.26942358372798,25.0,0.038805331049619696,PASS
ADANIPOWER,2016-03,2.171257437837412,34.6849509398274,7.378146759507231,14.621991129126036,35.0,0.3150490601725977,PASS
ADANIPOWER,2017-03,-27.299257163070394,26.44145737530951,-205.79999999999998,10.77788191190253,26.0,0.44145737530951124,PASS
ADANIPOWER,2018-03,-10.35756501182033,26.773049645390074,-236.55793025871765,10.118382845655573,27.0,0.22695035460992585,PASS
ADANIPOWER,2019-03,-4.119912912409982,20.86333947412494,-12.759336099585061,9.11102172164119,21.0,0.13666052587506172,PASS
ADANIPOWER,2020-03,-8.595284872298626,21.66389602538915,-35.102607622280516,9.296368352788587,22.0,0.3361039746108503,PASS
ADANIPOWER,2021-03,4.84344609282636,33.13374775942947,9.685045374818882,13.237445148707947,33.0,0.13374775942946826,PASS
ADANIPOWER,2022-03,17.725812854101257,35.6573201977554,26.613209080565635,14.61643146652466,36.0,0.3426798022445965,PASS
ADANIPOWER,2023-03,27.666159440848016,26.038738297268715,35.90507430713616,13.978345748068563,26.0,0.038738297268714916,PASS
ADANIPOWER,2024-03,41.36759945184802,36.20186292228556,48.27674122146251,23.441056570774553,36.0,0.20186292228555658,PASS
AMBUJACEM,2012-12,13.252641296543235,25.36670427736178,14.686825053995682,27.921418087388506,25.0,0.36670427736178013,PASS
AMBUJACEM,2013-12,13.950442091474729,18.218535094422005,13.506658211794548,17.549947423764458,18.0,0.21853509442200547,PASS
AMBUJACEM,2014-12,14.937217478653944,19.427423405323957,14.766633565044687,19.1409342834521,19.0,0.42742340532395673,PASS
AMBUJACEM,2015-12,8.562043022146868,16.33993853979019,7.866809463538117,14.962157966233262,16.0,0.3399385397901895,PASS
AMBUJACEM,2016-12,7.136458644371454,15.830596197870012,7.234751021643711,16.025188916876573,16.0,0.16940380212998818,PASS
AMBUJACEM,2017-12,8.238383667245541,16.34122580371892,9.408862229102168,18.641283339775804,16.0,0.3412258037189204,PASS
AMBUJACEM,2018-12,11.416612265273992,15.402634307438271,13.29012069736254,17.89825970548862,15.0,0.4026343074382712,PASS
AMBUJACEM,2019-12,10.267857142857142,16.960596221959857,11.558268959215882,19.059662506737425,17.0,0.03940377804014261,PASS
AMBUJACEM,2020-12,12.673356175558819,20.41931799641051,13.65294195192688,21.551575684518685,20.0,0.41931799641050915,PASS
AMBUJACEM,2021-12,12.812014500258934,21.439668565510097,14.636743709079436,24.04088111184236,21.0,0.4396685655100967,PASS
AMBUJACEM,2024-03,14.288299155609169,19.300361881785282,11.428984947896565,15.182066184319773,19.0,0.3003618817852818,PASS
APOLLOHOSP,2013-03,8.039267710267975,16.23772884054126,11.030214779759739,15.454545454545453,16.0,0.23772884054125853,PASS
APOLLOHOSP,2014-03,7.229745237548772,15.515262795501492,10.581121934833725,15.64452672992363,16.0,0.4847372044985079,PASS
APOLLOHOSP,2015-03,6.531487619418989,14.369272762721778,10.561160151324085,14.271882261812548,14.0,0.3692727627217778,PASS
APOLLOHOSP,2016-03,3.8211382113821135,11.121951219512196,7.052821128451381,11.093091144988646,11.0,0.12195121951219612,PASS
APOLLOHOSP,2017-03,1.8054024255788312,10.115766262403527,3.952926976463488,11.399285603354558,10.0,0.11576626240352716,PASS
APOLLOHOSP,2018-03,0.7278903311901006,9.717335921387845,1.8450184501845017,11.992813295403504,10.0,0.2826640786121555,PASS
APOLLOHOSP,2019-03,2.0796506186960593,11.126130810023916,5.9988002399520095,15.270443841872414,11.0,0.12613081002391624,PASS
APOLLOHOSP,2020-03,3.841024273139504,14.145994487418868,12.934131736526947,22.93829296424452,14.0,0.1459944874188679,PASS
APOLLOHOSP,2021-03,1.2973484848484849,10.795454545454545,2.976319791440365,13.009243409791168,11.0,0.20454545454545503,PASS
APOLLOHOSP,2022-03,7.556434563186251,14.928732183045762,19.704783923172684,22.587968217934165,15.0,0.07126781695423823,PASS
APOLLOHOSP,2023-03,5.080664579821816,12.430772935227546,13.617295901903839,19.610636277302945,12.0,0.4307729352275462,PASS
APOLLOHOSP,2024-03,4.905818773282963,12.56099480560365,13.480392156862745,19.51259271334257,13.0,0.43900519439634955,PASS
ASIANPAINT,2013-03,11.043412033511043,16.536557501904035,34.2789598108747,47.785419532324624,17.0,0.46344249809596505,PASS
ASIANPAINT,2014-03,10.335515548281506,16.399345335515548,31.27011636543699,46.73507462686567,16.0,0.39934533551554807,PASS
ASIANPAINT,2015-03,10.481087036356959,16.47447668013221,30.09278785322649,43.468992248062015,16.0,0.47447668013220934,PASS
ASIANPAINT,2016-03,12.634013033424427,19.09466750753276,27.632183908045977,39.79264018691589,19.0,0.09466750753275832,PASS
ASIANPAINT,2017-03,13.384676669764971,19.87783826849024,26.512361914781696,36.67319941205292,20.0,0.12216173150975962,PASS
ASIANPAINT,2018-03,12.469539375928678,19.043090638930163,24.94649227110583,35.826903723582696,19.0,0.043090638930163294,PASS
ASIANPAINT,2019-03,11.476091476091476,19.56860706860707,23.3132720937599,34.89018626633305,20.0,0.43139293139293144,PASS
ASIANPAINT,2020-03,13.725199148978279,20.568007520657066,27.38400789733465,36.9576813655761,21.0,0.4319924793429344,PASS
ASIANPAINT,2021-03,14.769953484087875,22.36448210749321,25.042948617835393,34.93776530685661,22.0,0.36448210749320964,PASS
ASIANPAINT,2022-03,10.60101027456101,16.50802377925157,22.335650159281784,31.19683096304955,17.0,0.4919762207484304,PASS
ASIANPAINT,2023-03,12.163298442981821,18.150714720635566,26.231865932966482,34.92329149232915,18.0,0.15071472063556612,PASS
ASIANPAINT,2024-03,15.658543456824905,21.3692069305536,29.677488252883382,35.774926893689276,21.0,0.36920693055359877,PASS
ATGL,2018-03,11.790393013100436,26.637554585152838,15.94488188976378,15.501905972045742,27.0,0.3624454148471621,PASS
ATGL,2019-03,13.321698662012798,26.46887725421757,20.780399274047188,30.414438502673796,26.0,0.46887725421757054,PASS
ATGL,2020-03,23.253333333333334,31.733333333333334,29.63970088375255,31.332280147446024,32.0,0.2666666666666657,PASS
ATGL,2021-03,27.299528301886795,41.509433962264154,23.94002068252327,28.583028826634187,42.0,0.49056603773584584,PASS
ATGL,2022-03,16.754443712969056,25.44437129690586,21.06788079470199,22.39930454940597,25.0,0.4443712969058602,PASS
ATGL,2023-03,12.47144814984011,19.872087711283694,18.56511390683441,19.94040797616319,20.0,0.12791228871630622,PASS
ATGL,2024-03,14.927374301675977,24.670391061452516,18.65921787709497,21.491142690286157,25.0,0.32960893854748363,PASS
AXISBANK,2013-03,19.05234889452967,30.58161350844278,15.6191567645817,2.5235874831517977,1353.0,1322.4183864915572,MISMATCH
AXISBANK,2014-03,20.293071374955126,31.474168597630626,16.194395249505156,2.5947330470624954,2307.0,2275.5258314023695,MISMATCH
AXISBANK,2015-03,20.739028721215366,31.36221426759492,16.369663396293575,2.46397704096885,3097.0,3065.637785732405,MISMATCH
AXISBANK,2016-03,20.064409095344978,32.611983995315704,15.355029033402415,2.5426614343676825,3466.0,3433.3880160046842,MISMATCH
AXISBANK,2017-03,8.259620133806294,53.450675766692115,6.525363604114934,4.077990192132123,-5715.0,5768.450675766692,MISMATCH
AXISBANK,2018-03,0.6028833551769331,63.11708169506335,0.42985967262136526,4.276736448244015,-10277.0,10340.117081695063,MISMATCH
AXISBANK,2019-03,8.505801476739535,49.385298075873855,6.898026606884752,3.482312085950464,-5447.0,5496.385298075874,MISMATCH
AXISBANK,2020-03,2.5975892073122058,55.984673106090845,1.8844104702339586,3.9681919977548357,-9859.0,9914.984673106092,MISMATCH
AXISBANK,2021-03,10.400025258106274,50.119976004799035,6.359441666505782,3.3274816720729032,-2510.0,2560.119976004799,MISMATCH
AXISBANK,2022-03,19.33152262641554,44.4691808777476,11.01377461716035,2.630082057296147,3170.0,3125.5308191222525,MISMATCH
AXISBANK,2023-03,11.248884505189986,34.15645108261707,7.381666037401469,2.2693531614057836,13857.0,13822.843548917383,MISMATCH
AXISBANK,2024-03,22.73130411725443,34.69264599658038,15.832712405189048,2.612569500628303,11952.0,11917.30735400342,MISMATCH
BAJAJ-AUTO,2013-03,15.645443196004994,18.257178526841447,38.84686918784873,44.688913335778025,18.0,0.2571785268414466,PASS
BAJAJ-AUTO,2014-03,16.785022595222724,20.673387297015445,33.24481164551982,40.70995501662429,21.0,0.3266127029845549,PASS
BAJAJ-AUTO,2015-03,14.012502894188469,19.115536003704563,27.273546642631818,36.834121531185865,19.0,0.11553600370456252,PASS
BAJAJ-AUTO,2016-03,17.989722689820148,21.23239124656685,28.96576319543509,33.901541943697836,21.0,0.2323912465668485,PASS
BAJAJ-AUTO,2017-03,18.7497127097219,20.358538267065043,22.843862007168457,24.638406764574988,20.0,0.3585382670650432,PASS
BAJAJ-AUTO,2018-03,16.735422451408173,19.22253074176914,20.656058751529986,23.586099484084492,19.0,0.22253074176914112,PASS
BAJAJ-AUTO,2019-03,16.2329534224916,17.12234007510376,21.211208195239532,22.25361760424694,17.0,0.12234007510376088,PASS
BAJAJ-AUTO,2020-03,17.42036832781844,17.076105484808984,24.06056689133044,23.448687350835325,17.0,0.07610548480898416,PASS
BAJAJ-AUTO,2021-03,17.508381096571863,17.800367686817346,17.808821911780882,18.025845075563993,18.0,0.1996323131826543,PASS
BAJAJ-AUTO,2022-03,18.60310755770101,15.866646553024587,20.650390167118793,17.540524314588755,16.0,0.13335344697541274,PASS
BAJAJ-AUTO,2023-03,16.62323412426279,17.734192840488273,20.638921054424088,21.925659635081054,18.0,0.26580715951172706,PASS
BAJAJ-AUTO,2024-03,17.178515712057056,19.534209939826162,26.61418410330778,28.389583468290468,20.0,0.4657900601738376,PASS
BAJAJFINSV,2013-03,27.48603351955307,48.80198634388579,28.377339143809277,18.905400856057327,49.0,0.19801365611421318,PASS
BAJAJFINSV,2014-03,36.37722065415906,74.5641706790636,23.528780068728523,15.583469239043687,75.0,0.43582932093640636,PASS
BAJAJFINSV,2015-03,21.25275694750772,48.619320688134096,21.724231220128054,14.734900136359991,49.0,0.3806793118659044,PASS
BAJAJFINSV,2016-03,13.514829786197827,32.82033799249987,20.405912199426428,13.570004631400897,33.0,0.17966200750012717,PASS
BAJAJFINSV,2017-03,14.077610478638755,35.553107275472314,21.360906445421335,13.522573836388185,36.0,0.4468927245276859,PASS
BAJAJFINSV,2018-03,12.707686689793682,32.82819061530034,20.387638529512277,12.518276126157488,33.0,0.17180938469965668,PASS
BAJAJFINSV,2019-03,12.61354301138364,35.29397957986152,22.636899747262003,12.176300063160964,35.0,0.2939795798615208,PASS
BAJAJFINSV,2020-03,11.028315946348734,33.59275818292212,19.148936170212767,11.518225519512471,34.0,0.40724181707788176,PASS
BAJAJFINSV,2021-03,12.158370742012146,32.415170319514125,20.56098241696902,11.955006665002953,32.0,0.4151703195141252,PASS
BAJAJFINSV,2022-03,12.153904628248984,31.364207818027655,20.657440306109773,10.651554417006743,31.0,0.3642078180276549,PASS
BAJAJFINSV,2023-03,14.877181011794521,36.39243590993274,26.310685887904846,11.546669140842457,36.0,0.39243590993274324,PASS
BAJAJFINSV,2024-03,14.128209309488865,37.04045949520755,25.850351412279537,11.706431579821395,37.0,0.04045949520754988,PASS
BAJAJHLDNG,2013-03,550.7418397626113,95.54896142433235,17.941034316094733,3.112614789753504,95.0,0.5489614243323473,PASS
BAJAJHLDNG,2014-03,469.97635933806146,94.56264775413712,16.56804733727811,3.3336111342611883,94.0,0.5626477541371173,PASS
BAJAJHLDNG,2015-03,387.2137404580153,92.36641221374046,15.149705069812589,3.6138281191667287,92.0,0.3664122137404604,PASS
BAJAJHLDNG,2016-03,481.9148936170213,91.27659574468086,14.810697704832275,2.805204995749689,91.0,0.27659574468086134,PASS
BAJAJHLDNG,2017-03,293.70546318289786,74.58432304038006,13.879223257380177,3.5245257604669433,75.0,0.4156769596199439,PASS
BAJAJHLDNG,2018-03,632.1428571428571,84.52380952380952,10.535296218404032,1.408674258957978,85.0,0.4761904761904816,PASS
BAJAJHLDNG,2019-03,707.1925754060325,80.51044083526682,11.308993766696348,1.2874740279014545,80.0,0.5104408352668202,PASS
BAJAJHLDNG,2020-03,708.0459770114943,69.19540229885057,11.093901955840508,1.0776556514267301,69.0,0.19540229885056704,PASS
BAJAJHLDNG,2021-03,799.562363238512,77.02407002188184,9.831301961417386,0.9436238372248881,77.0,0.024070021881840375,PASS
BAJAJHLDNG,2022-03,852.4793388429752,75.82644628099173,9.630736193455022,0.8543626035943757,76.0,0.1735537190082681,PASS
BAJAJHLDNG,2023-03,947.5095785440614,72.79693486590038,11.194604137431535,0.8582721626199887,73.0,0.20306513409961724,PASS
BAJAJHLDNG,2024-03,432.7262044653349,91.7743830787309,13.576787656460265,2.8760817529000184,92.0,0.2256169212690935,PASS
BAJFINANCE,2015-03,16.654302670623146,32.49258160237389,18.708333333333332,5.569861707200763,1367.0,1334.5074183976262,MISMATCH
BAJFINANCE,2016-03,17.522948349088914,32.25099328675161,17.220950585700823,5.295599748042832,1986.0,1953.7490067132485,MISMATCH
BAJFINANCE,2017-03,18.415245737211634,32.59779338014042,19.125,5.52251486830926,2867.0,2834.4022066198595,MISMATCH
BAJFINANCE,2018-03,19.58261415345991,32.28463831790366,15.749621403331652,4.993629027364845,3935.0,3902.7153616820965,MISMATCH
BAJFINANCE,2019-03,21.609779845296696,29.501812084167252,20.2822764888054,4.496846271179454,6310.0,6280.498187915833,MISMATCH
BAJFINANCE,2020-03,19.959050580116784,34.72738302874043,16.283098243009157,5.649031048392071,7608.0,7573.27261697126,MISMATCH
BAJFINANCE,2021-03,16.5710643722116,40.63659880778315,11.972479549271359,6.43065641463762,6314.0,6273.363401192217,MISMATCH
BAJFINANCE,2022-03,22.211687367655887,37.546221674409786,16.07759705350811,5.685706764938141,9906.0,9868.453778325591,MISMATCH
BAJFINANCE,2023-03,27.7897177078554,30.65127623095313,21.16530567203708,4.682692520530359,16018.0,15987.348723769046,MISMATCH
BAJFINANCE,2024-03,26.287928399912687,29.285818234737686,18.841921351830603,4.350587230638684,19987.0,19957.714181765263,MISMATCH
BANKBARODA,2013-03,13.251193677624718,30.047747104988748,14.509344390361157,2.0185299203279787,1006.0,975.9522528950113,MISMATCH
BANKBARODA,2014-03,12.4459382645874,29.777821713664338,13.306206568552328,1.8400476466815308,809.0,779.2221782863356,MISMATCH
BANKBARODA,2015-03,8.794389402204164,29.981075364577535,9.400733019182256,1.903318864566976,902.0,872.0189246354224,MISMATCH
BANKBARODA,2016-03,-10.98932291098059,55.440075110810284,-11.841517069383338,3.8294881598216692,-11700.0,11755.44007511081,MISMATCH
BANKBARODA,2017-03,4.171070087468801,43.28468958694039,4.307242204007709,2.7835376522269746,-4372.0,4415.284689586941,MISMATCH
BANKBARODA,2018-03,-3.986451276706618,56.654941809970474,-3.9427908774642444,3.6296890845026337,-9197.0,9253.654941809971,MISMATCH
BANKBARODA,2019-03,2.203908819415567,48.79408762711223,2.1201541930322207,3.269989815720272,-5414.0,5462.794087627112,MISMATCH
BANKBARODA,2020-03,1.2434248051207302,51.439254705621394,1.2890255439924314,3.5441037128248123,-11728.0,11779.439254705621,MISMATCH
BANKBARODA,2021-03,2.1799391770056786,51.22857065963344,1.9662580410243962,3.3116932260345884,-6957.0,7008.228570659633,MISMATCH
BANKBARODA,2022-03,10.810111058118144,51.12488928255093,8.635121749447583,2.9375195740682742,-2948.0,2999.124889282551,MISMATCH
BANKBARODA,2023-03,15.877802821074463,40.45480037670762,14.282994621864736,2.6409062430274783,6329.0,6288.545199623292,MISMATCH
BANKBARODA,2024-03,15.93948250956673,37.4889127294537,15.761863790899902,2.8204469854601983,4102.0,4064.5110872705463,MISMATCH
BEL,2013-03,14.522556990275785,10.664753706360592,15183.333333333334,2230.0,11.0,0.3352462936394076,PASS
BEL,2014-03,14.605707272169377,14.191469776004908,13600.0,3303.5714285714284,14.0,0.191469776004908,PASS
BEL,2015-03,16.875793035387,16.622021711546594,17100.0,3572.7272727272725,17.0,0.37797828845340575,PASS
BEL,2016-03,18.18058199619255,18.94207234158281,11141.666666666668,3764.8648648648646,19.0,0.05792765841718861,PASS
BEL,2017-03,17.594731977818853,20.70240295748614,10153.333333333334,4072.7272727272725,21.0,0.29759704251386054,PASS
BEL,2018-03,13.758292471877704,19.603884241899816,4616.129032258064,2581.012658227848,20.0,0.3961157581001835,PASS
BEL,2019-03,15.512989148306477,23.914830647813222,3851.020408163265,3030.208333333333,24.0,0.08516935218677801,PASS
BEL,2020-03,14.073103022825418,21.275447254781,3318.181818181818,2786.868686868687,21.0,0.27544725478099963,PASS
BEL,2021-03,14.88411652136934,22.779785952229073,3559.322033898305,2975.925925925926,23.0,0.22021404777092712,PASS
BEL,2022-03,15.616866215512754,21.759500260281104,3478.260869565217,2633.070866141732,22.0,0.2404997397188957,PASS
BEL,2023-03,16.837712867937295,23.063042742754032,3981.333333333333,3587.7192982456136,23.0,0.06304274275403188,PASS
BEL,2024-03,19.661535425300965,24.921057825143084,4744.047619047619,3977.165354330709,25.0,0.07894217485691613,PASS
BHARTIARTL,2013-03,2.9461837368578374,29.838720158030853,4.50498787806526,19.61420834116421,30.0,0.16127984196914724,PASS
BHARTIARTL,2014-03,3.516025342401938,30.87673530233858,5.05221233014258,19.544127620676438,31.0,0.12326469766141912,PASS
BHARTIARTL,2015-03,5.252806942695706,34.96529692719118,12.690750936470824,27.276121826092602,35.0,0.034703072808817126,PASS
BHARTIARTL,2016-03,7.140637301620188,35.2049061451125,10.323498577205331,20.299135088641467,35.0,0.2049061451125027,PASS
BHARTIARTL,2017-03,4.442326224494071,37.00716470440357,6.286967994426079,20.21803198947037,37.0,0.00716470440357142,PASS
BHARTIARTL,2018-03,2.6428199760403683,36.398068708479045,3.1408643129359315,16.630268315742335,36.0,0.39806870847904463,PASS
BHARTIARTL,2019-03,2.0896261450854174,31.894033176528847,2.3633843439788302,13.088071688739197,32.0,0.10596682347115305,PASS
BHARTIARTL,2020-03,-35.02895852134477,41.821359622568224,-39.748525503921186,16.244181867393166,42.0,0.1786403774317762,PASS
BHARTIARTL,2021-03,-12.28830404707005,45.00178897988392,-20.972639221074417,20.420045278662204,45.0,0.0017889798839192395,PASS
BHARTIARTL,2022-03,7.125880546045801,49.36549203325697,12.478588815097515,24.354871482271665,49.0,0.3654920332569702,PASS
BHARTIARTL,2023-03,8.830356822020196,51.22282511049624,15.84131609143535,23.477599206806705,51.0,0.2228251104962382,PASS
BHARTIARTL,2024-03,5.706018055499993,52.20093077836007,10.35839213740181,26.253894054880604,52.0,0.20093077836006756,PASS
BHEL,2013-03,13.686276915526655,19.39144837740016,21.90906412648532,28.522874244292716,19.0,0.3914483774001596,PASS
BHEL,2014-03,8.852152372285838,11.574530471929426,10.557414609146544,12.093281216987112,12.0,0.4254695280705736,PASS
BHEL,2015-03,4.629186220987772,6.835232895955048,4.238898471073172,5.931405141843971,7.0,0.16476710404495165,PASS
BHEL,2016-03,-2.768084689276612,-5.320525387178984,-2.1847439269689,-4.172046977802373,-5.0,0.32052538717898393,PASS
BHEL,2017-03,1.5984542420516425,3.846829439662744,1.4047979252215257,3.364572130895683,4.0,0.15317056033725596,PASS
BHEL,2018-03,1.5194088875013008,5.734207513789156,1.3545693520952529,5.094775774387425,6.0,0.2657924862108443,PASS
BHEL,2019-03,3.2916132847146935,6.675207778982293,3.2422987315557856,6.065309533759178,7.0,0.3247922210177068,PASS
BHEL,2020-03,-6.839677584680613,-0.6196710618273308,-5.12212142358688,-0.3941908713692946,-1.0,0.3803289381726692,PASS
BHEL,2021-03,-15.59882142238142,-17.615113524755905,-10.391409767925182,-9.856468610590289,-18.0,0.3848864752440946,PASS
BHEL,2022-03,2.0979680354533023,3.9036349064164817,1.678865162604693,2.642328312484044,4.0,0.0963650935835183,PASS
BHEL,2023-03,2.7990584207147444,4.468221699122619,2.682746738862909,3.4995977473853577,4.0,0.46822169912261913,PASS
BHEL,2024-03,1.180262001423011,2.9757669610346125,1.1539405843358703,2.1355199134979275,3.0,0.024233038965387532,PASS
BOSCHLTD,2012-12,11.063633213996997,15.59071486314817,17.19002332675399,23.263829053937616,16.0,0.40928513685183,PASS
BOSCHLTD,2013-12,10.106200753682767,14.71965284914925,14.061010486177311,19.90118882198549,15.0,0.28034715085074957,PASS
BOSCHLTD,2015-03,11.070660268078768,16.390865464173423,18.211514904042467,26.562080986859748,16.0,0.39086546417342305,PASS
BOSCHLTD,2016-03,15.781878156891041,19.3588289867024,16.056633455689564,19.593114241001565,19.0,0.3588289867023988,PASS
BOSCHLTD,2017-03,16.684235745088642,18.811691423095354,19.786339356745085,22.309353335606318,19.0,0.18830857690464597,PASS
BOSCHLTD,2018-03,11.72797262617622,17.904191616766468,13.736098587315901,20.96984270113215,18.0,0.09580838323353191,PASS
BOSCHLTD,2019-03,13.223003723624327,17.823748448489862,17.508491289580366,23.60030678207516,18.0,0.17625155151013772,PASS
BOSCHLTD,2020-03,6.604348709611868,15.068075594391384,7.011866235167206,15.871147260273974,15.0,0.06807559439138444,PASS
BOSCHLTD,2021-03,4.959868285655484,11.967483021197777,4.9068512674335745,11.774830414093348,12.0,0.032516978802222596,PASS
BOSCHLTD,2022-03,10.329315905618742,12.408759124087592,11.386601796407184,13.58609794628752,12.0,0.40875912408759163,PASS
BOSCHLTD,2023-03,9.538482148837831,12.124053854913257,12.930173431399256,16.35640701247063,13.0,0.8759461450867434,PASS
BOSCHLTD,2024-03,14.886112273569676,12.524660728164047,20.639920424403183,17.30975791126167,13.0,0.4753392718359528,PASS
BPCL,2013-03,0.7994021000821699,2.770242091658718,11.540983606557377,13.436273331731154,3.0,0.22975790834128196,PASS
BPCL,2014-03,1.5327829484042492,3.5602316003645704,20.848765432098766,17.90006084575601,4.0,0.4397683996354296,PASS
BPCL,2015-03,2.0948235352311233,4.031360522345609,22.524598883077743,20.352103883131477,4.0,0.03136052234560882,PASS
BPCL,2016-03,4.306897745121529,6.906264142906584,29.103403612290425,25.342893986167013,7.0,0.09373585709341636,PASS
BPCL,2017-03,4.723951682227666,6.84866162155716,30.847853596807163,20.712611204616493,7.0,0.1513383784428397,PASS
BPCL,2018-03,4.150999385319739,6.493143135717163,26.740216827330077,20.62117989175799,6.0,0.49314313571716273,PASS
BPCL,2019-03,2.859576294488073,5.067297955241997,21.999226106023475,18.075690158365628,5.0,0.06729795524199744,PASS
BPCL,2020-03,1.2882504251999494,3.1538591287969298,10.035037775101282,8.798329542780959,3.0,0.15385912879692976,PASS
BPCL,2021-03,7.524840227483046,9.124086005621908,32.340584445896745,19.429718652566912,9.0,0.12408600562190841,PASS
BPCL,2022-03,3.3685995311297003,5.518309298684223,22.50650226375108,16.435215005281737,6.0,0.4816907013157774,PASS
BPCL,2023-03,0.45035049568141133,2.3033177158290488,3.9815403011845594,8.868329834496901,2.0,0.30331771582904876,PASS
BPCL,2024-03,5.994201967046283,9.837909494446341,35.511337343822305,33.84830382235054,10.0,0.16209050555365856,PASS
BRITANNIA,2013-03,4.203718674211803,6.806790622473727,46.59498207885305,44.882729211087415,7.0,0.19320937752627287,PASS
BRITANNIA,2014-03,5.713872414291914,9.069868363951974,49.49874686716792,66.13924050632912,9.0,0.06986836395197393,PASS
BRITANNIA,2015-03,8.768134385339781,11.071519470603207,55.34136546184739,62.589928057553955,11.0,0.07151947060320651,PASS
BRITANNIA,2016-03,9.824937477670597,14.576634512325832,39.4359464627151,55.06072874493927,15.0,0.42336548767416815,PASS
BRITANNIA,2017-03,9.774685222001326,14.115308151093439,32.826409495548965,45.30308401276143,14.0,0.11530815109343884,PASS
BRITANNIA,2018-03,10.127092999798265,15.14020576961872,29.47739283617146,41.613529248683115,15.0,0.14020576961872067,PASS
BRITANNIA,2019-03,10.44776119402985,15.66711895070104,27.157300728897248,39.283284191426624,16.0,0.33288104929896,PASS
BRITANNIA,2020-03,12.017241379310345,15.887931034482758,31.66023166023166,31.021713516243054,16.0,0.11206896551724199,PASS
BRITANNIA,2021-03,14.091047503045068,19.10018270401949,52.17023675310034,44.25044091710759,19.0,0.10018270401948826,PASS
BRITANNIA,2022-03,10.724391624221845,15.570175438596493,59.26505082095387,43.67930144870014,16.0,0.4298245614035068,PASS
BRITANNIA,2023-03,14.207717317955954,17.36703269738053,65.53480475382003,43.3471137651202,17.0,0.36703269738053024,PASS
BRITANNIA,2024-03,12.725863199952292,18.886039716142882,54.14869322506978,52.730602730602726,19.0,0.11396028385711787,PASS
CANBK,2013-03,8.790724977986498,21.182858820076316,11.896250397203687,1.798781703620992,655.0,633.8171411799237,MISMATCH
CANBK,2014-03,6.7525903462218855,24.351781652767247,8.854718981972429,2.0155243061438353,-672.0,696.3517816527673,MISMATCH
CANBK,2015-03,6.689795266245178,23.513569032022456,9.020682014034225,1.9365389676303622,-621.0,644.5135690320225,MISMATCH
CANBK,2016-03,-5.756261495492632,40.38465905220373,-7.821659981487196,3.2988822567062743,-8008.0,8048.3846590522035,MISMATCH
CANBK,2017-03,3.403526545577345,37.84885544057698,4.06804093988756,2.755015863595901,-5775.0,5812.848855440577,MISMATCH
CANBK,2018-03,-9.367517233039061,61.874470915467406,-10.496788356776973,4.259031420803692,-13350.0,13411.874470915467,MISMATCH
CANBK,2019-03,1.4514817209234425,56.72874392609122,1.8466926689484995,4.012952622611031,-11590.0,11646.72874392609,MISMATCH
CANBK,2020-03,-3.8606081311923472,53.87769046805603,-4.661942435567636,3.779236963190184,-12867.0,12920.877690468056,MISMATCH
CANBK,2021-03,4.2090729221527905,61.82938806883692,4.73802275276398,3.86653824790281,-18367.0,18428.829388068836,MISMATCH
CANBK,2022-03,8.720650295975302,58.39493584841533,8.802046854676176,3.428857953728088,-13657.0,13715.394935848415,MISMATCH
CANBK,2023-03,13.209524363975083,49.80147872154625,14.534809234632434,3.2520943359787835,-9877.0,9926.801478721547,MISMATCH
CANBK,2024-03,13.935160470145405,41.753906568101414,16.716051794688113,3.15654898752525,-7745.0,7786.753906568101,MISMATCH
CHOLAFIN,2013-03,11.98443579766537,26.770428015564203,15.778688524590164,3.995122234481157,472.0,445.2295719844358,MISMATCH
CHOLAFIN,2014-03,11.222933821286977,28.42329978652028,16.09094884127678,4.577153521265101,578.0,549.5767002134797,MISMATCH
CHOLAFIN,2015-03,11.951547779273216,28.559892328398384,16.598130841121495,4.68950276243094,696.0,667.4401076716016,MISMATCH
CHOLAFIN,2016-03,13.64499288087328,30.042714760322735,15.66757493188011,4.8291119926762285,899.0,868.9572852396773,MISMATCH
CHOLAFIN,2017-03,15.296122709842352,28.163613123135917,16.70544439274081,4.660016214882442,1143.0,1114.836386876864,MISMATCH
CHOLAFIN,2018-03,16.51376146788991,26.101816873538407,17.912195121951218,3.339086411230008,1451.0,1424.8981831264616,MISMATCH
CHOLAFIN,2019-03,16.840180078784467,22.960045019696118,19.281572164948454,2.8745046235138707,1888.0,1865.039954980304,MISMATCH
CHOLAFIN,2020-03,12.098255280073463,27.789256198347108,12.853658536585366,3.830393165097698,1699.0,1671.2107438016528,MISMATCH
CHOLAFIN,2021-03,15.871856412396953,30.397579046227698,15.84375,3.972453293331515,2094.0,2063.6024209537723,MISMATCH
CHOLAFIN,2022-03,21.225857311785575,28.83326763894363,18.302319653326535,3.6148894901350337,2924.0,2895.1667323610563,MISMATCH
CHOLAFIN,2023-03,20.684570009313877,28.104625892579943,18.576606719643106,3.241602807419609,3515.0,3486.89537410742,MISMATCH
CHOLAFIN,2024-03,17.846892448990243,28.10102802275218,17.455213596692694,3.495209907313654,4548.0,4519.898971977248,MISMATCH
CIPLA,2013-03,18.661674115231307,73.25763981157145,17.130502272979268,60.73502904065692,2214.0,2140.7423601884284,MISMATCH
CIPLA,2014-03,13.80123857269242,78.89511451882434,13.968759327430105,71.03283476413841,2147.0,2068.1048854811756,MISMATCH
CIPLA,2015-03,10.832966064345527,80.94314676068753,11.377522680985003,73.43462614954018,2163.0,2082.0568532393127,MISMATCH
CIPLA,2016-03,10.029006526468455,82.01595358955765,12.00833550403751,67.64758657814463,2480.0,2397.9840464104423,MISMATCH
CIPLA,2017-03,7.190496040016674,82.65944143393081,8.250956632653061,71.42942906885995,2496.0,2413.3405585660694,MISMATCH
CIPLA,2018-03,9.349432567959884,81.3473211929269,9.958535385480358,67.27233044142523,2826.0,2744.6526788070732,MISMATCH
CIPLA,2019-03,9.118689646742451,81.07199608849774,9.938715694111377,68.63100165562915,3097.0,3015.9280039115024,MISMATCH
CIPLA,2020-03,8.755545178613122,81.28648143824422,9.515955084692001,74.95559502664298,3206.0,3124.713518561756,MISMATCH
CIPLA,2021-03,12.468684759916492,77.80271398747391,13.036123540325221,73.28908554572271,4252.0,4174.197286012526,MISMATCH
CIPLA,2022-03,11.703349722005237,79.08376602490466,12.221102634230602,78.59980819290314,4553.0,4473.916233975096,MISMATCH
CIPLA,2023-03,12.45110534874522,77.90621017008746,12.103216986371597,73.21767864518793,5027.0,4949.093789829913,MISMATCH
CIPLA,2024-03,16.11701714906495,75.59168153953597,15.554557028383135,71.45791307537137,6291.0,6215.408318460464,MISMATCH
COALINDIA,2013-03,25.41030408620412,73.51946473800565,35.80623865324311,100.88193342306688,18087.0,18013.480535261995,MISMATCH
COALINDIA,2014-03,21.402673917969636,74.83854520734195,35.63814734459013,124.0946878962942,17766.0,17691.16145479266,MISMATCH
COALINDIA,2015-03,18.519967620075555,76.60145709660011,34.01729735087849,139.2924609307917,17343.0,17266.3985429034,MISMATCH
COALINDIA,2016-03,18.323679377351947,75.96486045645446,40.95828668216921,164.15130994671404,18714.0,18638.035139543546,MISMATCH
COALINDIA,2017-03,11.872473261347935,84.0745100046057,37.84974304592544,238.68952491646084,12448.0,12363.925489995394,MISMATCH
COALINDIA,2018-03,8.25629956360565,89.10421847871991,34.87957181088314,349.7697550193406,9288.0,9198.89578152128,MISMATCH
COALINDIA,2019-03,17.536601530335588,74.88904062820076,66.01398601398601,260.1744287458573,25007.0,24932.1109593718,MISMATCH
COALINDIA,2020-03,17.38134887593672,77.53955037468776,51.93270516528283,193.05019305019303,21581.0,21503.460449625312,MISMATCH
COALINDIA,2021-03,14.109257325661476,79.3081998533757,34.78284681526918,168.3835668128862,18628.0,18548.691800146626,MISMATCH
COALINDIA,2022-03,15.839219796746114,77.46889668687052,40.27999907285075,182.1698780461667,24721.0,24643.53110331313,MISMATCH
COALINDIA,2023-03,22.94578016954547,68.00624945751237,52.13911214108443,144.25998097400804,44232.0,44163.99375054249,MISMATCH
COALINDIA,2024-03,26.25628846856468,66.29380849329698,45.16982956605826,105.7129732333927,47971.0,47904.7061915067,MISMATCH
DABUR,2013-03,12.47557003257329,16.156351791530945,36.563245823389025,30.560690080098585,16.0,0.1563517915309447,PASS
DABUR,2014-03,12.978180787758573,16.463587418532164,34.48795180722892,34.54221165279429,16.0,0.463587418532164,PASS
DABUR,2015-03,13.701090442591404,16.93393200769724,31.84257602862254,32.28962818003914,17.0,0.06606799230275939,PASS
DABUR,2016-03,16.118251928020566,19.511568123393317,30.064732678014867,30.5064308681672,20.0,0.48843187660668264,PASS
DABUR,2017-03,16.811137378513266,19.858156028368796,26.408087476789767,25.97045688766747,20.0,0.14184397163120366,PASS
DABUR,2018-03,17.586117586117584,20.94017094017094,23.79950928846828,24.337748344370862,21.0,0.059829059829059617,PASS
DABUR,2019-03,16.981796829125074,20.434527304756312,25.67471590909091,27.483809824672246,20.0,0.43452730475631185,PASS
DABUR,2020-03,16.672423719055843,20.63327576280944,21.91946715107478,25.140291806958476,21.0,0.36672423719056013,PASS
DABUR,2021-03,17.72641706755909,20.937042459736457,22.116388308977037,24.49528936742934,21.0,0.06295754026354317,PASS
DABUR,2022-03,15.997795940857745,20.681421618146754,20.782629444046766,23.926901827454312,21.0,0.3185783818532464,PASS
DABUR,2023-03,14.752818733738074,18.751084128360798,18.956870611835505,21.306790184290925,19.0,0.24891587163920192,PASS
DABUR,2024-03,14.600128990648178,19.348597226701063,18.355969997972835,21.369423915946932,19.0,0.3485972267010631,PASS
DIVISLAB,2013-03,28.065268065268068,38.04195804195804,24.070371851259495,32.202052091554854,38.0,0.04195804195803987,PASS
DIVISLAB,2014-03,30.529225908372826,40.20537124802528,26.07962213225371,34.13816230717639,40.0,0.20537124802527984,PASS
DIVISLAB,2015-03,27.351524879614768,37.65650080256822,24.37070938215103,33.29548680102186,38.0,0.3434991974317825,PASS
DIVISLAB,2016-03,29.81991525423729,37.6853813559322,26.22874446773818,32.825836216839676,38.0,0.3146186440677994,PASS
DIVISLAB,2017-03,26.08267716535433,35.67913385826771,19.787194325182007,26.88670498794734,36.0,0.32086614173228867,PASS
DIVISLAB,2018-03,22.539193009509123,32.61372397841172,14.801687763713081,21.19238476953908,33.0,0.3862760215882801,PASS
DIVISLAB,2019-03,27.355438738374442,37.88920339668419,19.448037947391118,26.532634857709187,38.0,0.11079660331581209,PASS
DIVISLAB,2020-03,25.528364849833146,33.852428624397476,18.83720930232558,24.84691794802014,34.0,0.1475713756025243,PASS
DIVISLAB,2021-03,28.46893384990673,41.13933132443679,21.34480903711673,30.827956989247312,41.0,0.13933132443678886,PASS
DIVISLAB,2022-03,33.035714285714285,43.359375,25.2387448840382,33.1145584725537,43.0,0.359375,PASS
DIVISLAB,2023-03,23.483970645036695,30.513711857860176,14.286833241951907,18.557669720460417,31.0,0.4862881421398235,PASS
DIVISLAB,2024-03,20.395156150414277,28.170809432759718,11.78984599513669,16.281125681449833,28.0,0.17080943275971805,PASS
DLF,2013-03,8.580985462498392,33.87366525151164,2.5924054568774535,5.031626822603146,34.0,0.12633474848836102,PASS
DLF,2014-03,7.1101470233791275,30.04338394793926,2.1536776784084686,4.8381462505822075,30.0,0.0433839479392617,PASS
DLF,2015-03,6.628317427114655,39.40384363969146,1.8524608133289489,5.811352768779885,39.0,0.4038436396914591,PASS
DLF,2016-03,3.07273826314729,39.955671972597216,1.2671901616186798,8.039243508402084,40.0,0.04432802740278419,PASS
DLF,2017-03,8.612090986497993,41.9170417224182,2.881211085337566,6.408182240818223,42.0,0.08295827758180252,PASS
DLF,2018-03,66.75115550916952,35.455494259728646,12.678768655659708,4.503617287223969,35.0,0.45549425972864555,PASS
DLF,2019-03,15.706430791298112,25.67535261773847,3.913509649749821,4.228512933580062,26.0,0.32464738226153145,PASS
DLF,2020-03,-9.699161597895776,18.839388459641622,-1.7127761488663744,2.693301997649824,19.0,0.16061154035837788,PASS
DLF,2021-03,20.003694126339123,27.133357960842257,3.0641693073789047,3.478569737153682,27.0,0.13335796084225748,PASS
DLF,2022-03,26.237537169844323,30.488018191359107,4.125185633353501,4.2990331491712706,30.0,0.4880181913591066,PASS
DLF,2023-03,35.71553994732221,30.307287093942055,5.397086528511158,4.207600984861413,30.0,0.30728709394205467,PASS
DLF,2024-03,42.38369379181578,33.04807841916913,6.908270142781061,4.7983734327346665,33.0,0.048078419169129916,PASS
DMART,2013-03,2.8135288835677943,6.435199042202933,11.913814955640051,16.34980988593156,6.0,0.4351990422029326,PASS
DMART,2014-03,3.4357661118224496,7.276995305164319,16.84100418410042,21.35253600500939,7.0,0.27699530516431903,PASS
DMART,2015-03,3.292436713775431,7.081845006988663,17.666666666666668,21.673003802281368,7.0,0.08184500698866337,PASS
DMART,2016-03,3.727865796831314,7.735321528424977,21.038790269559502,24.474751197935866,8.0,0.26467847157502344,PASS
DMART,2017-03,4.025886703647672,8.144225920322743,12.467464862051015,18.14946619217082,8.0,0.14422592032274295,PASS
DMART,2018-03,5.361537949843678,9.000199560965875,17.262797172842152,26.487862176977288,9.0,0.0001995609658749231,PASS
DMART,2019-03,4.508872781804548,8.162959260184955,16.144621442634687,25.974232543343405,8.0,0.1629592601849552,PASS
DMART,2020-03,5.231202251708886,8.556493767591476,11.74187725631769,18.645404363445195,9.0,0.4435062324085237,PASS
DMART,2021-03,4.5520440707451435,7.227767883030278,9.020026263952726,13.874532877474754,7.0,0.22776788303027828,PASS
DMART,2022-03,4.8166322314049586,8.077221074380166,10.908027489399034,17.465968586387433,8.0,0.07722107438016579,PASS
DMART,2023-03,5.550887021475257,8.494397759103641,14.790396815524318,21.763052449016207,8.0,0.4943977591036415,PASS
DMART,2024-03,4.993207190533383,8.084427730414067,13.56294790886726,21.28564022809746,8.0,0.08442773041406682,PASS
DRREDDY,2013-03,12.904588861658075,22.555564945491422,23.97550635892605,26.55457168440951,23.0,0.44443505450857757,PASS
DRREDDY,2014-03,14.632873648900485,24.23406634364517,24.958677685950413,26.340949602981688,24.0,0.23406634364517132,PASS
DRREDDY,2015-03,15.549490780802769,23.35086201158224,23.708515173043743,24.761770311286792,23.0,0.3508620115822403,PASS
DRREDDY,2016-03,13.688335046248715,23.028006166495373,16.95441164770467,22.51742980968532,23.0,0.028006166495373463,PASS
DRREDDY,2017-03,9.101155255001409,17.413355874894336,10.536617191322787,14.388824214202561,17.0,0.4133558748943358,PASS
DRREDDY,2018-03,6.631188292136406,16.462432602758913,7.532612153993,13.325398174913564,16.0,0.46243260275891274,PASS
DRREDDY,2019-03,12.622993267736923,20.572242361470742,13.904734740444951,17.791960586720414,21.0,0.42775763852925763,PASS
DRREDDY,2020-03,11.565907404235885,14.140549180795798,12.988012052054618,13.908697849401989,14.0,0.14054918079579792,PASS
DRREDDY,2021-03,10.247795044099119,20.338093238135237,11.06513236211099,18.74032507739938,20.0,0.3380932381352366,PASS
DRREDDY,2022-03,10.127639823624971,17.488976560686933,11.35748490526754,16.675517790759425,17.0,0.4889765606869325,PASS
DRREDDY,2023-03,18.269152817186868,26.22618565058776,19.35497723954307,26.265578695246216,26.0,0.22618565058775886,PASS
DRREDDY,2024-03,19.913605369319196,28.321016743422227,19.74233736816026,26.219592808038072,28.0,0.3210167434222271,PASS
EICHERMOT,2012-12,7.433489827856025,8.607198748043817,27.065527065527068,30.93363329583802,9.0,0.39280125195618254,PASS
EICHERMOT,2013-12,7.709251101321586,10.499265785609397,25.547445255474454,33.42683496961197,11.0,0.5007342143906026,PASS
EICHERMOT,2014-12,8.033875028610666,12.794689860379949,27.90143084260731,43.43434343434344,13.0,0.2053101396200514,PASS
EICHERMOT,2016-03,21.675036449052325,27.37728819050705,36.627429509991785,45.97388465723613,27.0,0.3772881905070484,PASS
EICHERMOT,2017-03,23.702545144319636,30.911417602729983,31.18802619270346,39.83873923401136,31.0,0.0885823972700166,PASS
EICHERMOT,2018-03,21.862799776910204,31.3329615170106,27.880512091038405,39.117114607993315,31.0,0.33296151701059884,PASS
EICHERMOT,2019-03,22.486475451668877,29.641727059303868,24.702848172235928,31.89456342668863,30.0,0.358272940696132,PASS
EICHERMOT,2020-03,19.958488092637097,23.847498361372075,18.30477908025248,21.339198435972627,24.0,0.15250163862792476,PASS
EICHERMOT,2021-03,15.447247706422019,20.44724770642202,11.776534359153699,15.295530582482627,20.0,0.4472477064220186,PASS
EICHERMOT,2022-03,16.284715478733737,21.149737813167604,13.301078680203046,17.1280276816609,21.0,0.14973781316760437,PASS
EICHERMOT,2023-03,20.177260767206757,23.8609610857222,19.43962641761174,22.555308286424925,24.0,0.13903891427780124,PASS
EICHERMOT,2024-03,24.195694242864054,26.179245283018872,22.172346910501524,23.445623916811094,26.0,0.17924528301887221,PASS
GAIL,2013-03,8.567112645662494,14.570173029387531,15.166354101548935,16.40745813634958,15.0,0.4298269706124689,PASS
GAIL,2014-03,7.7487250060714,12.932890795758114,14.746117821050037,15.664895181691604,13.0,0.06710920424188593,PASS
GAIL,2015-03,5.21822415245141,9.298677279257559,9.288107695020868,10.764054823848756,9.0,0.29867727925755894,PASS
GAIL,2016-03,3.6001767429350853,8.71419514725376,5.147927368623465,9.97910020899791,9.0,0.28580485274624046,PASS
GAIL,2017-03,6.949250288350635,12.40113692535838,8.584149599287622,13.129661127829387,12.0,0.4011369253583794,PASS
GAIL,2018-03,8.817160892542573,14.31664709336465,11.528587538088725,17.126550323784436,14.0,0.3166470933646508,PASS
GAIL,2019-03,8.600866255414097,13.04370652316577,14.244413529258326,20.606286804346023,13.0,0.043706523165770506,PASS
GAIL,2020-03,13.120880333158663,12.44104911883946,19.31273849151579,16.059095763616945,12.0,0.4410491188394605,PASS
GAIL,2021-03,10.70731367217458,12.628111273792095,11.550900680681433,11.866350012284006,13.0,0.3718887262079047,PASS
GAIL,2022-03,13.262908267758974,16.342567640400993,19.19081635836167,20.67503068321287,16.0,0.3425676404009934,PASS
GAIL,2023-03,3.841612433753467,5.14869429112777,8.61891046868021,9.064210869801675,5.0,0.14869429112776977,PASS
GAIL,2024-03,7.433122166511544,10.743987750322754,12.861540060002339,14.489174115050965,11.0,0.2560122496772461,PASS
GODREJCP,2013-03,13.178415470991892,15.517779164067374,25.505584062782976,17.247356560929102,16.0,0.4822208359326261,PASS
GODREJCP,2014-03,10.777733912356888,15.383603105671797,21.695364238410598,19.014313597918022,15.0,0.38360310567179745,PASS
GODREJCP,2015-03,11.797413272089932,16.66868125226641,22.639758756668986,19.621513944223107,17.0,0.33131874773359016,PASS
GODREJCP,2016-03,9.864672364672366,19.669990503323838,19.475041012420906,23.14892428052529,20.0,0.330009496676162,PASS
GODREJCP,2017-03,14.113077255071213,20.576176089771256,24.669935873255376,20.498763839621628,21.0,0.42382391022874444,PASS
GODREJCP,2018-03,16.593886462882097,21.163806235401644,26.110578459571748,21.339340569322136,21.0,0.16380623540164407,PASS
GODREJCP,2019-03,22.70700019391119,20.67093271281753,32.22787945507087,20.02065921682787,21.0,0.32906728718246825,PASS
GODREJCP,2020-03,15.104429421854505,21.733427504792655,18.95416561154723,18.7745140765275,22.0,0.2665724952073454,PASS
GODREJCP,2021-03,15.604315894460061,21.751745398494876,18.23286365081047,21.224453684862425,22.0,0.24825460150512413,PASS
GODREJCP,2022-03,14.524275008145976,19.623655913978492,15.429214260989962,18.167420814479637,20.0,0.3763440860215077,PASS
GODREJCP,2023-03,12.781616100931211,18.34635025533193,12.338697984630999,16.369606003752345,18.0,0.34635025533193087,PASS
GODREJCP,2024-03,-3.9798524404086266,20.977582292849036,-4.45308779171297,18.691529709228824,21.0,0.02241770715096436,PASS
GRASIM,2013-03,13.536851911569745,21.226127772403167,19.219616421630974,20.2828089156709,21.0,0.22612777240316717,PASS
GRASIM,2014-03,10.42674102573153,17.348487522501856,13.66643534582466,15.704882413087933,17.0,0.34848752250185555,PASS
GRASIM,2015-03,8.136383689418288,16.209743492783765,11.158167675021607,14.667807242657544,16.0,0.20974349278376536,PASS
GRASIM,2016-03,10.018267753066374,17.13979180560791,12.596157351708046,14.80192317323584,17.0,0.13979180560790994,PASS
GRASIM,2017-03,11.772208051458357,20.480758567150936,13.527893713958008,18.194581280788178,20.0,0.4807585671509358,PASS
GRASIM,2018-03,6.598203742798869,20.775038465667155,6.429455553424801,9.332079626459644,21.0,0.22496153433284505,PASS
GRASIM,2019-03,3.5556994818652847,21.554404145077722,4.731127197518097,11.676619394135026,22.0,0.4455958549222778,PASS
GRASIM,2020-03,9.727187481685519,15.19808943327668,11.722847103279006,7.335407679796337,15.0,0.19808943327667983,PASS
GRASIM,2021-03,9.144809172294645,24.39008428878069,10.668152807890799,12.88977118667515,24.0,0.3900842887806917,PASS
GRASIM,2022-03,11.709386526786554,21.34878423422953,14.803365962562253,13.580558749825517,21.0,0.3487842342295302,PASS
GRASIM,2023-03,9.417905752930874,18.353779319373952,14.068730791699474,11.876378719448127,18.0,0.35377931937395246,PASS
GRASIM,2024-03,7.578371940325857,20.763028905617738,11.196462612658342,12.043417416566287,21.0,0.2369710943822625,PASS
HAL,2013-03,20.917085427135678,5.360134003350084,,,5.0,0.36013400335008416,PASS
HAL,2014-03,17.793194582094483,10.373306904525933,,,10.0,0.37330690452593274,PASS
HAL,2015-03,15.181182453909727,14.945963127781308,,,15.0,0.05403687221869191,PASS
HAL,2016-03,11.92266380236305,14.786967418546364,1664.9999999999998,1795.6521739130433,15.0,0.21303258145363557,PASS
HAL,2017-03,14.573816155988858,18.027855153203344,1966.9172932330828,2397.037037037037,18.0,0.027855153203343974,PASS
HAL,2018-03,10.729521032453155,18.683514228630056,1528.4615384615386,2601.503759398496,19.0,0.31648577136994405,PASS
HAL,2019-03,11.72530987604958,22.835865653738505,1763.9097744360904,3240.425531914894,23.0,0.1641343462614948,PASS
HAL,2020-03,13.252506411750991,22.75588715318256,2059.4202898550725,3485.7142857142853,23.0,0.2441128468174405,PASS
HAL,2021-03,14.155231186085132,23.341491128397866,2249.3055555555557,3560.666666666667,23.0,0.3414911283978661,PASS
HAL,2022-03,20.65800162469537,22.014622258326565,3324.183006535948,3284.848484848485,22.0,0.014622258326564719,PASS
HAL,2023-03,21.57976827094474,24.766042780748663,3283.050847457627,2977.2321428571427,25.0,0.23395721925133728,PASS
HAL,2024-03,24.999177117277245,32.08913465652875,3816.5829145728644,3027.639751552795,32.0,0.08913465652874919,PASS
HAVELLS,2013-03,8.142957252978276,9.446391030133146,40.29126213592233,27.805280528052805,9.0,0.44639103013314596,PASS
HAVELLS,2014-03,5.539684511240839,9.650975034157247,26.770708283313326,28.566176470588232,10.0,0.34902496584275333,PASS
HAVELLS,2015-03,4.546528105810109,8.915918752952292,21.177117711771174,33.675289919714544,9.0,0.08408124704770792,PASS
HAVELLS,2016-03,17.118777982617857,10.481959441664472,42.94681202510737,25.18190446061373,10.0,0.4819594416644719,PASS
HAVELLS,2017-03,8.05872756933116,13.295269168026099,15.079365079365079,23.392652123995408,13.0,0.29526916802609904,PASS
HAVELLS,2018-03,8.144406111384919,12.727944800394283,17.721179624664877,26.86605981794538,13.0,0.2720551996057168,PASS
HAVELLS,2019-03,7.822892881961679,11.803832026208678,18.770843258694615,27.7027027027027,12.0,0.19616797379132223,PASS
HAVELLS,2020-03,7.786016949152542,11.302966101694915,17.045454545454543,24.338503649635037,11.0,0.3029661016949152,PASS
HAVELLS,2021-03,9.983742947308023,15.195562780912308,20.166119374154917,27.88697788697789,15.0,0.19556278091230794,PASS
HAVELLS,2022-03,8.58085808580858,12.73496914908882,19.923371647509576,26.81673968877474,13.0,0.26503085091117917,PASS
HAVELLS,2023-03,6.3390692448702035,9.58547690852108,16.178690009055238,23.66768871368083,10.0,0.4145230914789195,PASS
HAVELLS,2024-03,6.837009144701453,10.118343195266272,17.067275412917954,24.270967741935483,10.0,0.1183431952662719,PASS
HCLTECH,2013-06,15.792971345920801,22.203979516047063,30.689759951382555,39.97747747747748,22.0,0.20397951604706321,PASS
HCLTECH,2014-06,20.3086112493778,24.99688899950224,33.39130434782609,39.06553870089459,25.0,0.0031110004977605854,PASS
HCLTECH,2015-06,20.004904498515028,23.121985776954308,30.30878467635403,34.11868768092634,23.0,0.12198577695430757,PASS
HCLTECH,2017-03,18.091994618230743,21.84241506895392,26.119153843819237,30.98625152843637,22.0,0.15758493104608107,PASS
HCLTECH,2018-03,17.24772093575115,22.238921078130872,23.97075798383994,30.44149094551065,22.0,0.23892107813087193,PASS
HCLTECH,2019-03,16.747480430933194,23.04598937561024,24.46453609244307,30.565615328899714,23.0,0.0459893756102403,PASS
HCLTECH,2020-03,15.644631841077594,24.50053766483672,21.56748005539626,29.22383676775859,24.0,0.5005376648367204,PASS
HCLTECH,2021-03,14.817124132716009,26.596266864776663,18.64203094487006,30.022313071866062,27.0,0.4037331352233373,PASS
HCLTECH,2022-03,15.78849050215409,23.96819651842944,21.841586717059148,30.076036157463705,24.0,0.031803481570559455,PASS
HCLTECH,2023-03,14.631958681595963,22.303264469326606,22.697041510587876,32.23407740851009,22.0,0.30326446932660645,PASS
HCLTECH,2024-03,14.293122742532729,22.015594151738192,23.01393141233172,32.690722902959976,22.0,0.015594151738191897,PASS
HDFCBANK,2013-03,19.249323777920306,35.22210758205293,18.838523046693776,3.3933229634286235,3534.0,3498.777892417947,MISMATCH
HDFCBANK,2014-03,20.60392433321584,31.742450945834804,19.851925645844183,2.9311437275954555,5602.0,5570.257549054165,MISMATCH
HDFCBANK,2015-03,21.12462006079027,31.903051355938892,16.947461760141874,2.8213560103051756,7214.0,7182.096948644061,MISMATCH
HDFCBANK,2016-03,20.298597257844907,31.751686140400874,17.25479112833764,2.7704447216500827,9037.0,9005.2483138596,MISMATCH
HDFCBANK,2017-03,20.904587080836894,32.558583887213224,16.686275791446064,2.862683357653022,11374.0,11341.441416112786,MISMATCH
HDFCBANK,2018-03,21.76273332708001,34.62620767282619,16.935373497933377,2.8007920972367644,13374.0,13339.373792327175,MISMATCH
HDFCBANK,2019-03,21.34441475451926,33.145367579235646,14.60633943503413,2.8248459366500582,16592.0,16558.854632420764,MISMATCH
HDFCBANK,2020-03,22.339163099788035,37.203839952859916,15.477608047267491,3.0117285091615935,14593.0,14555.79616004714,MISMATCH
HDFCBANK,2021-03,24.78141141328023,40.80605513722074,15.183737667413375,3.0476497012597985,16848.0,16807.193944862778,MISMATCH
HDFCBANK,2022-03,28.06541313559322,41.60560852165725,15.425327602728373,2.7829101750383924,20795.0,20753.39439147834,MISMATCH
HDFCBANK,2023-03,27.026599669700268,36.91977933167012,15.944347321360706,2.5957630782533507,29932.0,29895.08022066833,MISMATCH
HDFCBANK,2024-03,23.07288232992184,61.41252040373843,14.33974005030719,4.887792835880029,-44685.0,44746.41252040374,MISMATCH
HDFCLIFE,2013-03,3.1792318634423897,96.26600284495022,33.43305908750935,1012.341062079282,525.0,428.7339971550498,MISMATCH
HDFCLIFE,2014-03,4.223464988931609,96.47559128509845,37.60373443983403,858.9730290456432,605.0,508.52440871490154,MISMATCH
HDFCLIFE,2015-03,2.8881131728826013,96.78853573397024,30.932703659976386,1036.6391184573001,874.0,777.2114642660298,MISMATCH
HDFCLIFE,2016-03,4.503610605810043,94.74119398048619,26.32935868514341,553.8833387044796,953.0,858.2588060195138,MISMATCH
HDFCLIFE,2017-03,2.8942473977877117,96.82513786014944,23.183481442760062,775.5880815473079,972.0,875.1748621398506,MISMATCH
HDFCLIFE,2018-03,3.4314941103533787,96.67079975201489,23.52816153028693,662.826780021254,1074.0,977.3292002479851,MISMATCH
HDFCLIFE,2019-03,3.289151975292755,96.87298931926392,22.651542006380716,667.1393123006026,1215.0,1118.127010680736,MISMATCH
HDFCLIFE,2020-03,4.414567733151804,96.11640571817563,19.05391508741002,414.85235786690174,1141.0,1044.8835942818243,MISMATCH
HDFCLIFE,2021-03,1.9027513700928307,98.27480147634493,15.752314814814813,760.7575757575758,1235.0,1136.725198523655,MISMATCH
HDFCLIFE,2022-03,1.976879301611894,98.84098560915294,8.498783143332906,409.20192426298263,778.0,679.159014390847,MISMATCH
HDFCLIFE,2023-03,1.9485236514877435,99.88605124845101,10.528746247979681,502.9548877572975,80.0,19.88605124845101,MISMATCH
HDFCLIFE,2024-03,1.5510139729213062,99.47675449833469,10.732306013909723,646.4587602459017,531.0,431.5232455016653,MISMATCH
HEROMOTOCO,2014-03,8.316518298714143,85.94263105835806,37.38218033078428,367.7331979007957,3553.0,3467.057368941642,MISMATCH
HEROMOTOCO,2015-03,8.584501416224853,87.21766286585809,36.14678899082569,361.7168674698795,3520.0,3432.782337134142,MISMATCH
HEROMOTOCO,2016-03,10.935797870471237,84.45373721755631,35.22752999773602,265.08934480476506,4424.0,4339.546262782444,MISMATCH
HEROMOTOCO,2017-03,12.394267738552953,83.9741349178609,34.373788290034895,227.14380259052663,4585.0,4501.025865082139,MISMATCH
HEROMOTOCO,2018-03,11.467126748413333,83.56645511122065,31.089208152355496,222.32786885245903,5334.0,5250.43354488878,MISMATCH
HEROMOTOCO,2019-03,10.202820052397634,85.2079715051073,26.417682926829265,215.50029779630734,5025.0,4939.792028494892,MISMATCH
HEROMOTOCO,2020-03,12.50769125589663,86.0873726669857,25.39913924753575,169.4865064943805,4070.0,3983.9126273330144,MISMATCH
HEROMOTOCO,2021-03,9.483510449303918,86.89557156238897,19.045147898287492,168.13750000000002,4058.0,3971.104428437611,MISMATCH
HEROMOTOCO,2022-03,7.881289973266556,88.98176034651958,14.696788035590332,159.82859226841722,3256.0,3167.0182396534806,MISMATCH
HEROMOTOCO,2023-03,8.197201241290474,88.00281046899701,16.810758885686838,174.52392011147236,4099.0,4010.997189531003,MISMATCH
HEROMOTOCO,2024-03,9.902352536452407,86.14676228532112,21.14243742584327,177.84211963944279,5235.0,5148.8532377146785,MISMATCH
HINDALCO,2013-03,3.749703839487237,90.39941141994937,8.511180300028306,78.55788298783065,7699.0,7608.6005885800505,MISMATCH
HINDALCO,2014-03,2.5029933291521753,90.85010547921775,5.405871342724855,75.61788154897494,8024.0,7933.149894520782,MISMATCH
HINDALCO,2015-03,0.248367391950595,91.51906867022755,0.6757285606198962,89.36299708793318,8844.0,8752.480931329772,MISMATCH
HINDALCO,2016-03,-0.7108212922366569,92.12426209256877,-1.7286808342978157,84.1162711143573,7778.0,7685.875737907431,MISMATCH
HINDALCO,2017-03,1.8785434799968057,87.70562165615267,4.086063527215094,79.96923805016564,12317.0,12229.294378343848,MISMATCH
HINDALCO,2018-03,5.281161282480921,88.1102245991162,11.089841755997957,94.91423975459664,13695.0,13606.889775400883,MISMATCH
HINDALCO,2019-03,4.209373228539474,88.11800033705627,9.556355541642754,104.65355362276647,15511.0,15422.881999662945,MISMATCH
HINDALCO,2020-03,3.188481852654388,87.89104821235102,6.459522952140885,81.94545282363711,14306.0,14218.10895178765,MISMATCH
HINDALCO,2021-03,2.6384764559723655,86.69853342221684,5.234996167315468,85.5763838521299,17559.0,17472.301466577785,MISMATCH
HINDALCO,2022-03,7.038895923797416,85.46747394378112,17.559565678914453,116.84574248126889,28347.0,28261.53252605622,MISMATCH
HINDALCO,2023-03,4.523704984722359,89.84507307282192,10.650169820475497,129.29714952578064,22666.0,22576.154926927178,MISMATCH
HINDALCO,2024-03,4.702216130615571,88.94620349876368,9.567011474761177,118.20777590429657,23872.0,23783.053796501237,MISMATCH
HINDUNILVR,2013-03,14.216412383350615,84.37268552806991,133.99650959860384,788.3737024221454,4220.0,4135.62731447193,MISMATCH
HINDUNILVR,2014-03,13.532188547581583,83.72100978312923,111.84619734238055,683.0867987719788,4759.0,4675.278990216871,MISMATCH
HINDUNILVR,2015-03,13.68697610409108,83.07268860252721,108.66650111745717,652.5798525798525,5412.0,5328.927311397473,MISMATCH
HINDUNILVR,2016-03,12.896911700739452,81.63797924563475,63.15228966986155,389.27407407407406,5910.0,5828.362020754365,MISMATCH
HINDUNILVR,2017-03,13.539593510644716,80.91791809902901,66.57769869513642,382.1962683378436,6328.0,6247.082081900971,MISMATCH
HINDUNILVR,2018-03,14.705303136868759,78.90279926853285,71.78958934212334,385.19434143661584,7499.0,7420.097200731467,MISMATCH
HINDUNILVR,2019-03,15.41592470109387,77.41032816077335,77.03063429515699,381.9984935977906,8880.0,8802.589671839227,MISMATCH
HINDUNILVR,2020-03,16.982128044642185,75.21303069150139,82.09989063069631,363.61647830842145,9861.0,9785.7869693085,MISMATCH
HINDUNILVR,2021-03,17.00901590541805,75.27855745513311,16.778537567646936,74.25850568444015,11626.0,11550.721442544867,MISMATCH
HINDUNILVR,2022-03,16.954581855622926,75.48526103039318,18.12437577709382,79.0136516046623,12857.0,12781.514738969607,MISMATCH
HINDUNILVR,2023-03,16.743149554308353,76.64740838560581,20.16340648854962,90.12091687207655,14147.0,14070.352591614394,MISMATCH
HINDUNILVR,2024-03,16.611735814915342,76.31672482874498,20.074973642078955,89.63037455884027,14659.0,14582.683275171255,MISMATCH
ICICIBANK,2013-03,22.568786899855187,70.58928372507519,14.731759812689965,5.6942392644431745,-15085.0,15155.589283725076,MISMATCH
ICICIBANK,2014-03,23.599911073384668,66.39584470179268,15.278032186314276,5.303114683971363,-13084.0,13150.395844701792,MISMATCH
ICICIBANK,2015-03,23.546321228440434,70.52980132450331,15.278909155303703,5.68489775806849,-16120.0,16190.529801324503,MISMATCH
ICICIBANK,2016-03,18.428508786723782,88.12358754680069,11.610757509749126,6.825276984610079,-26955.0,27043.1235875468,MISMATCH
ICICIBANK,2017-03,18.608467344929437,104.76042008532984,10.837984555394144,7.9255772148190085,-37737.0,37841.76042008533,MISMATCH
ICICIBANK,2018-03,14.63916862391815,117.12300119043788,8.225616921269095,7.863879683915371,-44906.0,45023.12300119044,MISMATCH
ICICIBANK,2019-03,7.903364730071407,116.38326248228724,4.979300324717951,8.328412337681703,-50971.0,51087.38326248229,MISMATCH
ICICIBANK,2020-03,13.231411193361309,100.6188410580414,9.128985035783995,7.503630462835664,-45190.0,45290.61884105804,MISMATCH
ICICIBANK,2021-03,22.83907001783251,102.40682794432668,12.922385729787356,7.238548088791504,-44805.0,44907.40682794432,MISMATCH
ICICIBANK,2022-03,27.815569088222038,84.68770635278334,14.577073709304432,5.630440251397017,-26558.0,26642.687706352783,MISMATCH
ICICIBANK,2023-03,29.290392922926973,72.57469004765956,16.53208887728557,5.442544313896501,-17341.0,17413.57469004766,MISMATCH
ICICIBANK,2024-03,28.888011233982798,62.41380175029464,17.99027109750765,5.2203495054405735,-14152.0,14214.413801750296,MISMATCH
ICICIGI,2013-03,8.798604187437686,104.46161515453637,18.877005347593585,224.11764705882354,-178.0,282.4616151545364,MISMATCH
ICICIGI,2014-03,11.948529411764707,105.19301470588236,21.72096908939014,191.2280701754386,-225.0,330.1930147058824,MISMATCH
ICICIGI,2015-03,13.816721776098253,105.24326877657062,20.27027027027027,154.4005544005544,-221.0,326.24326877657063,MISMATCH
ICICIGI,2016-03,8.403779214321233,87.33631692358695,15.66265060240964,162.77417361754712,764.0,676.663683076413,MISMATCH
ICICIGI,2017-03,9.335106382978724,87.77925531914894,17.9953857985132,150.5015959872321,919.0,831.2207446808511,MISMATCH
ICICIGI,2018-03,12.471064814814815,103.79050925925925,18.982602950891874,142.73776362912852,-262.0,365.79050925925924,MISMATCH
ICICIGI,2019-03,9.39711547075159,85.04882200125414,19.425925925925927,161.32540356839422,1669.0,1583.9511779987458,MISMATCH
ICICIGI,2020-03,10.367283146652774,84.61404879742989,19.46527551353114,147.22767789696329,1772.0,1687.3859512025701,MISMATCH
ICICIGI,2021-03,12.112490749116027,82.97015048104596,19.38412949072246,124.8144482929243,2072.0,1989.029849518954,MISMATCH
ICICIGI,2022-03,7.93086234868339,93.660302009235,13.8257369737844,158.86960203217612,1016.0,922.339697990765,MISMATCH
ICICIGI,2023-03,9.672186171402998,92.92906690534795,16.554959785522787,158.5265769634507,1264.0,1171.070933094652,MISMATCH
ICICIGI,2024-03,9.366915605017816,87.42129155073948,15.7230643179025,146.3235294117647,2577.0,2489.5787084492604,MISMATCH
ICICIPRULI,2013-03,7.5655430711610485,96.27965043695382,38.24791719262812,486.74577126988135,745.0,648.7203495630462,MISMATCH
ICICIPRULI,2014-03,7.131761695906433,93.12865497076024,35.614875655943415,465.06958704083956,1504.0,1410.8713450292398,MISMATCH
ICICIPRULI,2015-03,4.760107973180855,95.1963544538937,31.14909781576448,622.9439696106363,1655.0,1559.8036455461063,MISMATCH
ICICIPRULI,2016-03,7.91404863542616,91.16984028010936,30.99755776817584,299.24433249370276,1842.0,1750.8301597198906,MISMATCH
ICICIPRULI,2017-03,4.447852760736196,95.22424370636767,26.256634405245084,562.1292538245395,1806.0,1710.7757562936324,MISMATCH
ICICIPRULI,2018-03,4.169241862381541,95.44190358467245,24.627319744447824,563.7663522969273,1771.0,1675.5580964153276,MISMATCH
ICICIPRULI,2019-03,2.747027470274703,98.69522224634011,16.57691747926066,595.5756076262553,541.0,442.3047777536599,MISMATCH
ICICIPRULI,2020-03,5.074910820451843,101.51724137931035,14.792735338971303,295.910162207126,-319.0,420.51724137931035,MISMATCH
ICICIPRULI,2021-03,1.1492871053833762,100.46885143420452,10.495114721703809,810.6702880977787,-390.0,490.4688514342045,MISMATCH
ICICIPRULI,2022-03,1.194072116292241,103.40444276634572,8.287835772002621,634.5626568835683,-2163.0,2266.4044427663457,MISMATCH
ICICIPRULI,2023-03,1.6106026387733272,103.48072427592219,8.057482656095145,462.66607617360495,-1757.0,1860.4807242759223,MISMATCH
ICICIPRULI,2024-03,0.942341125272681,102.02531365231931,7.732848705134029,754.9037279803359,-1829.0,1931.0253136523193,MISMATCH
INDIGO,2013-03,8.551559274149733,90.7095512332935,17886.363636363636,54207.792207792205,855.0,764.2904487667065,MISMATCH
INDIGO,2014-03,4.263740217684627,96.10506431591257,10772.727272727272,58065.21739130435,433.0,336.89493568408744,MISMATCH
INDIGO,2015-03,9.364452423698385,86.33393177737881,4939.39393939394,39546.05263157895,1904.0,1817.666068222621,MISMATCH
INDIGO,2016-03,12.304832713754648,80.39653035935564,1534.775888717156,9443.959243085881,3164.0,3083.6034696406446,MISMATCH
INDIGO,2017-03,8.928955866523143,88.06243272335846,1692.8571428571427,10908.0,2219.0,2130.9375672766414,MISMATCH
INDIGO,2018-03,9.738934016767299,86.8381043395161,2242.0,12981.16883116883,3030.0,2943.161895660484,MISMATCH
INDIGO,2019-03,0.547426044846826,100.52988033828123,120.93023255813952,13201.84331797235,-151.0,251.52988033828123,MISMATCH
INDIGO,2020-03,-0.69358988701197,88.62009173285603,-138.54748603351956,12475.1968503937,4069.0,3980.379908267144,MISMATCH
INDIGO,2021-03,-42.14876033057851,99.97950959633904,-1094.148936170213,2554.624781849913,2.0,97.97950959633904,MISMATCH
INDIGO,2022-03,-1.2224750298870077,97.84813543635032,-48.769230769230774,3832.779456193354,558.0,460.15186456364967,MISMATCH
INDIGO,2023-03,-0.582228262865959,88.02483194357713,-40.7979407979408,6074.271229404309,6521.0,6432.975168056423,MISMATCH
INDIGO,2024-03,11.852722628584697,76.29890862649484,892.568306010929,5640.87982832618,16331.0,16254.701091373505,MISMATCH
INDUSINDBK,2013-03,15.194042675068022,27.881999140770443,13.905635648754917,2.7343201415611045,286.0,258.11800085922954,MISMATCH
INDUSINDBK,2014-03,17.058395929246426,30.95468863581294,15.570054185557892,3.0305905796671686,335.0,304.04531136418706,MISMATCH
INDUSINDBK,2015-03,18.510111432108957,32.32562938505985,16.85456595264938,2.972598580591294,288.0,255.67437061494016,MISMATCH
INDUSINDBK,2016-03,19.255390835579515,35.27628032345013,12.918173598553345,3.0864015564661145,329.0,293.7237196765499,MISMATCH
INDUSINDBK,2017-03,19.908371511870055,39.455782312925166,13.891310665504214,3.349992927530765,379.0,339.5442176870748,MISMATCH
INDUSINDBK,2018-03,20.866847983334296,37.931832648573575,15.125204479677864,3.066394098302373,942.0,904.0681673514264,MISMATCH
INDUSINDBK,2019-03,14.82862405103095,41.70073222227214,12.369781908116616,3.45253370525337,-437.0,478.7007322222721,MISMATCH
INDUSINDBK,2020-03,15.349338150991903,43.81405690859187,12.729420577981386,4.238991596638655,-553.0,596.8140569085919,MISMATCH
INDUSINDBK,2021-03,9.779310344827588,55.16206896551724,6.5398362734924484,4.558939619770129,-2469.0,2524.1620689655174,MISMATCH
INDUSINDBK,2022-03,14.960093439750827,51.39186295503212,9.667071994632899,4.075090750521607,-839.0,890.3918629550321,MISMATCH
INDUSINDBK,2023-03,20.320061592608887,42.68862736471624,13.5293471495002,3.5278398258462835,2067.0,2024.3113726352838,MISMATCH
INDUSINDBK,2024-03,19.56369677362945,38.55469091544986,14.252273197764223,3.5617860222414732,2978.0,2939.44530908455,MISMATCH
INFY,2013-03,23.366871530531323,28.59337827121332,24.81707638048113,30.3679528346581,29.0,0.40662172878667846,PASS
INFY,2014-03,21.255460475136136,26.70895418187621,23.92993487536492,30.06961598922075,27.0,0.2910458181237914,PASS
INFY,2015-03,23.20373600405109,27.913126652787934,24.385052034058656,29.334200567644274,28.0,0.08687334721206597,PASS
INFY,2016-03,21.602793036626576,27.352220496148366,21.84665716506867,27.66098730240995,27.0,0.3522204961483659,PASS
INFY,2017-03,20.958180012849716,27.165469306699375,20.80687715635963,26.969354324316484,27.0,0.1654693066993751,PASS
INFY,2018-03,22.729077451008195,26.68954368849437,24.689247262141308,28.991266577330066,27.0,0.3104563115056287,PASS
INFY,2019-03,18.639250075597218,24.396734200181434,23.726673646609594,31.055613721746628,24.0,0.39673420018143446,PASS
INFY,2020-03,18.32670639160269,24.525558700752278,25.422459893048128,31.772327097869667,25.0,0.47444129924772227,PASS
INFY,2021-03,19.331754120550997,27.757982323433396,25.43909051616875,34.14589353053529,28.0,0.24201767656660422,PASS
INFY,2022-03,18.20603250548746,25.88847510296693,29.39084273390843,38.962436899930715,26.0,0.11152489703307111,PASS
INFY,2023-03,16.426035825492104,23.93589839677857,31.970506716883047,41.968317683320194,24.0,0.06410160322143099,PASS
INFY,2024-03,17.08075746730006,23.703390381987376,29.788006718416632,37.75589530966572,24.0,0.2966096180126243,PASS
IOC,2013-03,0.7854389536142752,3.0016458053618607,5.753763662610847,9.076800167640203,3.0,0.0016458053618606527,PASS
IOC,2014-03,1.4266553358793475,3.526605166429471,10.258713353849778,10.576740015599187,4.0,0.4733948335705289,PASS
IOC,2015-03,1.0838540890353208,2.352577379217676,7.078103207810321,7.908020190689849,2.0,0.35257737921767607,PASS
IOC,2016-03,3.587105723244087,6.3685358840613215,13.79528784174261,14.837206797188484,6.0,0.36853588406132154,PASS
IOC,2017-03,5.736129596852938,9.609177807354964,19.966502115655853,20.650432069276217,10.0,0.3908221926450359,PASS
IOC,2018-03,5.36807341539104,9.883461607812247,19.869329258654304,23.204696865043115,10.0,0.11653839218775275,PASS
IOC,2019-03,3.2706122031664764,6.676411225428754,15.358898896584835,16.852901536079223,7.0,0.32358877457124624,PASS
IOC,2020-03,-0.3877931962551911,3.31836043682547,-1.9664982494391918,7.1287102332273475,3.0,0.3183604368254702,PASS
IOC,2021-03,5.9793927737326555,10.971012501717269,19.458502476796795,17.47539247309475,11.0,0.028987498282731394,PASS
IOC,2022-03,4.365532536597202,8.103902626921492,19.266110008611975,17.984221724313233,8.0,0.10390262692149221,PASS
IOC,2023-03,1.3904266794653084,3.6451180627165116,8.37669355358178,10.628061157333962,4.0,0.3548819372834884,PASS
IOC,2024-03,5.559462717942377,9.743776019125345,23.53162465856491,23.93519910139379,10.0,0.2562239808746547,PASS
IRCTC,2015-03,12.370160528800756,14.353163361661943,29.504504504504503,34.234234234234236,14.0,0.3531633616619434,PASS
IRCTC,2016-03,13.825896122896856,13.89904901243599,34.87084870848708,35.05535055350554,14.0,0.10095098756401022,PASS
IRCTC,2017-03,15.06578947368421,20.657894736842106,29.09783989834816,39.898348157560356,21.0,0.3421052631578938,PASS
IRCTC,2018-03,15.075034106412005,18.69031377899045,23.141361256544503,28.691099476439792,19.0,0.30968622100954946,PASS
IRCTC,2019-03,16.524064171122994,20.481283422459892,28.851540616246496,35.7609710550887,20.0,0.4812834224598923,PASS
IRCTC,2020-03,22.659010600706715,31.051236749116605,39.04109589041096,53.50076103500761,31.0,0.051236749116604585,PASS
IRCTC,2021-03,24.066924066924066,24.195624195624195,12.843406593406591,12.247557003257329,24.0,0.19562419562419464,PASS
IRCTC,2022-03,35.125066524747204,46.514103246407664,35.294117647058826,44.25316455696203,47.0,0.48589675359233553,PASS
IRCTC,2023-03,28.410053657158997,36.0350183563965,40.597255851493145,49.804839968774395,36.0,0.03501835639649897,PASS
IRCTC,2024-03,26.01873536299766,34.33255269320843,34.39628482972136,44.559270516717326,34.0,0.3325526932084273,PASS
IRFC,2013-03,9.405405405405405,99.6036036036036,8.163903659680951,8.485425269007015,100.0,0.3963963963963977,PASS
IRFC,2014-03,11.311925125060514,99.69340003227369,9.270034382438508,7.973773538636275,100.0,0.3065999677263136,PASS
IRFC,2015-03,10.923764231157227,99.5100158524283,8.730707210320203,8.636431859115469,100.0,0.48998414757170394,PASS
IRFC,2016-03,11.309444518449448,99.48048488077794,7.366594360086768,7.541301450094923,99.0,0.4804848807779365,PASS
IRFC,2017-03,10.323864264397038,99.71261191555212,7.7775002081772,7.618830444917402,100.0,0.28738808444788333,PASS
IRFC,2018-03,22.17546131434121,99.58994280781268,14.754451464675475,6.238592886016738,100.0,0.41005719218732395,PASS
IRFC,2019-03,20.25327824681157,99.55990659241961,9.009908902029727,5.571443649760506,100.0,0.4400934075803917,PASS
IRFC,2020-03,23.783622680873258,99.50823336562105,10.535001155153635,5.045791836056159,100.0,0.49176663437894774,PASS
IRFC,2021-03,28.000760890241583,99.27715427049648,12.29604054129309,4.360564698280784,99.0,0.27715427049648156,PASS
IRFC,2022-03,30.001477905315532,99.39898517168334,14.854745469180672,4.698477308662271,99.0,0.3989851716833357,PASS
IRFC,2023-03,25.996964842761994,99.4351235140376,13.802287325708914,5.0878313086692435,99.0,0.4351235140375991,PASS
IRFC,2024-03,24.064552448864703,99.50459748545694,13.038085361638096,5.7484746909270665,100.0,0.49540251454305917,PASS
ITC,2013-03,24.36586754380416,35.48927825921943,33.26712151308403,48.241616509028376,35.0,0.48927825921943224,PASS
ITC,2014-03,25.49425026907608,37.04752733246474,33.04695818188493,47.599985443429524,37.0,0.04752733246473895,PASS
ITC,2015-03,25.192570265605273,36.715871911791226,30.813587093521555,44.53054210279644,37.0,0.28412808820877444,PASS
ITC,2016-03,24.242192284139623,37.07644417228006,22.261012183692596,33.97951548031054,37.0,0.07644417228006262,PASS
ITC,2017-03,24.497287691732136,36.171904227459784,22.57341693060134,33.298176887147804,36.0,0.17190422745978395,PASS
ITC,2018-03,26.45170199544293,38.02389007802251,21.88725956960579,31.4410231035664,38.0,0.023890078022510863,PASS
ITC,2019-03,26.553578816714936,38.347124534546964,21.70406317106576,31.33684957906481,38.0,0.347124534546964,PASS
ITC,2020-03,31.57244674819794,39.16740908722767,23.88889740015014,29.510297482837526,39.0,0.1674090872276679,PASS
ITC,2021-03,27.16974237164261,34.64482205574842,22.17674449434106,28.151704114289483,35.0,0.35517794425157945,PASS
ITC,2022-03,25.563525434908072,34.00610108005606,24.822672324073334,32.88944883898954,34.0,0.006101080056062358,PASS
ITC,2023-03,27.463726222873987,36.24416587938352,28.16426867182416,37.00493802277537,36.0,0.24416587938352308,PASS
ITC,2024-03,29.282025230717128,37.0177518132814,27.851074395694365,35.06616762464911,37.0,0.017751813281400075,PASS
JINDALSTEL,2013-03,14.903821881153128,30.82748523249356,13.890457368718238,13.311532592108133,31.0,0.17251476750643846,PASS
JINDALSTEL,2014-03,9.830965467178263,30.068443430467696,8.385670057496682,9.832479907762217,30.0,0.06844343046769552,PASS
JINDALSTEL,2015-03,-7.48415030153085,28.163496726972838,-6.900484744796122,8.211231835054026,28.0,0.1634967269728378,PASS
JINDALSTEL,2016-03,-15.855976167240229,17.653705891417122,-9.517203107658158,4.337839031716582,18.0,0.3462941085828781,PASS
JINDALSTEL,2017-03,-11.74836828218303,21.797898440031478,-8.44564240790656,6.204134332880989,22.0,0.20210155996852208,PASS
JINDALSTEL,2018-03,-4.85489394940816,19.43459712792165,-5.3184136909659365,8.819719961279942,19.0,0.4345971279216485,PASS
JINDALSTEL,2019-03,-5.135630030234638,17.910829110420305,-7.517531556802244,11.741387973870806,18.0,0.08917088957969455,PASS
JINDALSTEL,2020-03,-1.0547688737705352,18.01281544181631,-1.2446712512057752,9.905598816722495,18.0,0.012815441816311335,PASS
JINDALSTEL,2021-03,12.339859452268719,31.61745568119379,13.411912619833414,17.712434183880113,32.0,0.382544318806211,PASS
JINDALSTEL,2022-03,13.223625063518742,30.322870656295198,18.992280701754385,31.581411443808904,30.0,0.32287065629519773,PASS
JINDALSTEL,2023-03,7.468240246560925,18.683755543862286,10.267142045160957,19.210851754521567,19.0,0.31624445613771357,PASS
JINDALSTEL,2024-03,11.802438733764944,20.260555268697622,13.410506363390198,16.782917681121273,20.0,0.26055526869762247,PASS
JIOFIN,2023-03,68.88888888888889,86.66666666666667,0.027164388363126533,0.03395349242140637,88.0,1.3333333333333286,MISMATCH
JIOFIN,2024-03,86.52291105121293,84.04312668463612,1.153456416595399,1.1203978526306713,84.0,0.043126684636121126,PASS
JSWENERGY,2013-03,10.15783540022548,31.578354002254795,14.522888459058672,16.892829141788795,32.0,0.4216459977452054,PASS
JSWENERGY,2014-03,8.788159111933396,37.638760407030524,11.565971693806118,19.51789890268034,38.0,0.3612395929694756,PASS
JSWENERGY,2015-03,14.528725794372527,38.7717984380015,18.063314711359403,21.556031406138473,39.0,0.22820156199850317,PASS
JSWENERGY,2016-03,14.861563517915311,41.01180781758957,15.045342126957955,16.40071643735244,41.0,0.01180781758957039,PASS
JSWENERGY,2017-03,7.53963451530921,40.22752027108798,6.00829395312952,13.447689942551985,40.0,0.22752027108798245,PASS
JSWENERGY,2018-03,1.0560318051931916,33.70605044104858,0.7650765076507651,11.799243247945027,34.0,0.29394955895141806,PASS
JSWENERGY,2019-03,7.485226526592252,31.243160428977895,5.785823041786499,12.75863609956652,31.0,0.24316042897789458,PASS
JSWENERGY,2020-03,13.066602199927473,35.74277771062492,9.282156963764383,13.762449967420645,36.0,0.25722228937507907,PASS
JSWENERGY,2021-03,11.889627275353943,42.08321294423577,5.67312331977666,12.732756359821662,42.0,0.0832129442357683,PASS
JSWENERGY,2022-03,21.341986041386065,43.73699032692543,10.008613264427218,13.551862812049473,44.0,0.26300967307457057,PASS
JSWENERGY,2023-03,14.3244289585753,31.765389082462253,7.944602501476193,7.513736263736264,32.0,0.2346109175377471,PASS
JSWENERGY,2024-03,15.018283127285393,46.857043357130415,8.280529953917052,10.270012403396622,47.0,0.14295664286958498,PASS
JSWSTEEL,2013-03,2.431300706621303,17.042658989793246,5.443891004980955,16.831222538123548,17.0,0.042658989793245894,PASS
JSWSTEEL,2014-03,0.7848496680983992,17.90121046466224,1.8985548313969962,16.170790638613074,18.0,0.09878953533776169,PASS
JSWSTEEL,2015-03,3.2507739938080498,17.677263459941102,7.7254374158815615,15.339754930869537,18.0,0.32273654005889796,PASS
JSWSTEEL,2016-03,-1.1577528522601455,15.457565108554375,-2.536117262469683,10.498610429949322,15.0,0.45756510855437504,PASS
JSWSTEEL,2017-03,6.235162937918135,22.135098194374507,15.30887093213229,18.653854897622043,22.0,0.13509819437450687,PASS
JSWSTEEL,2018-03,8.49818581179709,20.735962631893567,21.83370240731481,22.13351931266786,21.0,0.2640373681064325,PASS
JSWSTEEL,2019-03,8.877142890852673,22.334438453461072,21.623796522488863,23.031718801328612,22.0,0.3344384534610718,PASS
JSWSTEEL,2020-03,5.344625371628072,16.1102473883752,10.707942839968306,12.051376221664524,16.0,0.11024738837519976,PASS
JSWSTEEL,2021-03,9.861095454602388,25.273362642317664,16.835600034214355,18.485470336032833,25.0,0.2733626423176645,PASS
JSWSTEEL,2022-03,14.304746158733629,26.722506507436584,31.112828209281247,28.031877535224393,27.0,0.2774934925634156,PASS
JSWSTEEL,2023-03,2.4939744516751023,11.129187756085804,6.300327269959662,12.60337909763354,11.0,0.12918775608580368,PASS
JSWSTEEL,2024-03,5.127252779904689,16.089162657280323,11.5528718021347,16.99757927716371,16.0,0.08916265728032258,PASS
KOTAKBANK,2013-03,20.64956634065326,60.92452482007751,14.659068579288661,6.548776133613679,-1789.0,1849.9245248200775,MISMATCH
KOTAKBANK,2014-03,21.08293008509928,58.84365092608043,13.241458813665899,6.7157996972034155,-1379.0,1437.8436509260805,MISMATCH
KOTAKBANK,2015-03,23.312561003078308,72.96343569337037,14.014262502256724,7.687439682313668,-3366.0,3438.9634356933702,MISMATCH
KOTAKBANK,2016-03,17.27281639054995,56.567983531026364,10.562282699916077,5.417216242730341,-2263.0,2319.5679835310266,MISMATCH
KOTAKBANK,2017-03,22.482530012542558,66.439706145852,13.03907305414112,6.085622143261585,-3965.0,4031.439706145852,MISMATCH
KOTAKBANK,2018-03,24.901516055867255,66.86960327881899,12.395024560291553,5.595548866572547,-4141.0,4207.869603278819,MISMATCH
KOTAKBANK,2019-03,24.149374811437767,66.2331132043847,12.467766220729997,5.652507266610212,-5114.0,5180.233113204385,MISMATCH
KOTAKBANK,2020-03,25.670669773555595,67.44936368524826,12.89523838107958,5.7433721515896154,-5005.0,5072.4493636852485,MISMATCH
KOTAKBANK,2021-03,30.438756855575868,90.83485679463742,11.845053889659587,7.245612457437009,-9958.0,10048.834856794638,MISMATCH
KOTAKBANK,2022-03,35.82881360955514,90.98426246999199,12.50607769099467,6.638884804027577,-8512.0,8602.984262469992,MISMATCH
KOTAKBANK,2023-03,35.40841261180043,79.44058266707789,13.348060171356002,6.3105304916315035,-5746.0,5825.440582667078,MISMATCH
KOTAKBANK,2024-03,32.386151466116615,83.66733645109092,14.013018188532914,7.234918028249577,-13382.0,13465.667336451092,MISMATCH
LICI,2019-03,0.4596611071061123,1.0358560160137742,324.32098765432096,2.1908804600848963,1.0,0.035856016013774195,PASS
LICI,2020-03,0.43149911709867,-1.1061344525772918,270.45908183632736,-2.7305672599207598,-1.0,0.10613445257729182,PASS
LICI,2021-03,0.43044431000095523,-0.03647342505724301,43.201626961069145,-3.6585365853658534,0.0,0.03647342505724301,PASS
LICI,2022-03,0.5700616081127022,0.4596424020806903,36.38207796789557,29.332392627215803,0.0,0.4596424020806903,PASS
LICI,2023-03,4.5877791768838225,4.359645590012082,77.85997015119071,73.98827677200268,4.0,0.3596455900120823,PASS
LICI,2024-03,4.836600998148862,3.87474201090824,49.44710986501021,39.613520731869436,4.0,0.12525798909176,PASS
LODHA,2011-03,12.149102623101703,23.469857340082832,35.483870967741936,8.04416403785489,23.0,0.4698573400828323,PASS
LODHA,2012-03,12.897765741367637,24.509140148950575,33.83658969804618,13.444753946146704,25.0,0.4908598510494251,PASS
LODHA,2015-03,12.796664528543939,23.524695317511224,24.225865209471767,9.685725604119899,24.0,0.4753046824887761,PASS
LODHA,2016-03,8.522245120620681,25.772820947993697,17.694437452806444,11.938454627133872,26.0,0.22717905200630284,PASS
LODHA,2017-03,7.368155437799646,20.36336109008327,14.480535581453013,7.98377522754254,20.0,0.36336109008327,PASS
LODHA,2018-03,8.20502221762943,17.381419861527334,15.411490683229815,6.057332180927687,17.0,0.3814198615273341,PASS
LODHA,2019-03,13.80700428319476,26.698580666834637,42.80135381411091,10.782850552879724,27.0,0.30141933316536296,PASS
LODHA,2020-03,5.96319215623242,15.406252511452223,16.300527240773285,8.343852013057672,15.0,0.4062525114522231,PASS
LODHA,2021-03,0.8808955771701229,25.380803817214172,1.0437051532941943,6.067918567918568,25.0,0.3808038172141721,PASS
LODHA,2022-03,13.08350481966858,23.675944979963177,9.97852304642326,9.245865583893753,24.0,0.3240550200368233,PASS
LODHA,2023-03,5.174234424498416,21.795142555438225,3.8695411829740185,9.50145007595636,22.0,0.20485744456177457,PASS
LODHA,2024-03,15.063978286157425,25.833656455990695,8.895758200240426,10.589263718361346,26.0,0.16634354400930462,PASS
LT,2013-03,7.1090747856931715,15.309166151613685,395.1456310679612,724.3483788938335,15.0,0.30916615161368455,PASS
LT,2014-03,5.743410068897406,16.561243445340608,303.41614906832297,818.9534883720929,17.0,0.4387565546593919,PASS
LT,2015-03,5.401995017894244,17.06099272264465,245.11352418558738,698.9304812834224,17.0,0.06099272264464872,PASS
LT,2016-03,4.541049425446491,15.314174956982654,216.09411764705882,710.3669724770642,15.0,0.3141749569826544,PASS
LT,2017-03,5.933474824355972,15.20418618266979,206.29770992366412,528.6259541984733,15.0,0.20418618266979038,PASS
LT,2018-03,6.687666585897746,16.8035560605934,207.3575129533679,521.0103626943005,17.0,0.1964439394065991,PASS
LT,2019-03,7.555834935660405,16.910220381600354,208.80850194154914,467.3206621704476,17.0,0.08977961839964621,PASS
LT,2020-03,7.489756070731238,16.880482908450897,201.59141376757955,388.7428752374921,17.0,0.11951709154910262,PASS
LT,2021-03,9.502202545981364,17.252664014296325,176.90306681270536,289.5581337941249,17.0,0.25266401429632523,PASS
LT,2022-03,6.656614767347513,15.534017799528499,72.92133258678611,167.15248178193318,16.0,0.4659822004715011,PASS
LT,2023-03,6.834805089968965,14.817198553515034,75.52434908389586,149.81525395687422,15.0,0.18280144648496588,PASS
LT,2024-03,7.031246466738726,13.506668535997433,77.66510140873214,135.2030422382181,14.0,0.49333146400256744,PASS
LTIM,2013-03,14.593612048818489,22.591534666320438,41.97162061239731,55.30832803560076,23.0,0.40846533367956184,PASS
LTIM,2014-03,20.243902439024392,23.3130081300813,61.86335403726708,66.68604651162791,23.0,0.31300813008130035,PASS
LTIM,2015-03,15.447971072719968,20.188830855765367,37.95656465942744,44.786096256684495,20.0,0.1888308557653673,PASS
LTIM,2016-03,14.300376325692781,17.584673280875812,39.34117647058824,47.1559633027523,18.0,0.41532671912418806,PASS
LTIM,2017-03,14.936163667128133,18.920166128287956,30.884223918575067,39.12213740458015,19.0,0.0798338717120437,PASS
LTIM,2018-03,15.22036682179031,16.24692033944703,28.808290155440414,30.751295336787564,16.0,0.24692033944702985,PASS
LTIM,2019-03,16.049121321194157,19.934363751852636,30.983036991620683,38.483547925608015,20.0,0.06563624814736357,PASS
LTIM,2020-03,13.971872414744002,18.650611269418146,28.127313101406365,32.1247625079164,19.0,0.34938873058185393,PASS
LTIM,2021-03,15.666936135812449,22.029102667744542,26.533406352683457,33.63367069859294,22.0,0.029102667744542288,PASS
LTIM,2022-03,15.128882760733847,20.10417863571948,27.645576707726764,36.08552179293277,20.0,0.1041786357194816,PASS
LTIM,2023-03,13.289937618660158,18.40701564053883,26.57907425265188,33.68444272872663,18.0,0.4070156405388303,PASS
LTIM,2024-03,12.90931103415266,17.982937748120616,22.904386052552702,28.914844492733938,18.0,0.01706225187938415,PASS
M&M,2013-03,6.010801682849781,13.270638929730833,20.685336405991684,18.729454306377384,13.0,0.2706389297308327,PASS
M&M,2014-03,6.964770746341266,13.743057526249643,22.11352812459776,17.39234531586688,14.0,0.2569424737503567,PASS
M&M,2015-03,4.732112865300638,12.306852536110178,13.075762849518505,13.789047798268724,12.0,0.3068525361101777,PASS
M&M,2016-03,4.686119645046874,13.293601086483564,13.41537067794051,14.81666544198692,13.0,0.2936010864835641,PASS
M&M,2017-03,4.83568691583207,12.814391271650772,13.604002955201826,13.668194550547492,13.0,0.18560872834922826,PASS
M&M,2018-03,8.641170977479531,14.361413338545399,21.63970088375255,14.271686467471648,14.0,0.3614133385453986,PASS
M&M,2019-03,5.745743451647711,14.521442690577821,15.0488957807068,13.720890364609179,15.0,0.4785573094221789,PASS
M&M,2020-03,-0.4258311002626622,13.47536547186331,-0.8031224198754034,8.32206847395974,13.0,0.47536547186330935,PASS
M&M,2021-03,2.035596004200436,15.464875198578316,3.636188735510557,9.399625226050881,15.0,0.4648751985783157,PASS
M&M,2022-03,8.043606037417796,16.28350578345588,15.391634658234832,11.77201590661279,16.0,0.2835057834558796,PASS
M&M,2023-03,9.379148834409454,16.72727572586564,20.178831210304086,13.649546136609853,17.0,0.2727242741343616,PASS
M&M,2024-03,8.82238743726542,17.89787025985418,18.537543435564285,14.237260991666522,18.0,0.10212974014581988,PASS
MARUTI,2013-03,5.575117370892019,9.843355001805707,12.980870296405298,21.17298635723649,10.0,0.15664499819429345,PASS
MARUTI,2014-03,6.407435678685286,11.92133267477886,13.276888723483438,22.595744680851062,12.0,0.07866732522114006,PASS
MARUTI,2015-03,7.49788389992323,13.566662073581229,15.66329467883872,27.585654819084215,14.0,0.4333379264187709,PASS
MARUTI,2016-03,9.54522565073191,15.66965913629339,17.954664227854717,29.254060362433947,16.0,0.33034086370660987,PASS
MARUTI,2017-03,11.031798487185137,15.305867665418226,20.258934592043158,27.745680129928914,15.0,0.3058676654182264,PASS
MARUTI,2018-03,9.874826147426981,15.183751206004336,18.517822317253696,28.39268978444236,15.0,0.18375120600433625,PASS
MARUTI,2019-03,8.889482734581959,12.845656922433424,16.24692092075087,23.39795140946415,13.0,0.15434307756657617,PASS
MARUTI,2020-03,7.504625958234206,9.721120803595031,11.490903203610387,14.829525979393916,10.0,0.2788791964049686,PASS
MARUTI,2021-03,6.236855567555278,7.689137725231626,8.359840764937811,10.201349873685004,8.0,0.3108622747683736,PASS
MARUTI,2022-03,4.3926185893807315,6.511943846937621,7.012090434279725,10.315823454509585,7.0,0.48805615306237904,PASS
MARUTI,2023-03,6.9791402753145855,11.081834304535091,11.077747989276139,17.300390254192596,11.0,0.0818343045350911,PASS
MARUTI,2024-03,9.50809964894472,13.130031439890594,15.750385351954785,21.720016325578683,13.0,0.13003143989059396,PASS
MOTHERSON,2013-03,1.7867025061269666,5.850264843070598,19.746614242027086,20.575559571805925,6.0,0.14973515692940165,PASS
MOTHERSON,2014-03,3.6068915630959424,7.881238903136713,37.07333558634674,30.734709578151044,8.0,0.11876109686328729,PASS
MOTHERSON,2015-03,3.7275323851014104,8.2051873863997,38.86883273164862,33.63690124186871,8.0,0.20518738639970024,PASS
MOTHERSON,2016-03,4.766766981943251,9.533533963886502,40.34569024334774,33.900248423466465,10.0,0.46646603611349846,PASS
MOTHERSON,2017-03,5.12554276005286,9.842835567302247,26.25725338491296,22.399441490789968,10.0,0.15716443269775304,PASS
MOTHERSON,2018-03,4.013995701827612,9.10786281370442,22.865236746256574,25.313456412281564,9.0,0.10786281370442019,PASS
MOTHERSON,2019-03,3.3027407395746424,8.418997843300852,19.13709750980571,23.772058496688448,8.0,0.4189978433008523,PASS
MOTHERSON,2020-03,2.1307777174002536,7.6635544797378525,11.490986590888909,19.076115915891297,8.0,0.33644552026214747,PASS
MOTHERSON,2021-03,2.7348788565452327,7.617221544361165,12.491043706711249,17.8432893716059,8.0,0.38277845563883517,PASS
MOTHERSON,2022-03,1.8534198889829712,7.391727036096214,5.741208470953954,13.577971081283485,7.0,0.3917270360962144,PASS
MOTHERSON,2023-03,2.119612123673656,7.933949332385643,7.438090147871014,17.246992605672663,8.0,0.0660506676143573,PASS
MOTHERSON,2024-03,3.0600251286831757,9.445547764763102,11.546549416937488,20.231351867526097,9.0,0.4455477647631021,PASS
NAUKRI,2013-03,16.101694915254235,25.635593220338983,12.5,19.868637110016422,26.0,0.3644067796610173,PASS
NAUKRI,2014-03,10.582010582010582,17.10758377425044,8.928571428571429,14.413075780089152,17.0,0.10758377425043975,PASS
NAUKRI,2015-03,-1.912568306010929,2.8688524590163933,-0.9893992932862191,1.4830508474576272,3.0,0.1311475409836067,PASS
NAUKRI,2016-03,15.775401069518717,12.165775401069519,7.647440051847052,5.89378238341969,12.0,0.16577540106951894,PASS
NAUKRI,2017-03,-4.842342342342342,-1.0135135135135136,-2.701005025125628,-0.5649717514124294,-1.0,0.013513513513513598,PASS
NAUKRI,2018-03,50.708502024291505,22.16599190283401,24.49877750611247,10.703812316715542,22.0,0.16599190283400844,PASS
NAUKRI,2019-03,51.433536055603824,0.7819287576020852,23.27959103421156,0.3537735849056604,1.0,0.21807124239791476,PASS
NAUKRI,2020-03,-18.75,-26.676829268292686,-11.207289293849659,-15.404929577464788,-27.0,0.3231707317073145,PASS
NAUKRI,2021-03,125.70921985815602,6.560283687943262,26.278724981467754,1.3550631752426296,7.0,0.43971631205673756,PASS
NAUKRI,2022-03,810.6985525487728,28.067967275015732,74.71291033522793,2.577140875996764,28.0,0.0679672750157323,PASS
NAUKRI,2023-03,-2.9838022165387894,14.83375959079284,-0.522466039707419,2.576632607729898,15.0,0.16624040920716077,PASS
NAUKRI,2024-03,23.462145110410095,28.036277602523658,1.9661621835965897,2.3305362527861546,28.0,0.03627760252365775,PASS
NESTLEIND,2013-12,12.27337655202725,21.404241292165697,47.170608108108105,54.76525161653078,21.0,0.4042412921656968,PASS
NESTLEIND,2014-12,12.02435312024353,20.690005073566716,41.76947479732112,71.36856842842143,21.0,0.3099949264332835,PASS
NESTLEIND,2015-12,6.886850152905198,19.021406727828747,19.985800496982606,54.85008818342152,19.0,0.021406727828747307,PASS
NESTLEIND,2016-12,10.95066185318893,20.238485942457064,30.499695307739184,55.80693815987934,20.0,0.23848594245706423,PASS
NESTLEIND,2017-12,12.237762237762238,20.94905094905095,35.8187134502924,60.6946454413893,21.0,0.050949050949050445,PASS
NESTLEIND,2018-12,14.231314204746722,23.18455543747786,43.75170160631636,70.60409924487594,23.0,0.18455543747786152,PASS
NESTLEIND,2019-12,15.910744603444094,23.655913978494624,102.60688216892598,138.8704318936877,24.0,0.34408602150537604,PASS
NESTLEIND,2020-12,15.595505617977528,23.98501872659176,103.12035661218424,147.83010156971378,24.0,0.014981273408238849,PASS
NESTLEIND,2021-12,14.368089003459739,24.163896614883658,108.83864337101747,161.03074141048825,24.0,0.16389661488365803,PASS
NESTLEIND,2022-12,14.150440906669823,21.932887494821564,97.23464823098821,135.75091575091577,22.0,0.06711250517843581,PASS
NESTLEIND,2023-12,15.680225870542715,23.376555474223572,121.96014640097602,163.77289377289378,23.0,0.37655547422357216,PASS
NESTLEIND,2024-03,16.12281708616873,23.829630236943512,117.75449101796407,157.74762550881954,24.0,0.1703697630564882,PASS
NHPC,2013-03,45.02429086350102,65.06817113305125,9.64255747608659,8.28163957315249,65.0,0.06817113305125133,PASS
NHPC,2014-03,22.10041954256327,58.76302611990797,5.781349571620761,8.849485376541324,59.0,0.23697388009203024,PASS
NHPC,2015-03,34.03478895511495,62.44982362243036,9.096820339423891,9.999610455377663,62.0,0.4498236224303582,PASS
NHPC,2016-03,28.309791716542975,57.25401005506344,7.4740068893594165,9.272794245943274,57.0,0.2540100550634392,PASS
NHPC,2017-03,40.357184274614404,56.63922068885539,11.993796312252284,10.123958376518386,57.0,0.36077931114461137,PASS
NHPC,2018-03,35.912314635718886,54.77756286266925,9.270663426650245,8.733013999958885,55.0,0.22243713733075055,PASS
NHPC,2019-03,31.570744740064566,55.449181787821445,9.208390155204883,9.989170543879352,55.0,0.4491817878214448,PASS
NHPC,2020-03,33.42326139088729,54.416466826538766,10.659316146712978,9.973080374310985,54.0,0.4164668265387661,PASS
NHPC,2021-03,37.3134328358209,54.69527363184079,10.891598342056696,9.353397851749442,55.0,0.3047263681592085,PASS
NHPC,2022-03,41.272965879265094,43.88670166229222,10.807250651470463,6.576855630398086,44.0,0.11329833770778208,PASS
NHPC,2023-03,40.17158480248892,58.30112190063166,11.5283677389681,9.299108284085953,58.0,0.30112190063165656,PASS
NHPC,2024-03,41.81893687707641,49.90656146179402,10.407730866621879,6.745435920463634,50.0,0.09343853820598014,PASS
NTPC,2013-03,17.598366844710423,25.376828211079726,15.492368291482029,11.966978550564095,25.0,0.37682821107972586,PASS
NTPC,2014-03,14.557640750670242,25.184475935146178,13.057518121128147,11.687719215091478,25.0,0.18447593514617822,PASS
NTPC,2015-03,12.496716985379642,21.70166464474655,12.171413257972569,9.412734748787607,22.0,0.29833535525344956,PASS
NTPC,2016-03,14.688811379366722,25.298381383181646,11.772863772863772,9.721516866580453,25.0,0.29838138318164553,PASS
NTPC,2017-03,13.059164818020038,26.32554057677775,10.950755330239783,10.206463747158702,26.0,0.32554057677775106,PASS
NTPC,2018-03,11.922845497996208,25.52705970505092,10.140687311105317,9.624933650668629,26.0,0.47294029494907974,PASS
NTPC,2019-03,13.993837685841633,22.645008824673187,12.602710202322262,7.984810927693688,23.0,0.3549911753268127,PASS
NTPC,2020-03,10.872981071402469,28.855148724694878,10.015146415348369,9.814681316495973,29.0,0.14485127530512187,PASS
NTPC,2021-03,13.421380602702387,30.524248863544667,11.904818711775981,10.13374133419855,31.0,0.47575113645533307,PASS
NTPC,2022-03,12.7836947591374,30.42308301110282,12.528255056362376,11.66258766011425,30.0,0.4230830111028183,PASS
NTPC,2023-03,9.716413082340656,27.011412713456334,11.645116750440407,12.866009255655031,27.0,0.01141271345633399,PASS
NTPC,2024-03,11.950633329785267,28.82672926202094,13.273598407068633,12.933810240774582,29.0,0.17327073797905967,PASS
ONGC,2013-03,14.812574081390755,26.855121493480837,15.730882198678275,25.114020806632258,27.0,0.1448785065191629,PASS
ONGC,2014-03,15.314063208917936,28.216010705199256,15.489218829871277,22.204144351795357,28.0,0.21601070519925614,PASS
ONGC,2015-03,11.000913480360172,26.293320407896942,9.810201989415644,18.051271549793302,26.0,0.29332040789694247,PASS
ONGC,2016-03,10.563062336740945,31.55132380921668,6.623393693065202,16.08415463146387,32.0,0.44867619078332055,PASS
ONGC,2017-03,10.325090440557014,18.691284432897,15.005710287777926,19.242388353406337,19.0,0.3087155671030004,PASS
ONGC,2018-03,8.077940912161534,17.628739471841243,12.777241335365824,18.317668537426464,18.0,0.3712605281587571,PASS
ONGC,2019-03,8.049352029296244,17.745431948845418,15.644389537831781,23.04420406805554,18.0,0.2545680511545818,PASS
ONGC,2020-03,2.8876207376338447,13.13368353128592,5.585459084171932,15.573395660789593,13.0,0.1336835312859197,PASS
ONGC,2021-03,7.029807568891126,16.28210064867747,9.665989383702671,13.968794470420818,16.0,0.28210064867747064,PASS
ONGC,2022-03,10.03448374134344,16.259470815029538,18.995541477362497,20.937432009835145,16.0,0.2594708150295375,PASS
ONGC,2023-03,5.184005465837723,11.944974703103476,11.679440720905623,17.859220339463988,12.0,0.05502529689652391,PASS
ONGC,2024-03,9.655290194725701,17.388518015001793,16.940398136885513,20.975989850097196,17.0,0.38851801500179306,PASS
PFC,2013-03,25.63243617881483,34.578953448076696,18.741554054054056,3.669561699754218,35.0,0.421046551923304,PASS
PFC,2014-03,25.515018451908254,35.53510533937497,19.845941428675243,4.073643680684599,36.0,0.4648946606250277,PASS
PFC,2015-03,24.027533215943652,33.73219145189691,18.52457498997254,3.8277794428852987,34.0,0.2678085481030905,PASS
PFC,2016-03,22.19590108036323,32.88467750619145,17.164427667369825,3.8709186777529916,33.0,0.11532249380854864,PASS
PFC,2017-03,8.107030201950618,19.125484935281534,6.068666033383091,2.199401262518867,19.0,0.12548493528153415,PASS
PFC,2018-03,18.091888779203686,24.169134583744654,22.08414921925993,2.4433194382361196,24.0,0.16913458374465407,PASS
PFC,2019-03,23.361549550881602,32.866964846782246,26.824558052672902,3.03149116362006,33.0,0.1330351532177545,PASS
PFC,2020-03,15.23902941034588,22.53131582755793,19.18421052631579,2.169171203834287,23.0,0.46868417244207095,PASS
PFC,2021-03,21.932566707602994,27.731104164340735,25.86272154294272,2.7581411036728487,28.0,0.268895835659265,PASS
PFC,2022-03,24.60989745876059,30.602396999816424,26.18449690272895,3.1875894622974466,31.0,0.39760300018357597,PASS
PFC,2023-03,27.263014262911284,34.11384583698059,25.165759642577058,3.172571817132678,34.0,0.11384583698058748,PASS
PFC,2024-03,28.916597455960137,36.68859553263103,26.1609340860332,3.4859018926226346,37.0,0.3114044673689733,PASS
PIDILITIND,2013-03,11.52800435019032,15.171288743882544,25.681405208964264,31.66855845629966,15.0,0.17128874388254367,PASS
PIDILITIND,2014-03,10.506654214335747,15.689936960074713,23.05327868852459,33.633633633633636,16.0,0.3100630399252875,PASS
PIDILITIND,2015-03,10.611065235342693,15.91659785301404,22.643171806167402,33.118556701030926,16.0,0.08340214698596071,PASS
PIDILITIND,2016-03,15.05316172355904,21.88024622271964,30.591357088703564,43.15673289183223,22.0,0.11975377728035852,PASS
PIDILITIND,2017-03,15.364073348762686,22.467509346626315,24.863151829443964,35.360044830484725,22.0,0.46750934662631494,PASS
PIDILITIND,2018-03,15.893385982230997,22.063178677196447,27.028539451594852,36.25304136253041,22.0,0.0631786771964471,PASS
PIDILITIND,2019-03,13.111048318734106,19.369878496750495,22.372227579556416,32.17554564656184,19.0,0.3698784967504949,PASS
PIDILITIND,2020-03,15.382506169454347,21.606800109679188,25.179533213644522,33.22091062394604,22.0,0.3931998903208118,PASS
PIDILITIND,2021-03,15.439462498286026,23.118058412176058,20.132308242445916,28.460499662390276,23.0,0.11805841217605817,PASS
PIDILITIND,2022-03,12.166112287067836,18.707791553270837,18.847595252966894,27.21407624633431,19.0,0.2922084467291626,PASS
PIDILITIND,2023-03,10.924654631748453,16.831934909738113,17.872989462007766,26.121267920557674,17.0,0.1680650902618872,PASS
PIDILITIND,2024-03,14.108051360736493,21.868690947266415,20.780302129178065,30.81124132438275,22.0,0.1313090527335845,PASS
PNB,2013-03,11.655174014998492,,812.2977346278317,,,,MISSING
PNB,2014-03,8.172071711375061,,393.3618843683083,,,,MISSING
PNB,2015-03,7.236707041675221,,223.2425585813806,,,,MISSING
PNB,2016-03,-6.908904810644831,,-163.56011183597388,,,,MISSING
PNB,2017-03,2.578134753839111,,22.212262459662963,,,,MISSING
PNB,2018-03,-24.855823499230375,,-184.36596133353632,,,,MISSING
PNB,2019-03,-18.31361343893225,,-128.4465366509751,,,,MISSING
PNB,2020-03,0.883134855602899,,6.1029319239964765,,,,MISSING
PNB,2021-03,3.289192652712516,,30.393594225780983,,,,MISSING
PNB,2022-03,5.125783688780462,,39.87348229772472,,,,MISSING
PNB,2023-03,3.8678104669238302,,30.667397060166163,,,,MISSING
PNB,2024-03,8.395910695456838,,61.320565191187306,,,,MISSING
POWERGRID,2013-03,32.97148536044645,82.84534821496827,16.3352649320153,11.331506963904806,83.0,0.1546517850317315,PASS
POWERGRID,2014-03,29.238187078109934,83.36226293796207,13.107383710876707,10.904152441177954,83.0,0.3622629379620719,PASS
POWERGRID,2015-03,28.76852907639681,85.10262257696694,13.127292593459766,11.083143998455622,85.0,0.10262257696693666,PASS
POWERGRID,2016-03,28.854348247143136,88.04958357544064,13.552422105981352,11.922761695570927,88.0,0.04958357544063574,PASS
POWERGRID,2017-03,28.995602599525238,87.36428376853328,14.94204467974171,13.295509730299548,87.0,0.3642837685332836,PASS
POWERGRID,2018-03,27.388662616011217,86.66955999198771,15.073678021533826,13.962856789419616,87.0,0.3304400080122889,PASS
POWERGRID,2019-03,28.62032573661542,76.78484839841411,16.981164006837144,13.10198817316818,77.0,0.21515160158588742,PASS
POWERGRID,2020-03,29.300021195421788,87.12908011869436,17.0937925064919,15.44190152418696,87.0,0.1290801186943611,PASS
POWERGRID,2021-03,30.363269424823407,88.05751765893038,17.210020590253947,16.374878030473617,88.0,0.05751765893037941,PASS
POWERGRID,2022-03,40.420931238287444,86.07467204843591,22.065130431361236,16.98373494261483,86.0,0.07467204843591446,PASS
POWERGRID,2023-03,33.81356489704624,86.78376422603776,18.57249536289837,18.702329757572894,87.0,0.21623577396223936,PASS
POWERGRID,2024-03,33.97028990249329,86.87476823070044,17.870011245496066,18.905165620757423,87.0,0.12523176929956037,PASS
RECLTD,2013-03,28.113539680211236,97.33020390200969,21.86537364517969,10.591258819397886,97.0,0.33020390200968563,PASS
RECLTD,2014-03,27.527143935435173,96.67305347500435,22.789982214103734,11.32838014369693,97.0,0.32694652499564825,PASS
RECLTD,2015-03,26.012461059190027,94.4071261682243,21.31461391193363,11.016694026162874,94.0,0.4071261682242948,PASS
RECLTD,2016-03,23.589637305699483,93.03626943005182,19.69681237670024,11.329850331894702,93.0,0.03626943005181715,PASS
RECLTD,2017-03,25.938861040348428,92.2425836141014,18.749071901636423,11.140167623546692,92.0,0.24258361410140594,PASS
RECLTD,2018-03,19.644275752493602,85.08694500838556,13.658401865717442,8.13614399358528,85.0,0.08694500838555541,PASS
RECLTD,2019-03,22.59524559193955,93.29738664987406,16.618421814392402,8.502663247188796,93.0,0.2973866498740563,PASS
RECLTD,2020-03,16.605437178545188,86.70429497027587,14.046388111986891,8.070292148243938,87.0,0.2957050297241324,PASS
RECLTD,2021-03,23.562167786933657,90.74162612143881,19.143588337446303,8.638854899902809,91.0,0.2583738785611871,PASS
RECLTD,2022-03,25.55250025460841,87.68204501476728,19.558015356432943,8.959899260323086,88.0,0.31795498523271704,PASS
RECLTD,2023-03,28.28090968951021,95.29453477181787,19.213695801789402,8.573055979585792,95.0,0.29453477181786525,PASS
RECLTD,2024-03,29.7682934528695,100.7702506471368,20.39653929343908,9.29915054435852,101.0,0.22974935286319464,PASS
RELIANCE,2013-03,5.274815194579209,8.373383978563329,11.472357254675785,11.461451772368065,8.0,0.3733839785633286,PASS
RELIANCE,2014-03,5.2011321250873666,8.058433155487277,11.348502921680835,10.352706194732225,8.0,0.05843315548727723,PASS
RELIANCE,2015-03,6.314574807945039,10.003151945124102,10.81927148408002,9.682999353587588,10.0,0.00315194512410244,PASS
RELIANCE,2016-03,10.954828437576811,15.327808410649233,12.895800583876039,9.801534238862693,15.0,0.32780841064923294,PASS
RELIANCE,2017-03,9.81497200234246,15.234871066016566,11.31284863239404,9.623553567865931,15.0,0.2348710660165665,PASS
RELIANCE,2018-03,9.231800584919515,16.456298631349743,12.292764032081116,12.05870827544441,16.0,0.4562986313497426,PASS
RELIANCE,2019-03,7.00939759332931,14.823951282425742,10.290820227737708,12.125337854369295,15.0,0.17604871757425755,PASS
RELIANCE,2020-03,6.683660728800578,14.960472884080051,8.878677370949715,11.098608850688613,15.0,0.03952711591994884,PASS
RELIANCE,2021-03,11.524382005845935,17.32549586431257,7.675114114817502,8.251168890059992,17.0,0.3254958643125683,PASS
RELIANCE,2022-03,9.76646566082171,15.630519683361813,8.703823678454365,9.883192265367367,16.0,0.36948031663818703,PASS
RELIANCE,2023-03,8.45371270521545,16.239006111392566,10.349336194179966,12.189602718888326,16.0,0.2390061113925661,PASS
RELIANCE,2024-03,8.789365557299389,18.07459281612296,9.958650553699458,12.974182257168223,18.0,0.07459281612295854,PASS
SBILIFE,2013-03,4.236718224613315,2.8715534633490245,23.026315789473685,15.60672514619883,3.0,0.1284465366509755,PASS
SBILIFE,2014-03,4.218333526480473,2.9609456483949472,21.69249106078665,15.226460071513706,3.0,0.03905435160505277,PASS
SBILIFE,2015-03,3.4830548314030514,3.3933074062994146,20.09368836291913,19.57593688362919,3.0,0.39330740629941463,PASS
SBILIFE,2016-03,4.367625750362244,4.760919064375906,17.832241707162478,19.437988590745828,5.0,0.23908093562409416,PASS
SBILIFE,2017-03,3.1262275762734055,3.496137226659683,17.201008645533143,19.236311239193082,4.0,0.5038627733403169,PASS
SBILIFE,2018-03,3.3756017377010687,3.9098274040154988,17.61642156862745,20.40441176470588,4.0,0.09017259598450122,PASS
SBILIFE,2019-03,2.9750695004932295,3.304636355483813,17.51583949313622,19.456177402323124,3.0,0.30463635548381296,PASS
SBILIFE,2020-03,3.246723594684689,3.0846157358783506,16.264440123527393,15.452361889511609,3.0,0.08461573587835058,PASS
SBILIFE,2021-03,1.7774956356133946,1.0645440894607694,14.000000000000002,8.384615384615385,1.0,0.0645440894607694,PASS
SBILIFE,2022-03,1.8148295434004555,0.8796982514490921,12.958182756840475,6.281190844949235,1.0,0.12030174855090792,PASS
SBILIFE,2023-03,2.1342824544868297,0.15129718736048417,13.220156706099248,0.937163926870487,0.0,0.15129718736048417,PASS
SBILIFE,2024-03,1.4349789374791648,0.18638058005273206,12.704588140595655,1.650120740541991,0.0,0.18638058005273206,PASS
SBIN,2013-03,11.046220888698386,-3.0504357765395054,,,-3.0,0.05043577653950537,PASS
SBIN,2014-03,7.831822365150057,-7.729739450550613,,,-8.0,0.2702605494493868,PASS
SBIN,2015-03,8.574148691663382,-10.520065008126016,,,-11.0,0.4799349918739839,PASS
SBIN,2016-03,5.900749207960731,-14.684566678602023,,,-15.0,0.3154333213979772,PASS
SBIN,2017-03,-0.042092107946729615,-27.917048171596942,,,-28.0,0.0829518284030577,PASS
SBIN,2018-03,-1.6373324016246669,-37.86391230292178,,,-38.0,0.13608769707821722,PASS
SBIN,2019-03,1.322822336788751,-27.099501819818254,,,-27.0,0.09950181981825423,PASS
SBIN,2020-03,7.833923780442613,-23.78377777448379,,,-24.0,0.2162222255162085,PASS
SBIN,2021-03,8.589252647286195,-25.426532189921435,,,-25.0,0.42653218992143493,PASS
SBIN,2022-03,12.822917995813404,-21.92273073699965,,,-22.0,0.07726926300034975,PASS
SBIN,2023-03,16.460260228876,-12.381250979777395,,,-12.0,0.38125097977739486,PASS
SBIN,2024-03,15.83441297482405,-13.729168991026642,,,-14.0,0.2708310089733583,PASS
SHREECEM,2013-06,18.530823181985973,28.811369509043928,26.11862643080125,30.416991426344502,29.0,0.1886304909560721,PASS
SHREECEM,2014-06,13.770778652668417,24.32195975503062,16.705582678836763,23.515479614278465,24.0,0.321959755030619,PASS
SHREECEM,2015-06,6.806199073334398,21.47307876657613,8.074298711144806,21.701921524301632,21.0,0.4730787665761298,PASS
SHREECEM,2017-03,15.580637654177332,29.24133116127531,17.394128345024683,27.95017239461684,29.0,0.2413311612753084,PASS
SHREECEM,2018-03,14.075053391640393,25.15000508491813,15.55580532763853,20.10569105691057,25.0,0.15000508491813136,PASS
SHREECEM,2019-03,8.084428514536041,22.277976901632815,10.495295212490953,22.422639089305758,22.0,0.2779769016328153,PASS
SHREECEM,2020-03,11.998756605533105,29.305253341622628,11.72450451818665,23.113699049954032,29.0,0.3052533416226275,PASS
SHREECEM,2021-03,17.234513274336283,30.169616519174042,15.17828148340586,23.20871390480513,30.0,0.16961651917404197,PASS
SHREECEM,2022-03,8.454363757495004,24.716855429713526,7.268041237113403,18.939200571749453,25.0,0.2831445702864741,PASS
SHREECEM,2023-03,13.270221823885278,16.580775263275825,12.711955355226442,13.857029165301249,17.0,0.4192247367241748,PASS
SHREECEM,2024-03,8.445007553238145,22.01647093221578,8.370767521615225,20.206628203408023,22.0,0.016470932215778333,PASS
SHRIRAMFIN,2013-03,20.873163076045085,31.088600370951635,19.937312619242302,5.350653177487477,31.0,0.0886003709516352,PASS
SHRIRAMFIN,2014-03,16.021708352996697,23.58423784804153,15.957696827262044,4.240560033941451,24.0,0.41576215195847155,PASS
SHRIRAMFIN,2015-03,11.201917838073443,18.426501035196686,11.094323332613858,3.0217472882900593,18.0,0.4265010351966865,PASS
SHRIRAMFIN,2016-03,11.429674679023073,17.607877208224732,11.635220125786164,3.0417236433979253,18.0,0.3921227917752681,PASS
SHRIRAMFIN,2017-03,11.611483078051913,18.08676511052004,11.17190257677374,3.0615413277029124,18.0,0.08676511052004088,PASS
SHRIRAMFIN,2018-03,18.878684639312695,28.181010220708043,18.619430241051862,3.9709458260715293,28.0,0.18101022070804262,PASS
SHRIRAMFIN,2019-03,16.580844490216272,24.465756951596294,16.13731754682704,3.6591353235076096,24.0,0.46575695159629404,PASS
SHRIRAMFIN,2020-03,15.168166173540246,21.526477869693856,13.84632344835189,3.1583050577176928,22.0,0.47352213030614365,PASS
SHRIRAMFIN,2021-03,14.343932958328551,19.527034783606933,11.50711424229866,2.652362723466627,20.0,0.4729652163930673,PASS
SHRIRAMFIN,2022-03,14.131394443001819,19.03921059465074,10.427284920482851,2.601088398691651,19.0,0.03921059465073995,PASS
SHRIRAMFIN,2023-03,19.742883379247015,28.856749311294767,13.835263835263836,4.236113117074439,29.0,0.1432506887052334,PASS
SHRIRAMFIN,2024-03,20.333626470264925,28.918874354182698,15.116350338120824,4.304889074344531,29.0,0.08112564581730197,PASS
SIEMENS,2011-09,7.26056043496445,9.795064826432455,22.746331236897273,30.686582809224316,10.0,0.2049351735675451,PASS
SIEMENS,2014-09,5.6471249297621275,1.1144409065368046,13.782857142857145,2.7199999999999998,1.0,0.11444090653680461,PASS
SIEMENS,2015-09,11.114266780270757,9.448073463978037,22.94313074066836,19.40879035394788,9.0,0.44807346397803727,PASS
SIEMENS,2016-09,26.889360524130296,9.421426594075852,42.83404380420402,14.953134153485648,9.0,0.4214265940758519,PASS
SIEMENS,2017-09,10.275643922277451,9.543605964753727,14.785435630689205,13.732119635890767,10.0,0.456394035246273,PASS
SIEMENS,2018-09,7.041813208284486,10.371238765142634,10.85672972647307,15.98987829859019,10.0,0.37123876514263365,PASS
SIEMENS,2019-09,8.399571996331396,11.38795475389789,12.144988396507902,16.465907835119904,11.0,0.38795475389789047,PASS
SIEMENS,2020-09,7.7317514578725115,10.08445606273879,8.1015592077539,10.566793088916983,10.0,0.08445606273878958,PASS
SIEMENS,2021-09,8.25125018942264,11.001666919230187,10.52478979414323,14.027630180658873,11.0,0.001666919230187247,PASS
SIEMENS,2022-09,9.561283926137069,11.525591770975337,13.290267011197244,15.773405698778834,12.0,0.47440822902466273,PASS
SIEMENS,2023-09,10.03375268487266,12.718625345197914,14.991976770841292,18.752827627808777,13.0,0.2813746548020859,PASS
SIEMENS,2024-09,12.221223021582734,13.956834532374101,17.698769290877124,19.85162445638271,14.0,0.04316546762589901,PASS
SUNPHARMA,2013-03,31.165214266463032,42.979067469230074,23.142094729819878,31.37049180327869,43.0,0.02093253076992596,PASS
SUNPHARMA,2014-03,24.12313432835821,43.55099502487562,20.939271255060728,33.21160959878593,44.0,0.44900497512438164,PASS
SUNPHARMA,2015-03,19.99123831775701,28.818633177570092,21.358920352601608,22.792631518161343,29.0,0.18136682242990787,PASS
SUNPHARMA,2016-03,19.861691297784954,28.693790149892934,17.154291604766094,19.705882352941178,29.0,0.3062098501070665,PASS
SUNPHARMA,2017-03,24.846412059028438,31.99062638545823,21.413755458515286,21.737820623170943,32.0,0.00937361454176866,PASS
SUNPHARMA,2018-03,9.596436256559326,21.257880629695343,6.634650519392389,11.562865767264215,21.0,0.2578806296953431,PASS
SUNPHARMA,2019-03,11.036950388770386,21.939723388151105,7.747108116593012,12.281647824663445,22.0,0.0602766118488951,PASS
SUNPHARMA,2020-03,12.704793227358548,21.264997868323285,9.216834198608197,13.03284807764091,21.0,0.26499786832328454,PASS
SUNPHARMA,2021-03,6.782494477282226,25.285091647262526,4.889912403417773,16.82826035126758,25.0,0.2850916472625258,PASS
SUNPHARMA,2022-03,8.767527293423708,26.538003828840484,7.0587990252233865,20.806880184986106,27.0,0.46199617115951597,PASS
SUNPHARMA,2023-03,19.39798569019733,26.546051132479608,15.20314313778016,18.527059048043128,27.0,0.453948867520392,PASS
SUNPHARMA,2024-03,19.815658700538176,26.84289749881436,15.094161810671148,19.446975695015013,28.0,1.1571025011856406,MISMATCH
TATACONSUM,2013-03,6.0535981499115765,10.474765338049245,9.251559251559252,12.421358283594127,10.0,0.47476533804924514,PASS
TATACONSUM,2014-03,6.590850348927371,9.7182734556733,8.719439220379552,10.319747495540003,10.0,0.2817265443267001,PASS
TATACONSUM,2015-03,3.415488552483423,9.908670086325534,4.96996176952485,11.61801378905677,10.0,0.09132991367446586,PASS
TATACONSUM,2016-03,-0.5574807895133344,5.514539701672443,-0.5922842964623019,4.815155900539403,6.0,0.4854602983275571,PASS
TATACONSUM,2017-03,6.710914454277287,11.666666666666666,7.262569832402235,11.216676120249575,12.0,0.3333333333333339,PASS
TATACONSUM,2018-03,8.158473954512106,12.311078503301541,7.907836723083488,10.359303617730584,12.0,0.3110785033015411,PASS
TATACONSUM,2019-03,6.301709873138445,10.83838940981798,6.232951445717403,9.276525433730674,11.0,0.16161059018202018,PASS
TATACONSUM,2020-03,4.77326968973747,13.406661824219155,3.329714078899747,8.389065645087982,13.0,0.40666182421915487,PASS
TATACONSUM,2021-03,8.015859334597483,13.308050336148941,6.398789046374019,9.549727857496288,13.0,0.3080503361489413,PASS
TATACONSUM,2022-03,8.169014084507042,13.835010060362174,6.703209615638621,10.384197172888728,14.0,0.1649899396378256,PASS
TATACONSUM,2023-03,9.577015163607342,13.465863745193355,8.109602506604412,10.38205515466801,13.0,0.4658637451933547,PASS
TATACONSUM,2024-03,7.9902669998684726,15.020386689464685,7.566793298872766,11.692433705334288,15.0,0.020386689464684693,PASS
TATAMOTORS,2013-03,5.284094219595007,13.02802540348424,26.505832026994714,26.924129475769814,13.0,0.02802540348423932,PASS
TATAMOTORS,2014-03,6.034342063444342,14.96903373218688,21.416377050179864,27.607211317586298,15.0,0.030966267813120396,PASS
TATAMOTORS,2015-03,5.347717539586334,14.910757374819026,25.013330489495573,30.21359492423309,15.0,0.08924262518097414,PASS
TATAMOTORS,2016-03,4.276935021937695,14.061733187814507,14.791265579086026,25.88799287987486,14.0,0.06173318781450732,PASS
TATAMOTORS,2017-03,2.8020749518897414,10.971363735803303,13.015397333884469,21.650593417528867,11.0,0.02863626419669707,PASS
TATAMOTORS,2018-03,3.1181615503344196,10.789915966386554,9.526554051221863,17.06168848778054,11.0,0.2100840336134464,PASS
TATAMOTORS,2019-03,-9.513211321529585,8.16856440726242,-47.73093604081158,14.826213977421643,8.0,0.16856440726241928,PASS
TATAMOTORS,2020-03,-4.586927543781696,6.889775843841452,-18.984131010320393,9.574326518228322,7.0,0.11022415615854797,PASS
TATAMOTORS,2021-03,-5.362397165675854,12.92539882703817,-24.245660397849658,16.357952760692683,13.0,0.07460117296182922,PASS
TATAMOTORS,2022-03,-4.061353042154179,8.877588398801956,-25.378694374004173,12.941730799434584,9.0,0.12241160119804384,PASS
TATAMOTORS,2023-03,0.7775308049611668,9.196252821800924,5.935307356250828,17.73121185944771,9.0,0.19625282180092363,PASS
TATAMOTORS,2024-03,7.263066074788551,13.595385542828959,37.45613415294755,30.98033093974399,14.0,0.40461445717104105,PASS
TATAPOWER,2013-03,0.37073876480694457,16.864092594267113,0.9971625456019456,11.141645259573451,17.0,0.13590740573288684,PASS
TATAPOWER,2014-03,0.033588982813637126,19.35845042825953,0.0967663898072736,13.15479134172785,19.0,0.35845042825953044,PASS
TATAPOWER,2015-03,1.3604024647992141,18.756883874616737,3.1917865623690456,11.47200728265817,19.0,0.24311612538326344,PASS
TATAPOWER,2016-03,2.664948803146403,7.137044822675799,6.7566405914209575,4.169803098133988,7.0,0.13704482267579898,PASS
TATAPOWER,2017-03,3.9872408293460926,19.838335508191967,8.32450431360678,8.823292331006465,20.0,0.16166449180803255,PASS
TATAPOWER,2018-03,9.728017883755587,8.550670640834575,15.921702542837979,3.5314211854496214,9.0,0.44932935916542505,PASS
TATAPOWER,2019-03,8.721261001974499,10.27408721261002,14.236547391423107,4.595051713041266,10.0,0.27408721261002,PASS
TATAPOWER,2020-03,4.516749038989566,23.355985722130697,6.725953184094859,9.517216301641913,23.0,0.355985722130697,PASS
TATAPOWER,2021-03,4.400207931994006,21.163196037060818,6.446266182860727,10.02593037910504,21.0,0.16319603706081764,PASS
TATAPOWER,2022-03,5.035500747384155,16.421431240657697,9.606986899563319,9.548189089723916,16.0,0.42143124065769655,PASS
TATAPOWER,2023-03,6.913571285996843,14.023117821045563,13.234681117132139,9.457722950398354,14.0,0.023117821045563147,PASS
TATAPOWER,2024-03,6.965125551270159,17.469771680580646,13.227840276919272,12.476029984310536,17.0,0.4697716805806458,PASS
TATASTEEL,2013-03,-5.398182789951898,2.943316111408041,-21.280580592297788,3.8607219014420506,3.0,0.056683888591959164,PASS
TATASTEEL,2014-03,2.466120284764558,10.889956531686112,9.042238231520773,13.24809063449055,11.0,0.11004346831388823,PASS
TATASTEEL,2015-03,-2.8235749512558783,2.4436575295332035,-12.564994098695333,3.0423917893797414,2.0,0.4436575295332035,PASS
TATASTEEL,2016-03,-0.4874221546609131,-0.6129554258814298,-1.136467575230952,-0.4971404481422856,-1.0,0.3870445741185702,PASS
TATASTEEL,2017-03,-3.712410618082084,11.704467537555988,-11.023559586451254,10.87782311123617,12.0,0.29553246244401166,PASS
TATASTEEL,2018-03,14.396060008600475,17.38999910749783,29.148527213287117,14.006848867453503,17.0,0.38999910749782885,PASS
TATASTEEL,2019-03,5.785538057576315,18.59465081912107,13.234675371780922,17.272197053157456,19.0,0.4053491808789289,PASS
TATASTEEL,2020-03,0.8396689959017859,12.489897508886616,1.5956290094596066,9.19569887943382,12.0,0.48989750888661554,PASS
TATASTEEL,2021-03,5.240124380974318,19.517063994779072,11.031937391398053,18.74400884846995,20.0,0.48293600522092817,PASS
TATASTEEL,2022-03,17.113121467131773,26.02486483384503,36.48016916718366,33.41508599818951,26.0,0.024864833845029466,PASS
TATASTEEL,2023-03,3.3182249653795104,13.272899861518042,7.833569391358336,17.183136055326507,13.0,0.2728998615180416,PASS
TATASTEEL,2024-03,-2.1425049417247384,9.70803461170916,-5.334926929972293,12.42093156986774,10.0,0.2919653882908406,PASS
TCS,2013-03,22.346758957913288,28.639921256092332,36.51740777253152,46.40156386645404,29.0,0.3600787439076676,PASS
TCS,2014-03,23.630651884267014,30.746005940666677,39.29667649151337,50.82235512810151,31.0,0.25399405933332275,PASS
TCS,2015-03,21.194320006761895,25.866368016228552,39.616865804285574,48.0105112466417,26.0,0.1336319837714477,PASS
TCS,2016-03,22.401192864900686,28.2357380851573,34.2441467807294,43.01498941346383,28.0,0.2357380851573012,PASS
TCS,2017-03,22.342878456504415,27.390095451231712,30.571600900085834,37.35246176433187,27.0,0.3900954512317121,PASS
TCS,2018-03,21.02287496750715,26.41343904341045,30.401278075368854,38.08609077598828,26.0,0.4134390434104489,PASS
TCS,2019-03,21.549469831971216,26.973365286795982,35.28609440332715,44.136836930777136,27.0,0.026634713204018112,PASS
TCS,2020-03,20.673594607165384,26.829734499741953,38.56952666238737,45.62188515709643,27.0,0.1702655002580471,PASS
TCS,2021-03,19.833472410873632,28.351108864213625,37.67311096456215,49.39720677505625,28.0,0.3511088642136251,PASS
TCS,2022-03,20.051211448001087,27.669305464292794,43.13375739014349,54.72219643759605,28.0,0.33069453570720597,PASS
TCS,2023-03,18.763139919630266,26.283831134845514,46.7829337344068,60.39933953033268,26.0,0.2838311348455136,PASS
TCS,2024-03,19.136712150207767,26.690688396923118,50.944313673485176,65.26850065983149,27.0,0.3093116030768819,PASS
TECHM,2013-03,19.01644114651535,20.689655172413794,24.087725764835973,20.893329415221864,21.0,0.3103448275862064,PASS
TECHM,2014-03,16.28550154238911,22.189128816083397,33.34785449793073,43.708748035620744,22.0,0.1891288160833966,PASS
TECHM,2015-03,11.754564342867248,18.535873745634586,21.70966688438929,32.3833796725363,19.0,0.4641262543654143,PASS
TECHM,2016-03,11.425228353589493,16.0791122518306,20.745665136042764,27.164902435913785,16.0,0.07911225183060111,PASS
TECHM,2017-03,9.783466593459387,14.357777701520194,17.34501429701284,23.50165702409706,14.0,0.3577777015201935,PASS
TECHM,2018-03,12.302992883371786,15.305625060930037,20.092341983760548,22.175141242937855,15.0,0.30562506093003705,PASS
TECHM,2019-03,12.345288123884636,18.050198606873526,21.143702243036728,28.14505632601768,18.0,0.05019860687352562,PASS
TECHM,2020-03,10.570142128675274,14.926223283063903,17.865493054600467,21.594788682651178,15.0,0.07377671693609678,PASS
TECHM,2021-03,11.499141460837405,17.952714304583278,17.506535290569072,24.47597781459339,18.0,0.04728569541672201,PASS
TECHM,2022-03,12.610312234018725,17.963535367110158,20.940266309603512,27.182754880694144,18.0,0.03646463288984236,PASS
TECHM,2023-03,9.11428035278664,14.567461062112965,17.3936398796734,25.316331854943908,15.0,0.4325389378870348,PASS
TECHM,2024-03,4.60996999769213,8.666051234710363,8.987963553189097,15.428336643155516,9.0,0.33394876528963735,PASS
TITAN,2013-03,7.161908525140769,10.01679344067964,36.80203045685279,51.47208121827411,10.0,0.01679344067964017,PASS
TITAN,2014-03,6.726457399103139,9.581769927702021,29.131985731272298,31.44144144144144,10.0,0.4182300722979786,PASS
TITAN,2015-03,6.849660035255603,9.678502476286411,26.459143968871597,36.212311557788944,10.0,0.32149752371358886,PASS
TITAN,2016-03,5.9861653068464,8.32742107130188,19.24721984602224,25.939226519337016,8.0,0.32742107130187925,PASS
TITAN,2017-03,5.256013875273358,8.777618580800844,16.46586345381526,19.03515944399019,9.0,0.22238141919915577,PASS
TITAN,2018-03,6.836228287841191,10.198511166253102,21.650294695481335,24.244211768175784,10.0,0.19851116625310183,PASS
TITAN,2019-03,7.022599726983164,10.081399464078062,22.8830313014827,23.56138485170743,10.0,0.08139946407806242,PASS
TITAN,2020-03,7.091962758882767,11.69960098802964,22.38716449242765,24.073893070081127,12.0,0.30039901197035945,PASS
TITAN,2021-03,4.500092404361486,7.969876178155609,12.99186341203148,13.132851161020175,8.0,0.03012382184439133,PASS
TITAN,2022-03,7.632209451717073,11.611514288690579,23.6267870579383,20.1713113765231,12.0,0.38848571130942133,PASS
TITAN,2023-03,8.069008009858287,12.03203943314849,27.626360644671337,23.008766141954943,12.0,0.03203943314849056,PASS
TITAN,2024-03,6.843630099444054,10.359408033826638,37.2192057915469,21.23510292524377,10.0,0.35940803382663766,PASS
TORNTPHARM,2013-03,13.581017795816422,21.76084920387137,30.590717299578056,32.95508274231678,22.0,0.2391507961286301,PASS
TORNTPHARM,2014-03,15.915627996164908,22.890699904122723,34.8922753547031,31.466227347611202,23.0,0.10930009587727696,PASS
TORNTPHARM,2015-03,16.199309749784298,22.001725625539258,30.148534725010034,19.49913974383483,22.0,0.0017256255392581465,PASS
TORNTPHARM,2016-03,25.915956333183786,40.87034544638852,49.59931310818546,46.749914471433456,41.0,0.1296545536114806,PASS
TORNTPHARM,2017-03,16.059147180192575,23.676066024759283,21.466329579407034,20.069960647135986,24.0,0.3239339752407169,PASS
TORNTPHARM,2018-03,11.394957983193276,22.672268907563026,14.665801427644388,12.169598556608028,23.0,0.3277310924369736,PASS
TORNTPHARM,2019-03,5.682262478821843,25.843868108953473,9.227513227513228,18.42423116231534,26.0,0.15613189104652747,PASS
TORNTPHARM,2020-03,12.910945962967629,27.333417306965615,21.24792703150912,20.456259426847662,27.0,0.33341730696561456,PASS
TORNTPHARM,2021-03,15.640224859462837,30.98063710181137,21.44570058239123,23.15160567587752,31.0,0.019362898188628463,PASS
TORNTPHARM,2022-03,9.132581100141044,28.573107663375648,13.052242566773057,24.25421530479896,29.0,0.426892336624352,PASS
TORNTPHARM,2023-03,12.941787941787942,29.54261954261954,20.087124878993222,24.56989712112043,30.0,0.4573804573804594,PASS
TORNTPHARM,2024-03,15.436241610738255,31.3944817300522,24.154025670945156,30.961573818716676,31.0,0.394481730052199,PASS
TRENT,2013-03,-1.2664165103189493,0.23452157598499063,-2.1933387489845653,0.3176620076238882,0.0,0.23452157598499063,PASS
TRENT,2014-03,-0.8144020574367767,-0.42863266180882986,-1.917255297679112,-0.7558578987150416,0.0,0.42863266180882986,PASS
TRENT,2015-03,5.64798598949212,3.852889667250438,9.071729957805907,5.210183540556542,4.0,0.1471103327495622,PASS
TRENT,2016-03,3.262158956109134,5.338078291814947,3.7568306010928962,4.828326180257511,5.0,0.33807829181494675,PASS
TRENT,2017-03,4.690949227373068,7.39514348785872,5.4945054945054945,6.910778751933987,7.0,0.39514348785871967,PASS
TRENT,2018-03,4.033379694019471,9.643022716736208,5.454545454545454,10.473313192346426,10.0,0.35697728326379163,PASS
TRENT,2019-03,3.6121673003802277,9.163498098859316,5.771567436208992,11.261682242990654,9.0,0.163498098859316,PASS
TRENT,2020-03,3.040734366035571,15.174985656913368,4.438860971524288,19.680059523809522,15.0,0.17498565691336765,PASS
TRENT,2021-03,-6.980331662167373,4.3964519861164675,-7.825335062689148,4.3628013777267505,4.0,0.3964519861164675,PASS
TRENT,2022-03,0.7781236104935527,13.228101378390395,1.4805414551607445,8.393285371702639,13.0,0.22810137839039513,PASS
TRENT,2023-03,4.780393108468818,13.516136859985439,15.177195685670261,15.779036827195467,14.0,0.4838631400145612,PASS
TRENT,2024-03,11.935353535353535,15.927272727272726,36.30776794493609,33.86016148428105,16.0,0.07272727272727408,PASS
TVSMOTOR,2013-03,2.6364846870838883,5.832223701731025,22.024471635150167,22.267412302999492,6.0,0.16777629826897478,PASS
TVSMOTOR,2014-03,2.23043893129771,5.868320610687023,16.1068044788975,26.045526733721548,6.0,0.13167938931297662,PASS
TVSMOTOR,2015-03,3.1981279251170043,5.898985959438377,24.754716981132074,24.754500818330605,6.0,0.10101404056162266,PASS
TVSMOTOR,2016-03,3.7707655796782986,7.198734288476752,23.58438702583837,28.144329896907216,7.0,0.19873428847675179,PASS
TVSMOTOR,2017-03,4.084088903153334,6.988686512075744,22.95895354082093,24.688208616780045,7.0,0.011313487924256016,PASS
TVSMOTOR,2018-03,4.069767441860465,9.614443084455324,24.8319641523525,16.3543618571726,10.0,0.38555691554467586,PASS
TVSMOTOR,2019-03,3.5962301587301586,10.729166666666666,22.863450015767896,17.347020611115564,11.0,0.2708333333333339,PASS
TVSMOTOR,2020-03,3.4325428404689906,12.011247281022866,19.70758452634785,15.221191340594325,12.0,0.011247281022866318,PASS
TVSMOTOR,2021-03,3.1306317903300553,11.49271407239586,15.88711784687745,13.94477071098338,11.0,0.4927140723958594,PASS
TVSMOTOR,2022-03,3.0014370765756517,11.311845616916443,16.613636363636363,13.620408365056608,11.0,0.3118456169164432,PASS
TVSMOTOR,2023-03,4.093951335460061,12.594608119096767,23.77838328792007,14.443527850507515,13.0,0.40539188090323286,PASS
TVSMOTOR,2024-03,4.544641716694342,14.050325712096054,26.223466981132077,16.773406526379993,14.0,0.050325712096054076,PASS
