id,company_id,year,sales,expenses,operating_profit,opm_percentage,other_income,interest,depreciation,profit_before_tax,tax_percentage,net_profit,eps,dividend_payout,reject_rule,reject_reason,source_table,equity_capital,reserves,borrowings,other_liabilities,total_liabilities,fixed_assets,cwip,investments,other_asset,total_assets,operating_activity,investing_activity,financing_activity,net_cash_flow,compounded_sales_growth,compounded_profit_growth,stock_price_cagr,roe,Year,Annual_Report,pros,cons
1263,ULTRACEMCO,2013-03,20514.0,15674.0,4839.0,24.0,304.0,252.0,1023.0,3867.0,30.0,2688.0,98.0,9.0,DQ-03,company_id not found in companies,profitandloss,,,,,,,,,,,,,,,,,,,,,,
1264,ULTRACEMCO,2014-03,20730.0,16695.0,4035.0,19.0,322.0,361.0,1139.0,2858.0,23.0,2213.0,80.0,11.0,DQ-03,company_id not found in companies,profitandloss,,,,,,,,,,,,,,,,,,,,,,
1265,ULTRACEMCO,2015-03,23306.0,18881.0,4425.0,19.0,350.0,587.0,1203.0,2986.0,30.0,2102.0,76.0,12.0,DQ-03,company_id not found in companies,profitandloss,,,,,,,,,,,,,,,,,,,,,,
1266,ULTRACEMCO,2016-03,25153.0,20252.0,4901.0,19.0,464.0,566.0,1377.0,3421.0,28.0,2480.0,90.0,11.0,DQ-03,company_id not found in companies,profitandloss,,,,,,,,,,,,,,,,,,,,,,
1267,ULTRACEMCO,2017-03,25375.0,20162.0,5212.0,21.0,648.0,640.0,1348.0,3872.0,30.0,2714.0,99.0,10.0,DQ-03,company_id not found in companies,profitandloss,,,,,,,,,,,,,,,,,,,,,,
1268,ULTRACEMCO,2018-03,30979.0,24834.0,6145.0,20.0,242.0,1238.0,1848.0,3301.0,33.0,2224.0,81.0,13.0,DQ-03,company_id not found in companies,profitandloss,,,,,,,,,,,,,,,,,,,,,,
1269,ULTRACEMCO,2019-03,41462.0,34115.0,7347.0,18.0,350.0,1778.0,2451.0,3468.0,31.0,2400.0,88.0,13.0,DQ-03,company_id not found in companies,profitandloss,,,,,,,,,,,,,,,,,,,,,,
1270,ULTRACEMCO,2020-03,42430.0,33184.0,9246.0,22.0,651.0,1992.0,2723.0,5183.0,-11.0,5751.0,199.0,7.0,DQ-03,company_id not found in companies,profitandloss,,,,,,,,,,,,,,,,,,,,,,
1271,ULTRACEMCO,2021-03,44726.0,33158.0,11568.0,26.0,619.0,1486.0,2700.0,8001.0,32.0,5462.0,189.0,20.0,DQ-03,company_id not found in companies,profitandloss,,,,,,,,,,,,,,,,,,,,,,
1272,ULTRACEMCO,2022-03,52599.0,41084.0,11514.0,22.0,669.0,945.0,2715.0,8524.0,14.0,7334.0,254.0,15.0,DQ-03,company_id not found in companies,profitandloss,,,,,,,,,,,,,,,,,,,,,,
1273,ULTRACEMCO,2023-03,63240.0,52620.0,10620.0,17.0,507.0,823.0,2888.0,7416.0,32.0,5073.0,175.0,22.0,DQ-03,company_id not found in companies,profitandloss,,,,,,,,,,,,,,,,,,,,,,
1274,ULTRACEMCO,2024-03,70908.0,57940.0,12969.0,18.0,567.0,968.0,3145.0,9422.0,26.0,7004.0,243.0,29.0,DQ-03,company_id not found in companies,profitandloss,,,,,,,,,,,,,,,,,,,,,,
1275,ULTRACEMCO,PARSE_ERROR,71317.0,59261.0,12056.0,17.0,739.0,1216.0,3478.0,8101.0,,6252.0,216.0,,DQ-03,company_id not found in companies,profitandloss,,,,,,,,,,,,,,,,,,,,,,
1276,UNIONBANK,2013-03,25169.0,7268.0,325.0,1.0,2868.0,17575.0,156.0,3037.0,30.0,2146.0,36.0,22.0,DQ-03,company_id not found in companies,profitandloss,,,,,,,,,,,,,,,,,,,,,,
1277,UNIONBANK,2014-03,29394.0,8829.0,-902.0,-3.0,3141.0,21467.0,198.0,2040.0,18.0,1687.0,27.0,15.0,DQ-03,company_id not found in companies,profitandloss,,,,,,,,,,,,,,,,,,,,,,
1278,UNIONBANK,2015-03,32164.0,9498.0,-973.0,-3.0,3957.0,23640.0,225.0,2759.0,36.0,1771.0,28.0,22.0,DQ-03,company_id not found in companies,profitandloss,,,,,,,,,,,,,,,,,,,,,,
1279,UNIONBANK,2016-03,32316.0,10349.0,-1928.0,-6.0,3934.0,23894.0,249.0,1758.0,24.0,1347.0,20.0,10.0,DQ-03,company_id not found in companies,profitandloss,,,,,,,,,,,,,,,,,,,,,,
1280,UNIONBANK,2017-03,32817.0,13871.0,-4830.0,-15.0,5430.0,23771.0,241.0,359.0,-58.0,573.0,8.0,0.0,DQ-03,company_id not found in companies,profitandloss,,,,,,,,,,,,,,,,,,,,,,
1281,UNIONBANK,2018-03,32952.0,21181.0,-11700.0,-36.0,5462.0,23471.0,368.0,-6607.0,-21.0,-5212.0,-45.0,0.0,DQ-03,company_id not found in companies,profitandloss,,,,,,,,,,,,,,,,,,,,,,
1282,UNIONBANK,2019-03,34314.0,19019.0,-8601.0,-25.0,5042.0,23896.0,374.0,-3933.0,-25.0,-2922.0,-17.0,0.0,DQ-03,company_id not found in companies,profitandloss,,,,,,,,,,,,,,,,,,,,,,
1283,UNIONBANK,2020-03,37479.0,21166.0,-9523.0,-25.0,5789.0,25837.0,417.0,-4151.0,-27.0,-3121.0,-9.0,0.0,DQ-03,company_id not found in companies,profitandloss,,,,,,,,,,,,,,,,,,,,,,
1284,UNIONBANK,2021-03,69311.0,36270.0,-11071.0,-16.0,14307.0,44112.0,908.0,2327.0,-22.0,2863.0,4.0,0.0,DQ-03,company_id not found in companies,profitandloss,,,,,,,,,,,,,,,,,,,,,,
1285,UNIONBANK,2022-03,68230.0,32264.0,-4213.0,-6.0,13524.0,40178.0,745.0,8566.0,39.0,5265.0,8.0,25.0,DQ-03,company_id not found in companies,profitandloss,,,,,,,,,,,,,,,,,,,,,,
1286,UNIONBANK,2023-03,81163.0,36155.0,-3024.0,-4.0,15915.0,48033.0,745.0,12147.0,31.0,8512.0,12.0,24.0,DQ-03,company_id not found in companies,profitandloss,,,,,,,,,,,,,,,,,,,,,,
1287,UNIONBANK,2024-03,100376.0,32422.0,4590.0,5.0,17813.0,63364.0,895.0,21508.0,36.0,13797.0,18.0,20.0,DQ-03,company_id not found in companies,profitandloss,,,,,,,,,,,,,,,,,,,,,,
1288,UNIONBANK,PARSE_ERROR,107058.0,35514.0,2090.0,2.0,20440.0,69454.0,0.0,22530.0,,16344.0,21.0,,DQ-03,company_id not found in companies,profitandloss,,,,,,,,,,,,,,,,,,,,,,
1289,UNITDSPR,2013-03,10378.0,9287.0,1091.0,11.0,146.0,985.0,178.0,73.0,99.0,-105.0,-2.0,-31.0,DQ-03,company_id not found in companies,profitandloss,,,,,,,,,,,,,,,,,,,,,,
1290,UNITDSPR,2014-03,10508.0,13876.0,-3368.0,-32.0,681.0,1323.0,203.0,-4213.0,7.0,-4489.0,-62.0,0.0,DQ-03,company_id not found in companies,profitandloss,,,,,,,,,,,,,,,,,,,,,,
1291,UNITDSPR,2015-03,9254.0,9619.0,-366.0,-4.0,-360.0,687.0,223.0,-1635.0,3.0,-1687.0,-23.0,0.0,DQ-03,company_id not found in companies,profitandloss,,,,,,,,,,,,,,,,,,,,,,
1292,UNITDSPR,2016-03,8495.0,8162.0,333.0,4.0,648.0,457.0,157.0,366.0,61.0,143.0,2.0,0.0,DQ-03,company_id not found in companies,profitandloss,,,,,,,,,,,,,,,,,,,,,,
1293,UNITDSPR,2017-03,8818.0,7826.0,991.0,11.0,-265.0,375.0,189.0,163.0,43.0,93.0,1.0,0.0,DQ-03,company_id not found in companies,profitandloss,,,,,,,,,,,,,,,,,,,,,,
1294,UNITDSPR,2018-03,8591.0,7381.0,1209.0,14.0,172.0,278.0,192.0,912.0,28.0,652.0,9.0,0.0,DQ-03,company_id not found in companies,profitandloss,,,,,,,,,,,,,,,,,,,,,,
1295,UNITDSPR,2019-03,9341.0,7947.0,1394.0,15.0,70.0,237.0,215.0,1012.0,32.0,684.0,10.0,0.0,DQ-03,company_id not found in companies,profitandloss,,,,,,,,,,,,,,,,,,,,,,
1296,UNITDSPR,2020-03,9325.0,7756.0,1569.0,17.0,89.0,212.0,285.0,1160.0,47.0,621.0,9.0,0.0,DQ-03,company_id not found in companies,profitandloss,,,,,,,,,,,,,,,,,,,,,,
1297,UNITDSPR,2021-03,8131.0,7080.0,1051.0,13.0,-25.0,188.0,299.0,540.0,33.0,362.0,5.0,0.0,DQ-03,company_id not found in companies,profitandloss,,,,,,,,,,,,,,,,,,,,,,
1298,UNITDSPR,2022-03,9712.0,8117.0,1595.0,16.0,-117.0,88.0,304.0,1087.0,25.0,811.0,11.0,0.0,DQ-03,company_id not found in companies,profitandloss,,,,,,,,,,,,,,,,,,,,,,
1299,UNITDSPR,2023-03,10612.0,9195.0,1417.0,13.0,249.0,104.0,283.0,1279.0,12.0,1126.0,16.0,0.0,DQ-03,company_id not found in companies,profitandloss,,,,,,,,,,,,,,,,,,,,,,
1300,UNITDSPR,2024-03,11321.0,9321.0,2000.0,18.0,208.0,76.0,275.0,1857.0,24.0,1408.0,19.0,46.0,DQ-03,company_id not found in companies,profitandloss,,,,,,,,,,,,,,,,,,,,,,
1301,UNITDSPR,PARSE_ERROR,11821.0,9710.0,2111.0,18.0,176.0,96.0,286.0,1905.0,,1402.0,19.0,,DQ-03,company_id not found in companies,profitandloss,,,,,,,,,,,,,,,,,,,,,,
1302,VBL,2012-12,1800.0,1572.0,228.0,13.0,44.0,116.0,136.0,21.0,-20.0,25.0,2.0,0.0,DQ-03,company_id not found in companies,profitandloss,,,,,,,,,,,,,,,,,,,,,,
1303,VBL,2013-12,2115.0,1824.0,291.0,14.0,19.0,171.0,184.0,-46.0,-11.0,-40.0,0.0,0.0,DQ-03,company_id not found in companies,profitandloss,,,,,,,,,,,,,,,,,,,,,,
1304,VBL,2014-12,2502.0,2116.0,387.0,15.0,14.0,187.0,210.0,4.0,99.0,-20.0,0.0,0.0,DQ-03,company_id not found in companies,profitandloss,,,,,,,,,,,,,,,,,,,,,,
1305,VBL,2015-12,3394.0,2752.0,642.0,19.0,36.0,170.0,317.0,191.0,41.0,113.0,1.0,0.0,DQ-03,company_id not found in companies,profitandloss,,,,,,,,,,,,,,,,,,,,,,
1306,VBL,2016-12,3861.0,3052.0,810.0,21.0,27.0,435.0,322.0,79.0,39.0,48.0,0.0,0.0,DQ-03,company_id not found in companies,profitandloss,,,,,,,,,,,,,,,,,,,,,,
1307,VBL,2017-12,4004.0,3165.0,838.0,21.0,14.0,215.0,347.0,291.0,26.0,214.0,1.0,22.0,DQ-03,company_id not found in companies,profitandloss,,,,,,,,,,,,,,,,,,,,,,
1308,VBL,2018-12,5105.0,4069.0,1036.0,20.0,6.0,223.0,385.0,434.0,31.0,300.0,1.0,16.0,DQ-03,company_id not found in companies,profitandloss,,,,,,,,,,,,,,,,,,,,,,
1309,VBL,2019-12,7130.0,5667.0,1462.0,21.0,47.0,324.0,489.0,696.0,32.0,472.0,1.0,15.0,DQ-03,company_id not found in companies,profitandloss,,,,,,,,,,,,,,,,,,,,,,
1310,VBL,2020-12,6450.0,5235.0,1215.0,19.0,-30.0,294.0,529.0,363.0,1.0,357.0,1.0,22.0,DQ-03,company_id not found in companies,profitandloss,,,,,,,,,,,,,,,,,,,,,,
1311,VBL,2021-12,8823.0,7129.0,1694.0,19.0,51.0,207.0,531.0,1007.0,26.0,746.0,2.0,16.0,DQ-03,company_id not found in companies,profitandloss,,,,,,,,,,,,,,,,,,,,,,
1312,VBL,2022-12,13173.0,10310.0,2863.0,22.0,-18.0,204.0,617.0,2024.0,23.0,1550.0,5.0,15.0,DQ-03,company_id not found in companies,profitandloss,,,,,,,,,,,,,,,,,,,,,,
1313,VBL,2023-12,16043.0,12326.0,3717.0,23.0,-5.0,292.0,681.0,2739.0,23.0,2102.0,6.0,16.0,DQ-03,company_id not found in companies,profitandloss,,,,,,,,,,,,,,,,,,,,,,
1314,VBL,PARSE_ERROR,18987.0,14438.0,4549.0,24.0,86.0,415.0,853.0,3367.0,,2582.0,8.0,,DQ-03,company_id not found in companies,profitandloss,,,,,,,,,,,,,,,,,,,,,,
1315,VEDL,2013-03,2749.0,2283.0,465.0,17.0,33.0,475.0,197.0,-174.0,-25.0,2280.0,26.0,0.0,DQ-03,company_id not found in companies,profitandloss,,,,,,,,,,,,,,,,,,,,,,
1316,VEDL,2014-03,66152.0,46557.0,19595.0,30.0,1874.0,5094.0,6882.0,9493.0,-9.0,11421.0,21.0,15.0,DQ-03,company_id not found in companies,profitandloss,,,,,,,,,,,,,,,,,,,,,,
1317,VEDL,2015-03,73710.0,51595.0,22114.0,30.0,-19222.0,5659.0,7159.0,-9925.0,15.0,-11369.0,-53.0,-8.0,DQ-03,company_id not found in companies,profitandloss,,,,,,,,,,,,,,,,,,,,,,
1318,VEDL,2016-03,64262.0,82741.0,-18479.0,-29.0,4290.0,5778.0,8572.0,-28540.0,-37.0,-17862.0,-41.0,-8.0,DQ-03,company_id not found in companies,profitandloss,,,,,,,,,,,,,,,,,,,,,,
1319,VEDL,2017-03,72225.0,50849.0,21376.0,30.0,4423.0,5855.0,6292.0,13652.0,17.0,11316.0,23.0,83.0,DQ-03,company_id not found in companies,profitandloss,,,,,,,,,,,,,,,,,,,,,,
1320,VEDL,2018-03,91866.0,66989.0,24877.0,27.0,6087.0,5112.0,6283.0,19569.0,30.0,13692.0,28.0,76.0,DQ-03,company_id not found in companies,profitandloss,,,,,,,,,,,,,,,,,,,,,,
1321,VEDL,2019-03,92048.0,68877.0,23171.0,25.0,4270.0,5689.0,8192.0,13560.0,28.0,9698.0,19.0,99.0,DQ-03,company_id not found in companies,profitandloss,,,,,,,,,,,,,,,,,,,,,,
1322,VEDL,2020-03,84447.0,63704.0,20743.0,25.0,-14932.0,4977.0,9093.0,-8259.0,-43.0,-4744.0,-18.0,-22.0,DQ-03,company_id not found in companies,profitandloss,,,,,,,,,,,,,,,,,,,,,,
1323,VEDL,2021-03,88021.0,60703.0,27318.0,31.0,2743.0,5210.0,7638.0,17213.0,13.0,15032.0,31.0,30.0,DQ-03,company_id not found in companies,profitandloss,,,,,,,,,,,,,,,,,,,,,,
1324,VEDL,2022-03,132732.0,87908.0,44824.0,34.0,1832.0,4797.0,8895.0,32964.0,28.0,23710.0,51.0,89.0,DQ-03,company_id not found in companies,profitandloss,,,,,,,,,,,,,,,,,,,,,,
1325,VEDL,2023-03,147308.0,112877.0,34431.0,23.0,2625.0,6225.0,10555.0,20276.0,28.0,14503.0,28.0,357.0,DQ-03,company_id not found in companies,profitandloss,,,,,,,,,,,,,,,,,,,,,,
1326,VEDL,2024-03,143727.0,108415.0,35312.0,25.0,5239.0,9465.0,10723.0,20363.0,63.0,7539.0,11.0,259.0,DQ-03,company_id not found in companies,profitandloss,,,,,,,,,,,,,,,,,,,,,,
1327,VEDL,PARSE_ERROR,144448.0,107376.0,37072.0,26.0,5266.0,9721.0,10958.0,21659.0,,15841.0,30.0,,DQ-03,company_id not found in companies,profitandloss,,,,,,,,,,,,,,,,,,,,,,
1328,WIPRO,2013-03,37430.0,29773.0,7657.0,20.0,1440.0,289.0,940.0,7869.0,21.0,6182.0,5.0,28.0,DQ-03,company_id not found in companies,profitandloss,,,,,,,,,,,,,,,,,,,,,,
1329,WIPRO,2014-03,43424.0,33788.0,9635.0,22.0,1922.0,383.0,1060.0,10114.0,21.0,7991.0,6.0,25.0,DQ-03,company_id not found in companies,profitandloss,,,,,,,,,,,,,,,,,,,,,,
1330,WIPRO,2015-03,46951.0,36652.0,10299.0,22.0,2450.0,350.0,1175.0,11224.0,22.0,8714.0,7.0,34.0,DQ-03,company_id not found in companies,profitandloss,,,,,,,,,,,,,,,,,,,,,,
1331,WIPRO,2016-03,51244.0,40448.0,10796.0,21.0,2752.0,558.0,1496.0,11494.0,22.0,8957.0,7.0,17.0,DQ-03,company_id not found in companies,profitandloss,,,,,,,,,,,,,,,,,,,,,,
1332,WIPRO,2017-03,55448.0,44128.0,11321.0,20.0,2623.0,594.0,2310.0,11039.0,23.0,8518.0,7.0,6.0,DQ-03,company_id not found in companies,profitandloss,,,,,,,,,,,,,,,,,,,,,,
1333,WIPRO,2018-03,54487.0,44100.0,10387.0,19.0,2550.0,583.0,2112.0,10242.0,22.0,8003.0,7.0,6.0,DQ-03,company_id not found in companies,profitandloss,,,,,,,,,,,,,,,,,,,,,,
1334,WIPRO,2019-03,59019.0,47406.0,11613.0,20.0,2614.0,738.0,1947.0,11542.0,22.0,9018.0,7.0,7.0,DQ-03,company_id not found in companies,profitandloss,,,,,,,,,,,,,,,,,,,,,,
1335,WIPRO,2020-03,61138.0,48795.0,12342.0,20.0,2728.0,733.0,2086.0,12252.0,20.0,9772.0,9.0,6.0,DQ-03,company_id not found in companies,profitandloss,,,,,,,,,,,,,,,,,,,,,,
1336,WIPRO,2021-03,61935.0,47164.0,14771.0,24.0,2404.0,509.0,2763.0,13903.0,22.0,10868.0,10.0,5.0,DQ-03,company_id not found in companies,profitandloss,,,,,,,,,,,,,,,,,,,,,,
1337,WIPRO,2022-03,79312.0,62628.0,16684.0,21.0,2067.0,532.0,3078.0,15141.0,19.0,12243.0,11.0,27.0,DQ-03,company_id not found in companies,profitandloss,,,,,,,,,,,,,,,,,,,,,,
1338,WIPRO,2023-03,90488.0,73649.0,16839.0,19.0,2275.0,1008.0,3340.0,14766.0,23.0,11366.0,10.0,5.0,DQ-03,company_id not found in companies,profitandloss,,,,,,,,,,,,,,,,,,,,,,
1339,WIPRO,2024-03,89760.0,73008.0,16752.0,19.0,2631.0,1255.0,3407.0,14721.0,25.0,11112.0,11.0,5.0,DQ-03,company_id not found in companies,profitandloss,,,,,,,,,,,,,,,,,,,,,,
1340,WIPRO,PARSE_ERROR,88792.0,71019.0,17773.0,20.0,3349.0,1431.0,3077.0,16615.0,,12488.0,12.0,,DQ-03,company_id not found in companies,profitandloss,,,,,,,,,,,,,,,,,,,,,,
1341,ZOMATO,2018-03,466.0,558.0,-92.0,-20.0,21.0,6.0,29.0,-107.0,0.0,-107.0,-3070.0,0.0,DQ-03,company_id not found in companies,profitandloss,,,,,,,,,,,,,,,,,,,,,,
1342,ZOMATO,2019-03,1313.0,3556.0,-2243.0,-171.0,1285.0,9.0,43.0,-1010.0,0.0,-1010.0,-28574.0,0.0,DQ-03,company_id not found in companies,profitandloss,,,,,,,,,,,,,,,,,,,,,,
1343,ZOMATO,2020-03,2605.0,4909.0,-2305.0,-88.0,16.0,13.0,84.0,-2386.0,0.0,-2386.0,-70097.0,0.0,DQ-03,company_id not found in companies,profitandloss,,,,,,,,,,,,,,,,,,,,,,
1344,ZOMATO,2021-03,1994.0,2461.0,-467.0,-23.0,-200.0,10.0,138.0,-815.0,0.0,-816.0,-23124.0,0.0,DQ-03,company_id not found in companies,profitandloss,,,,,,,,,,,,,,,,,,,,,,
1345,ZOMATO,2022-03,4192.0,6043.0,-1851.0,-44.0,793.0,12.0,150.0,-1220.0,0.0,-1222.0,-2.0,0.0,DQ-03,company_id not found in companies,profitandloss,,,,,,,,,,,,,,,,,,,,,,
1346,ZOMATO,2023-03,7079.0,8290.0,-1211.0,-17.0,682.0,49.0,437.0,-1015.0,-4.0,-971.0,-1.0,0.0,DQ-03,company_id not found in companies,profitandloss,,,,,,,,,,,,,,,,,,,,,,
1347,ZOMATO,2024-03,12114.0,12071.0,43.0,0.0,846.0,72.0,526.0,291.0,-21.0,351.0,0.0,0.0,DQ-03,company_id not found in companies,profitandloss,,,,,,,,,,,,,,,,,,,,,,
1348,ZOMATO,PARSE_ERROR,17972.0,17321.0,651.0,4.0,944.0,118.0,716.0,761.0,,663.0,1.0,,DQ-03,company_id not found in companies,profitandloss,,,,,,,,,,,,,,,,,,,,,,
1349,ZYDUSLIFE,2013-03,6358.0,5228.0,1130.0,18.0,32.0,169.0,185.0,809.0,15.0,690.0,6.0,24.0,DQ-03,company_id not found in companies,profitandloss,,,,,,,,,,,,,,,,,,,,,,
1350,ZYDUSLIFE,2014-03,7224.0,6021.0,1203.0,17.0,30.0,90.0,201.0,942.0,11.0,836.0,8.0,23.0,DQ-03,company_id not found in companies,profitandloss,,,,,,,,,,,,,,,,,,,,,,
1351,ZYDUSLIFE,2015-03,8651.0,6896.0,1756.0,20.0,45.0,68.0,287.0,1446.0,18.0,1188.0,11.0,21.0,DQ-03,company_id not found in companies,profitandloss,,,,,,,,,,,,,,,,,,,,,,
1352,ZYDUSLIFE,2016-03,9427.0,7095.0,2332.0,25.0,112.0,53.0,292.0,2099.0,8.0,1964.0,19.0,17.0,DQ-03,company_id not found in companies,profitandloss,,,,,,,,,,,,,,,,,,,,,,
1353,ZYDUSLIFE,2017-03,9376.0,7474.0,1902.0,20.0,127.0,45.0,373.0,1612.0,8.0,1517.0,15.0,22.0,DQ-03,company_id not found in companies,profitandloss,,,,,,,,,,,,,,,,,,,,,,
1354,ZYDUSLIFE,2018-03,11905.0,9074.0,2831.0,24.0,111.0,91.0,539.0,2312.0,24.0,1810.0,17.0,20.0,DQ-03,company_id not found in companies,profitandloss,,,,,,,,,,,,,,,,,,,,,,
1355,ZYDUSLIFE,2019-03,13166.0,10174.0,2991.0,23.0,183.0,194.0,599.0,2382.0,22.0,1899.0,18.0,19.0,DQ-03,company_id not found in companies,profitandloss,,,,,,,,,,,,,,,,,,,,,,
1356,ZYDUSLIFE,2020-03,14253.0,11455.0,2798.0,20.0,-264.0,342.0,696.0,1495.0,21.0,1204.0,11.0,30.0,DQ-03,company_id not found in companies,profitandloss,,,,,,,,,,,,,,,,,,,,,,
1357,ZYDUSLIFE,2021-03,14404.0,11013.0,3391.0,24.0,-231.0,159.0,670.0,2331.0,8.0,2185.0,21.0,17.0,DQ-03,company_id not found in companies,profitandloss,,,,,,,,,,,,,,,,,,,,,,
1358,ZYDUSLIFE,2022-03,15110.0,11768.0,3342.0,22.0,2581.0,127.0,713.0,5084.0,10.0,4618.0,44.0,6.0,DQ-03,company_id not found in companies,profitandloss,,,,,,,,,,,,,,,,,,,,,,
1359,ZYDUSLIFE,2023-03,17237.0,13378.0,3860.0,22.0,-422.0,130.0,723.0,2585.0,23.0,2092.0,19.0,31.0,DQ-03,company_id not found in companies,profitandloss,,,,,,,,,,,,,,,,,,,,,,
1360,ZYDUSLIFE,2024-03,19547.0,14163.0,5384.0,28.0,293.0,81.0,764.0,4832.0,20.0,3973.0,38.0,8.0,DQ-03,company_id not found in companies,profitandloss,,,,,,,,,,,,,,,,,,,,,,
1361,ZYDUSLIFE,PARSE_ERROR,21484.0,15205.0,6278.0,29.0,351.0,112.0,849.0,5668.0,,4439.0,43.0,,DQ-03,company_id not found in companies,profitandloss,,,,,,,,,,,,,,,,,,,,,,
73,ABB,PARSE_ERROR,6066.0,4519.0,1547.0,26.0,265.0,11.0,72.0,1728.0,,1285.0,605.0,,DQ-07,Unparseable financial year,profitandloss,,,,,,,,,,,,,,,,,,,,,,
97,ADANIENSOL,PARSE_ERROR,22099.0,15507.0,6592.0,,-844.0,3183.0,1912.0,653.0,,589.0,6.0,,DQ-07,Unparseable financial year,profitandloss,,,,,,,,,,,,,,,,,,,,,,
110,ADANIENT,PARSE_ERROR,102311.0,88418.0,13893.0,14.0,1489.0,4150.0,3541.0,7691.0,,6086.0,49.0,,DQ-07,Unparseable financial year,profitandloss,,,,,,,,,,,,,,,,,,,,,,
119,ADANIGREEN,PARSE_ERROR,10782.0,2682.0,8100.0,75.0,891.0,4959.0,2323.0,1709.0,,1928.0,9.0,0.0,DQ-07,Unparseable financial year,profitandloss,,,,,,,,,,,,,,,,,,,,,,
132,ADANIPORTS,PARSE_ERROR,28443.0,11278.0,17165.0,60.0,1039.0,2591.0,4053.0,11560.0,,9743.0,45.0,,DQ-07,Unparseable financial year,profitandloss,,,,,,,,,,,,,,,,,,,,,,
145,ADANIPORTS,PARSE_ERROR,28443.0,11278.0,17165.0,60.0,1039.0,2591.0,4053.0,11560.0,,9743.0,45.0,,DQ-07,Unparseable financial year,profitandloss,,,,,,,,,,,,,,,,,,,,,,
158,ADANIPOWER,PARSE_ERROR,54650.0,33685.0,20965.0,38.0,2124.0,3235.0,4046.0,15808.0,,12686.0,33.0,,DQ-07,Unparseable financial year,profitandloss,,,,,,,,,,,,,,,,,,,,,,
169,AMBUJACEM,PARSE_ERROR,38937.0,33815.0,5122.0,13.0,447.0,195.0,1645.0,3729.0,19.0,3024.0,13.0,19.0,DQ-07,Unparseable financial year,profitandloss,,,,,,,,,,,,,,,,,,,,,,
171,AMBUJACEM,PARSE_ERROR,32850.0,27028.0,5822.0,18.0,1230.0,298.0,1899.0,4856.0,,3871.0,13.0,,DQ-07,Unparseable financial year,profitandloss,,,,,,,,,,,,,,,,,,,,,,
184,APOLLOHOSP,PARSE_ERROR,20469.0,17725.0,2745.0,13.0,158.0,466.0,719.0,1719.0,,1224.0,82.0,,DQ-07,Unparseable financial year,profitandloss,,,,,,,,,,,,,,,,,,,,,,
197,ASIANPAINT,PARSE_ERROR,34831.0,28150.0,6681.0,19.0,616.0,227.0,916.0,6155.0,,4631.0,48.0,,DQ-07,Unparseable financial year,profitandloss,,,,,,,,,,,,,,,,,,,,,,
205,ATGL,PARSE_ERROR,4826.0,3672.0,1153.0,24.0,52.0,106.0,199.0,900.0,,668.0,6.0,,DQ-07,Unparseable financial year,profitandloss,,,,,,,,,,,,,,,,,,,,,,
218,BAJAJ-AUTO,PARSE_ERROR,48900.0,39757.0,9143.0,19.0,1535.0,164.0,379.0,10135.0,,7371.0,263.0,,DQ-07,Unparseable financial year,profitandloss,,,,,,,,,,,,,,,,,,,,,,
231,AXISBANK,PARSE_ERROR,120659.0,67033.0,44566.0,9061.0,8.0,25243.0,0.0,34304.0,,26386.0,85.0,,DQ-07,Unparseable financial year,profitandloss,,,,,,,,,,,,,,,,,,,,,,
244,BAJAJFINSV,PARSE_ERROR,126263.0,80784.0,45479.0,36.0,12.0,21568.0,1031.0,22892.0,,16520.0,53.0,,DQ-07,Unparseable financial year,profitandloss,,,,,,,,,,,,,,,,,,,,,,
257,BAJAJHLDNG,PARSE_ERROR,1733.0,178.0,1554.0,90.0,6055.0,2.0,34.0,7574.0,,7486.0,666.0,,DQ-07,Unparseable financial year,profitandloss,,,,,,,,,,,,,,,,,,,,,,
268,BAJFINANCE,PARSE_ERROR,62279.0,21918.0,18943.0,21417.0,34.0,29.0,779.0,20667.0,,15389.0,248.0,,DQ-07,Unparseable financial year,profitandloss,,,,,,,,,,,,,,,,,,,,,,
281,BANKBARODA,PARSE_ERROR,124144.0,74160.0,46459.0,3526.0,3.0,23807.0,0.0,27332.0,,20144.0,39.0,,DQ-07,Unparseable financial year,profitandloss,,,,,,,,,,,,,,,,,,,,,,
294,BHARTIARTL,PARSE_ERROR,155478.0,74745.0,80733.0,52.0,2190.0,22424.0,41690.0,18809.0,,13816.0,22.0,,DQ-07,Unparseable financial year,profitandloss,,,,,,,,,,,,,,,,,,,,,,
307,BEL,PARSE_ERROR,21575.0,15867.0,5708.0,26.0,754.0,7.0,445.0,6010.0,,4541.0,6.0,,DQ-07,Unparseable financial year,profitandloss,,,,,,,,,,,,,,,,,,,,,,
320,BHEL,PARSE_ERROR,25833.0,24783.0,1050.0,4.0,527.0,746.0,248.0,583.0,,445.0,1.0,,DQ-07,Unparseable financial year,profitandloss,,,,,,,,,,,,,,,,,,,,,,
333,BOSCHLTD,PARSE_ERROR,17150.0,14934.0,2216.0,13.0,876.0,13.0,412.0,2668.0,,2084.0,707.0,,DQ-07,Unparseable financial year,profitandloss,,,,,,,,,,,,,,,,,,,,,,
346,BPCL,PARSE_ERROR,445601.0,419046.0,26554.0,6.0,3037.0,3640.0,6996.0,18955.0,,13734.0,32.0,,DQ-07,Unparseable financial year,profitandloss,,,,,,,,,,,,,,,,,,,,,,
359,BRITANNIA,PARSE_ERROR,17244.0,14107.0,3136.0,18.0,182.0,121.0,308.0,2889.0,,2129.0,89.0,,DQ-07,Unparseable financial year,profitandloss,,,,,,,,,,,,,,,,,,,,,,
372,CANBK,PARSE_ERROR,119392.0,80351.0,48026.0,-8985.0,-8.0,30394.0,0.0,21409.0,,16571.0,18.0,,DQ-07,Unparseable financial year,profitandloss,,,,,,,,,,,,,,,,,,,,,,
385,CHOLAFIN,PARSE_ERROR,22502.0,10875.0,6452.0,5175.0,23.0,248.0,243.0,5180.0,,3852.0,46.0,,DQ-07,Unparseable financial year,profitandloss,,,,,,,,,,,,,,,,,,,,,,
398,CIPLA,PARSE_ERROR,26981.0,66.0,20075.0,6906.0,26.0,822.0,1087.0,6576.0,,4987.0,62.0,,DQ-07,Unparseable financial year,profitandloss,,,,,,,,,,,,,,,,,,,,,,
411,COALINDIA,PARSE_ERROR,140328.0,875.0,93717.0,46610.0,33.0,8145.0,8357.0,45523.0,,34350.0,56.0,,DQ-07,Unparseable financial year,profitandloss,,,,,,,,,,,,,,,,,,,,,,
424,DABUR,PARSE_ERROR,12447.0,10106.0,2341.0,19.0,537.0,152.0,424.0,2302.0,,1760.0,10.0,,DQ-07,Unparseable financial year,profitandloss,,,,,,,,,,,,,,,,,,,,,,
437,DIVISLAB,PARSE_ERROR,8614.0,6056.0,2558.0,30.0,359.0,3.0,386.0,2528.0,,1836.0,69.0,,DQ-07,Unparseable financial year,profitandloss,,,,,,,,,,,,,,,,,,,,,,
450,DLF,PARSE_ERROR,7001.0,5116.0,1885.0,27.0,662.0,386.0,150.0,2010.0,,4004.0,16.0,,DQ-07,Unparseable financial year,profitandloss,,,,,,,,,,,,,,,,,,,,,,
463,DMART,PARSE_ERROR,57213.0,52737.0,4476.0,8.0,137.0,64.0,834.0,3716.0,,2720.0,42.0,,DQ-07,Unparseable financial year,profitandloss,,,,,,,,,,,,,,,,,,,,,,
476,DRREDDY,PARSE_ERROR,31229.0,22919.0,8311.0,27.0,862.0,276.0,1617.0,7280.0,,5448.0,64.0,,DQ-07,Unparseable financial year,profitandloss,,,,,,,,,,,,,,,,,,,,,,
489,EICHERMOT,PARSE_ERROR,17091.0,12619.0,4472.0,26.0,1729.0,53.0,661.0,5486.0,,4268.0,156.0,,DQ-07,Unparseable financial year,profitandloss,,,,,,,,,,,,,,,,,,,,,,
502,GAIL,PARSE_ERROR,136081.0,119297.0,16784.0,12.0,2893.0,733.0,4187.0,14758.0,,11541.0,18.0,,DQ-07,Unparseable financial year,profitandloss,,,,,,,,,,,,,,,,,,,,,,
515,GODREJCP,PARSE_ERROR,14152.0,11156.0,2996.0,21.0,-2097.0,339.0,211.0,348.0,,-453.0,-4.0,,DQ-07,Unparseable financial year,profitandloss,,,,,,,,,,,,,,,,,,,,,,
528,GRASIM,PARSE_ERROR,137116.0,109610.0,27506.0,20.0,971.0,10696.0,5437.0,12344.0,,8693.0,67.0,,DQ-07,Unparseable financial year,profitandloss,,,,,,,,,,,,,,,,,,,,,,
541,HAL,PARSE_ERROR,31154.0,21199.0,9954.0,32.0,2304.0,32.0,1182.0,11045.0,,8472.0,127.0,,DQ-07,Unparseable financial year,profitandloss,,,,,,,,,,,,,,,,,,,,,,
554,HAVELLS,PARSE_ERROR,20677.0,18668.0,2008.0,10.0,310.0,46.0,384.0,1889.0,,1400.0,22.0,,DQ-07,Unparseable financial year,profitandloss,,,,,,,,,,,,,,,,,,,,,,
558,HCLTECH,PARSE_ERROR,31136.0,24482.0,6654.0,21.0,871.0,74.0,410.0,7041.0,20.0,5602.0,20.0,40.0,DQ-07,Unparseable financial year,profitandloss,,,,,,,,,,,,,,,,,,,,,,
567,HCLTECH,PARSE_ERROR,115308.0,90169.0,25139.0,22.0,2452.0,659.0,4137.0,22795.0,,17085.0,63.0,,DQ-07,Unparseable financial year,profitandloss,,,,,,,,,,,,,,,,,,,,,,
580,HDFCBANK,PARSE_ERROR,329022.0,180600.0,206009.0,-57587.0,-18.0,146017.0,0.0,88430.0,,72168.0,91.0,,DQ-07,Unparseable financial year,profitandloss,,,,,,,,,,,,,,,,,,,,,,
593,HDFCLIFE,PARSE_ERROR,100772.0,0.0,100048.0,725.0,1.0,514.0,0.0,1239.0,,1747.0,8.0,,DQ-07,Unparseable financial year,profitandloss,,,,,,,,,,,,,,,,,,,,,,
605,HEROMOTOCO,PARSE_ERROR,40098.0,68.0,34537.0,5561.0,14.0,929.0,802.0,5620.0,,4133.0,207.0,,DQ-07,Unparseable financial year,profitandloss,,,,,,,,,,,,,,,,,,,,,,
618,HINDALCO,PARSE_ERROR,224018.0,3560.0,196087.0,27931.0,12.0,1300.0,7716.0,17955.0,,12488.0,56.0,,DQ-07,Unparseable financial year,profitandloss,,,,,,,,,,,,,,,,,,,,,,
631,HINDUNILVR,PARSE_ERROR,62661.0,420.0,47902.0,14759.0,24.0,1461.0,1328.0,14472.0,,10757.0,46.0,,DQ-07,Unparseable financial year,profitandloss,,,,,,,,,,,,,,,,,,,,,,
644,ICICIBANK,PARSE_ERROR,180551.0,86404.0,125722.0,-31575.0,-17.0,101817.0,0.0,70242.0,,52416.0,70.0,,DQ-07,Unparseable financial year,profitandloss,,,,,,,,,,,,,,,,,,,,,,
657,ICICIGI,PARSE_ERROR,23301.0,0.0,19938.0,3363.0,14.0,-12.0,0.0,3351.0,,2518.0,51.0,,DQ-07,Unparseable financial year,profitandloss,,,,,,,,,,,,,,,,,,,,,,
670,ICICIPRULI,PARSE_ERROR,77572.0,0.0,77251.0,321.0,0.0,933.0,0.0,1254.0,,974.0,7.0,,DQ-07,Unparseable financial year,profitandloss,,,,,,,,,,,,,,,,,,,,,,
709,INDUSINDBK,PARSE_ERROR,49004.0,27577.0,20104.0,1323.0,3.0,9521.0,0.0,10844.0,,8122.0,104.0,,DQ-07,Unparseable financial year,profitandloss,,,,,,,,,,,,,,,,,,,,,,
722,INFY,PARSE_ERROR,159988.0,121843.0,38145.0,24.0,5138.0,424.0,4675.0,38184.0,,27687.0,67.0,,DQ-07,Unparseable financial year,profitandloss,,,,,,,,,,,,,,,,,,,,,,
735,IOC,PARSE_ERROR,761485.0,728555.0,32930.0,4.0,7285.0,9231.0,16546.0,14438.0,,10909.0,8.0,,DQ-07,Unparseable financial year,profitandloss,,,,,,,,,,,,,,,,,,,,,,
746,IRCTC,PARSE_ERROR,4455.0,2950.0,1505.0,34.0,185.0,16.0,56.0,1617.0,,1200.0,15.0,,DQ-07,Unparseable financial year,profitandloss,,,,,,,,,,,,,,,,,,,,,,
759,IRFC,PARSE_ERROR,26902.0,144.0,26758.0,99.0,8.0,20223.0,6.0,6537.0,,6537.0,5.0,,DQ-07,Unparseable financial year,profitandloss,,,,,,,,,,,,,,,,,,,,,,
772,ITC,PARSE_ERROR,75135.0,48495.0,26640.0,35.0,2655.0,54.0,1940.0,27302.0,,20829.0,16.0,,DQ-07,Unparseable financial year,profitandloss,,,,,,,,,,,,,,,,,,,,,,
785,JINDALSTEL,PARSE_ERROR,50019.0,39693.0,10327.0,21.0,139.0,1293.0,3009.0,6163.0,,5060.0,50.0,,DQ-07,Unparseable financial year,profitandloss,,,,,,,,,,,,,,,,,,,,,,
788,JIOFIN,PARSE_ERROR,1968.0,437.0,1531.0,78.0,435.0,0.0,22.0,1944.0,,1607.0,3.0,,DQ-07,Unparseable financial year,profitandloss,,,,,,,,,,,,,,,,,,,,,,
801,JSWENERGY,PARSE_ERROR,11416.0,6034.0,5382.0,47.0,648.0,2083.0,1594.0,2352.0,,1988.0,11.0,,DQ-07,Unparseable financial year,profitandloss,,,,,,,,,,,,,,,,,,,,,,
814,JSWSTEEL,PARSE_ERROR,170274.0,147796.0,22478.0,13.0,267.0,8380.0,9006.0,5359.0,,3312.0,14.0,,DQ-07,Unparseable financial year,profitandloss,,,,,,,,,,,,,,,,,,,,,,
827,KOTAKBANK,PARSE_ERROR,64053.0,27327.0,50872.0,-14146.0,-22.0,43559.0,0.0,29413.0,,22530.0,113.0,,DQ-07,Unparseable financial year,profitandloss,,,,,,,,,,,,,,,,,,,,,,
834,LICI,PARSE_ERROR,896106.0,870255.0,25851.0,3.0,16250.0,0.0,0.0,42102.0,,41468.0,,,DQ-07,Unparseable financial year,profitandloss,,,,,,,,,,,,,,,,,,,,,,
847,LODHA,PARSE_ERROR,13574.0,9761.0,3812.0,28.0,260.0,514.0,311.0,3248.0,,2511.0,25.0,,DQ-07,Unparseable financial year,profitandloss,,,,,,,,,,,,,,,,,,,,,,
860,LT,PARSE_ERROR,238881.0,208066.0,30815.0,13.0,3995.0,9420.0,3964.0,21425.0,,16150.0,98.0,,DQ-07,Unparseable financial year,profitandloss,,,,,,,,,,,,,,,,,,,,,,
873,LTIM,PARSE_ERROR,37129.0,30695.0,6434.0,17.0,946.0,280.0,968.0,6133.0,,4574.0,154.0,,DQ-07,Unparseable financial year,profitandloss,,,,,,,,,,,,,,,,,,,,,,
886,M&M,PARSE_ERROR,145893.0,118688.0,27204.0,19.0,3365.0,8259.0,5007.0,17303.0,,13009.0,95.0,,DQ-07,Unparseable financial year,profitandloss,,,,,,,,,,,,,,,,,,,,,,
899,MARUTI,PARSE_ERROR,145213.0,125446.0,19766.0,14.0,5002.0,212.0,5317.0,19240.0,,14021.0,446.0,,DQ-07,Unparseable financial year,profitandloss,,,,,,,,,,,,,,,,,,,,,,
912,MOTHERSON,PARSE_ERROR,109382.0,98908.0,10474.0,10.0,955.0,2061.0,4272.0,5095.0,,4123.0,6.0,,DQ-07,Unparseable financial year,profitandloss,,,,,,,,,,,,,,,,,,,,,,
925,NAUKRI,PARSE_ERROR,2662.0,1911.0,751.0,28.0,560.0,22.0,104.0,1185.0,,551.0,36.0,,DQ-07,Unparseable financial year,profitandloss,,,,,,,,,,,,,,,,,,,,,,
938,NESTLEIND,PARSE_ERROR,19786.0,15060.0,4726.0,24.0,297.0,113.0,452.0,4458.0,26.0,3323.0,34.0,,DQ-07,Unparseable financial year,profitandloss,,,,,,,,,,,,,,,,,,,,,,
951,NHPC,PARSE_ERROR,9690.0,4675.0,5015.0,52.0,2094.0,718.0,1177.0,5213.0,20.0,3417.0,3.0,,DQ-07,Unparseable financial year,profitandloss,,,,,,,,,,,,,,,,,,,,,,
964,NTPC,PARSE_ERROR,185892.0,133499.0,52392.0,28.0,6831.0,12475.0,17009.0,29739.0,24.0,22546.0,23.0,,DQ-07,Unparseable financial year,profitandloss,,,,,,,,,,,,,,,,,,,,,,
977,ONGC,PARSE_ERROR,658694.0,572824.0,85870.0,13.0,14458.0,12592.0,31646.0,56090.0,26.0,42320.0,33.0,,DQ-07,Unparseable financial year,profitandloss,,,,,,,,,,,,,,,,,,,,,,
990,PFC,PARSE_ERROR,98152.0,882.0,35764.0,36.0,109.0,61505.0,54.0,35820.0,21.0,28248.0,64.0,,DQ-07,Unparseable financial year,profitandloss,,,,,,,,,,,,,,,,,,,,,,
1003,PIDILITIND,PARSE_ERROR,12901.0,9949.0,2952.0,23.0,144.0,49.0,374.0,2673.0,,1973.0,38.0,,DQ-07,Unparseable financial year,profitandloss,,,,,,,,,,,,,,,,,,,,,,
1016,PNB,PARSE_ERROR,116126.0,36345.0,,,15249.0,73977.0,0.0,21054.0,,14535.0,13.0,,DQ-07,Unparseable financial year,profitandloss,,,,,,,,,,,,,,,,,,,,,,
1029,POWERGRID,PARSE_ERROR,45812.0,6577.0,39235.0,86.0,1886.0,8854.0,13045.0,19221.0,,15712.0,17.0,,DQ-07,Unparseable financial year,profitandloss,,,,,,,,,,,,,,,,,,,,,,
1042,RECLTD,PARSE_ERROR,51490.0,630.0,50860.0,99.0,87.0,32075.0,24.0,18848.0,,14885.0,57.0,,DQ-07,Unparseable financial year,profitandloss,,,,,,,,,,,,,,,,,,,,,,
1055,RELIANCE,PARSE_ERROR,939838.0,775710.0,164128.0,17.0,17607.0,23875.0,53226.0,104634.0,,79941.0,51.0,,DQ-07,Unparseable financial year,profitandloss,,,,,,,,,,,,,,,,,,,,,,
1068,SBILIFE,PARSE_ERROR,130073.0,129065.0,1007.0,1.0,1636.0,0.0,0.0,2643.0,,2411.0,24.0,,DQ-07,Unparseable financial year,profitandloss,,,,,,,,,,,,,,,,,,,,,,
1081,SBIN,PARSE_ERROR,469625.0,244759.0,-59190.0,-13.0,157189.0,284056.0,0.0,97999.0,,74461.0,80.0,,DQ-07,Unparseable financial year,profitandloss,,,,,,,,,,,,,,,,,,,,,,
1085,SHREECEM,PARSE_ERROR,5514.0,4107.0,1407.0,26.0,673.0,76.0,828.0,1176.0,3.0,1143.0,328.0,7.0,DQ-07,Unparseable financial year,profitandloss,,,,,,,,,,,,,,,,,,,,,,
1094,SHREECEM,PARSE_ERROR,19802.0,15576.0,4226.0,21.0,618.0,229.0,2566.0,2049.0,,1733.0,480.0,,DQ-07,Unparseable financial year,profitandloss,,,,,,,,,,,,,,,,,,,,,,
1107,SHRIRAMFIN,PARSE_ERROR,39864.0,11228.0,11416.0,29.0,1800.0,17220.0,628.0,12588.0,,9454.0,50.0,,DQ-07,Unparseable financial year,profitandloss,,,,,,,,,,,,,,,,,,,,,,
1132,SUNPHARMA,PARSE_ERROR,50308.0,36249.0,14059.0,27.0,1571.0,239.0,2554.0,12837.0,,11117.0,46.0,,DQ-07,Unparseable financial year,profitandloss,,,,,,,,,,,,,,,,,,,,,,
1145,TATACONSUM,PARSE_ERROR,16297.0,13802.0,2496.0,15.0,-168.0,268.0,499.0,1560.0,,1170.0,12.0,,DQ-07,Unparseable financial year,profitandloss,,,,,,,,,,,,,,,,,,,,,,
1158,TATAMOTORS,PARSE_ERROR,440061.0,379564.0,60497.0,14.0,6617.0,8841.0,26580.0,31693.0,,33816.0,99.0,,DQ-07,Unparseable financial year,profitandloss,,,,,,,,,,,,,,,,,,,,,,
1171,TATAPOWER,PARSE_ERROR,63489.0,52432.0,11057.0,17.0,3708.0,4549.0,3927.0,6289.0,,4403.0,12.0,,DQ-07,Unparseable financial year,profitandloss,,,,,,,,,,,,,,,,,,,,,,
1184,TATASTEEL,PARSE_ERROR,221012.0,195697.0,25314.0,11.0,371.0,7394.0,10269.0,8022.0,,2527.0,2.0,,DQ-07,Unparseable financial year,profitandloss,,,,,,,,,,,,,,,,,,,,,,
1197,TCS,PARSE_ERROR,252082.0,184491.0,67591.0,27.0,4091.0,795.0,5109.0,65778.0,,49006.0,135.0,,DQ-07,Unparseable financial year,profitandloss,,,,,,,,,,,,,,,,,,,,,,
1210,TECHM,PARSE_ERROR,52476.0,46253.0,6223.0,12.0,1072.0,295.0,1852.0,5148.0,,3775.0,38.0,,DQ-07,Unparseable financial year,profitandloss,,,,,,,,,,,,,,,,,,,,,,
1223,TITAN,PARSE_ERROR,54458.0,49219.0,5239.0,10.0,538.0,840.0,647.0,4290.0,,3243.0,37.0,,DQ-07,Unparseable financial year,profitandloss,,,,,,,,,,,,,,,,,,,,,,
1236,TORNTPHARM,PARSE_ERROR,11302.0,7662.0,3640.0,32.0,72.0,276.0,797.0,2639.0,,1862.0,55.0,,DQ-07,Unparseable financial year,profitandloss,,,,,,,,,,,,,,,,,,,,,,
1249,TRENT,PARSE_ERROR,15025.0,12672.0,2354.0,16.0,960.0,196.0,756.0,2362.0,,1809.0,51.0,,DQ-07,Unparseable financial year,profitandloss,,,,,,,,,,,,,,,,,,,,,,
1262,TVSMOTOR,PARSE_ERROR,42886.0,36696.0,6190.0,14.0,95.0,2064.0,1038.0,3182.0,,2094.0,42.0,,DQ-07,Unparseable financial year,profitandloss,,,,,,,,,,,,,,,,,,,,,,
1374,INDIGO,PARSE_ERROR,76476.0,0.0,60568.0,15908.0,21.0,3034.0,7955.0,6182.0,,6074.0,157.0,,DQ-07,Unparseable financial year,profitandloss,,,,,,,,,,,,,,,,,,,,,,
120,ADANIPORTS,2013-03,3577.0,1195.0,2382.0,67.0,344.0,542.0,422.0,1762.0,7.0,1639.0,8.0,12.0,DQ-02,"Duplicate (company_id, year); last occurrence retained",profitandloss,,,,,,,,,,,,,,,,,,,,,,
121,ADANIPORTS,2014-03,4830.0,1910.0,2919.0,60.0,685.0,977.0,649.0,1978.0,12.0,1741.0,8.0,12.0,DQ-02,"Duplicate (company_id, year); last occurrence retained",profitandloss,,,,,,,,,,,,,,,,,,,,,,
122,ADANIPORTS,2015-03,6152.0,2250.0,3902.0,63.0,686.0,1175.0,912.0,2501.0,7.0,2324.0,11.0,10.0,DQ-02,"Duplicate (company_id, year); last occurrence retained",profitandloss,,,,,,,,,,,,,,,,,,,,,,
123,ADANIPORTS,2016-03,7109.0,2532.0,4577.0,64.0,730.0,1124.0,1063.0,3119.0,9.0,2856.0,14.0,8.0,DQ-02,"Duplicate (company_id, year); last occurrence retained",profitandloss,,,,,,,,,,,,,,,,,,,,,,
124,ADANIPORTS,2017-03,8439.0,3021.0,5418.0,64.0,1037.0,1116.0,1160.0,4179.0,7.0,3902.0,19.0,7.0,DQ-02,"Duplicate (company_id, year); last occurrence retained",profitandloss,,,,,,,,,,,,,,,,,,,,,,
125,ADANIPORTS,2018-03,11323.0,4166.0,7157.0,63.0,844.0,1579.0,1188.0,5234.0,30.0,3690.0,18.0,11.0,DQ-02,"Duplicate (company_id, year); last occurrence retained",profitandloss,,,,,,,,,,,,,,,,,,,,,,
126,ADANIPORTS,2019-03,10925.0,4330.0,6596.0,60.0,1289.0,1385.0,1373.0,5126.0,21.0,4045.0,19.0,1.0,DQ-02,"Duplicate (company_id, year); last occurrence retained",profitandloss,,,,,,,,,,,,,,,,,,,,,,
127,ADANIPORTS,2020-03,11873.0,5926.0,5947.0,50.0,1928.0,1951.0,1680.0,4244.0,11.0,3785.0,19.0,17.0,DQ-02,"Duplicate (company_id, year); last occurrence retained",profitandloss,,,,,,,,,,,,,,,,,,,,,,
128,ADANIPORTS,2021-03,12550.0,3862.0,8688.0,69.0,1967.0,2255.0,2107.0,6292.0,20.0,5049.0,25.0,20.0,DQ-02,"Duplicate (company_id, year); last occurrence retained",profitandloss,,,,,,,,,,,,,,,,,,,,,,
129,ADANIPORTS,2022-03,17119.0,7591.0,9528.0,56.0,1832.0,2544.0,3099.0,5717.0,13.0,4953.0,23.0,22.0,DQ-02,"Duplicate (company_id, year); last occurrence retained",profitandloss,,,,,,,,,,,,,,,,,,,,,,
130,ADANIPORTS,2023-03,20852.0,9905.0,10947.0,52.0,327.0,2363.0,3425.0,5487.0,2.0,5391.0,25.0,20.0,DQ-02,"Duplicate (company_id, year); last occurrence retained",profitandloss,,,,,,,,,,,,,,,,,,,,,,
131,ADANIPORTS,2024-03,26711.0,11121.0,15589.0,58.0,671.0,2733.0,3888.0,9639.0,16.0,8104.0,38.0,16.0,DQ-02,"Duplicate (company_id, year); last occurrence retained",profitandloss,,,,,,,,,,,,,,,,,,,,,,
1200,ZYDUSLIFE,2013-03,,,,,,,,,,,,,DQ-03,company_id not found in companies,balancesheet,102.0,2842.0,2918.0,1512.0,7374.0,3026.0,736.0,114.0,3498.0,7374.0,,,,,,,,,,,,
1201,ZYDUSLIFE,2014-03,,,,,,,,,,,,,DQ-03,company_id not found in companies,balancesheet,102.0,3337.0,2700.0,1847.0,7986.0,3124.0,892.0,87.0,3885.0,7986.0,,,,,,,,,,,,
1202,ZYDUSLIFE,2015-03,,,,,,,,,,,,,DQ-03,company_id not found in companies,balancesheet,102.0,4149.0,2651.0,2144.0,9047.0,3352.0,798.0,154.0,4743.0,9047.0,,,,,,,,,,,,
1203,ZYDUSLIFE,2016-03,,,,,,,,,,,,,DQ-03,company_id not found in companies,balancesheet,102.0,5597.0,2442.0,2208.0,10350.0,3748.0,951.0,416.0,5235.0,10350.0,,,,,,,,,,,,
1204,ZYDUSLIFE,2017-03,,,,,,,,,,,,,DQ-03,company_id not found in companies,balancesheet,102.0,6858.0,5207.0,2937.0,15104.0,5755.0,1543.0,435.0,7371.0,15104.0,,,,,,,,,,,,
1205,ZYDUSLIFE,2018-03,,,,,,,,,,,,,DQ-03,company_id not found in companies,balancesheet,102.0,8642.0,5407.0,3632.0,17783.0,6483.0,1527.0,746.0,9028.0,17783.0,,,,,,,,,,,,
1206,ZYDUSLIFE,2019-03,,,,,,,,,,,,,DQ-03,company_id not found in companies,balancesheet,102.0,10284.0,7899.0,4945.0,23231.0,12164.0,837.0,674.0,9556.0,23231.0,,,,,,,,,,,,
1207,ZYDUSLIFE,2020-03,,,,,,,,,,,,,DQ-03,company_id not found in companies,balancesheet,102.0,10273.0,7986.0,5115.0,23477.0,12230.0,742.0,765.0,9740.0,23477.0,,,,,,,,,,,,
1208,ZYDUSLIFE,2021-03,,,,,,,,,,,,,DQ-03,company_id not found in companies,balancesheet,102.0,12890.0,4608.0,6165.0,23765.0,12133.0,783.0,830.0,10019.0,23765.0,,,,,,,,,,,,
1209,ZYDUSLIFE,2022-03,,,,,,,,,,,,,DQ-03,company_id not found in companies,balancesheet,102.0,16897.0,4221.0,6421.0,27642.0,12188.0,726.0,3288.0,11439.0,27642.0,,,,,,,,,,,,
1210,ZYDUSLIFE,2023-03,,,,,,,,,,,,,DQ-03,company_id not found in companies,balancesheet,101.0,17415.0,1195.0,6851.0,25562.0,11521.0,1201.0,1547.0,11294.0,25562.0,,,,,,,,,,,,
1211,ZYDUSLIFE,2024-03,,,,,,,,,,,,,DQ-03,company_id not found in companies,balancesheet,101.0,19729.0,804.0,8201.0,28834.0,12368.0,2423.0,1220.0,12822.0,28834.0,,,,,,,,,,,,
1212,ZYDUSLIFE,PARSE_ERROR,,,,,,,,,,,,,DQ-03,company_id not found in companies,balancesheet,101.0,21724.0,190.0,9431.0,31446.0,14304.0,1051.0,2596.0,13495.0,31446.0,,,,,,,,,,,,
1226,ZOMATO,2018-03,,,,,,,,,,,,,DQ-03,company_id not found in companies,balancesheet,0.0,1036.0,186.0,152.0,1374.0,190.0,1.0,829.0,354.0,1374.0,,,,,,,,,,,,
1227,ZOMATO,2019-03,,,,,,,,,,,,,DQ-03,company_id not found in companies,balancesheet,0.0,2356.0,348.0,709.0,3413.0,389.0,1.0,2145.0,879.0,3413.0,,,,,,,,,,,,
1228,ZOMATO,2020-03,,,,,,,,,,,,,DQ-03,company_id not found in companies,balancesheet,0.0,457.0,326.0,2117.0,2900.0,1591.0,1.0,324.0,985.0,2900.0,,,,,,,,,,,,
1229,ZOMATO,2021-03,,,,,,,,,,,,,DQ-03,company_id not found in companies,balancesheet,0.0,7644.0,527.0,532.0,8704.0,1539.0,0.0,2205.0,4959.0,8704.0,,,,,,,,,,,,
1230,ZOMATO,2022-03,,,,,,,,,,,,,DQ-03,company_id not found in companies,balancesheet,764.0,15741.0,70.0,751.0,17327.0,1404.0,1.0,4718.0,11204.0,17327.0,,,,,,,,,,,,
1231,ZOMATO,2023-03,,,,,,,,,,,,,DQ-03,company_id not found in companies,balancesheet,836.0,18624.0,507.0,1632.0,21599.0,6344.0,7.0,6765.0,8483.0,21599.0,,,,,,,,,,,,
1232,ZOMATO,2024-03,,,,,,,,,,,,,DQ-03,company_id not found in companies,balancesheet,868.0,19545.0,749.0,2194.0,23356.0,6448.0,18.0,11645.0,5245.0,23356.0,,,,,,,,,,,,
1233,ZOMATO,PARSE_ERROR,,,,,,,,,,,,,DQ-03,company_id not found in companies,balancesheet,872.0,20446.0,1159.0,2728.0,25205.0,8390.0,59.0,11708.0,5048.0,25205.0,,,,,,,,,,,,
1234,WIPRO,2013-03,,,,,,,,,,,,,DQ-03,company_id not found in companies,balancesheet,492.0,26072.0,6381.0,10675.0,43621.0,9996.0,407.0,6765.0,26454.0,43621.0,,,,,,,,,,,,
1235,WIPRO,2014-03,,,,,,,,,,,,,DQ-03,company_id not found in companies,balancesheet,493.0,31636.0,5159.0,12245.0,49533.0,10649.0,369.0,6146.0,32368.0,49533.0,,,,,,,,,,,,
1236,WIPRO,2015-03,,,,,,,,,,,,,DQ-03,company_id not found in companies,balancesheet,494.0,36598.0,7891.0,13367.0,58350.0,10837.0,395.0,5532.0,41586.0,58350.0,,,,,,,,,,,,
1237,WIPRO,2016-03,,,,,,,,,,,,,DQ-03,company_id not found in companies,balancesheet,494.0,45651.0,12522.0,12924.0,71590.0,17279.0,381.0,20915.0,33016.0,71590.0,,,,,,,,,,,,
1238,WIPRO,2017-03,,,,,,,,,,,,,DQ-03,company_id not found in companies,balancesheet,486.0,51184.0,14241.0,12761.0,78672.0,19886.0,738.0,29913.0,28135.0,78672.0,,,,,,,,,,,,
1239,WIPRO,2018-03,,,,,,,,,,,,,DQ-03,company_id not found in companies,balancesheet,905.0,47022.0,13901.0,13563.0,75391.0,18127.0,1378.0,25797.0,30090.0,75391.0,,,,,,,,,,,,
1240,WIPRO,2019-03,,,,,,,,,,,,,DQ-03,company_id not found in companies,balancesheet,1207.0,55216.0,9947.0,16217.0,82586.0,17465.0,2142.0,22887.0,40093.0,82586.0,,,,,,,,,,,,
1241,WIPRO,2020-03,,,,,,,,,,,,,DQ-03,company_id not found in companies,balancesheet,1143.0,54179.0,9724.0,15954.0,81000.0,22062.0,1881.0,20032.0,37024.0,81000.0,,,,,,,,,,,,
1242,WIPRO,2021-03,,,,,,,,,,,,,DQ-03,company_id not found in companies,balancesheet,1096.0,53805.0,10451.0,17213.0,82566.0,23040.0,1853.0,18775.0,38898.0,82566.0,,,,,,,,,,,,
1243,WIPRO,2022-03,,,,,,,,,,,,,DQ-03,company_id not found in companies,balancesheet,1096.0,64307.0,17593.0,24280.0,107276.0,37990.0,1602.0,26154.0,41531.0,107276.0,,,,,,,,,,,,
1244,WIPRO,2023-03,,,,,,,,,,,,,DQ-03,company_id not found in companies,balancesheet,1098.0,76570.0,17467.0,21789.0,116924.0,44757.0,617.0,33073.0,38477.0,116924.0,,,,,,,,,,,,
1245,WIPRO,2024-03,,,,,,,,,,,,,DQ-03,company_id not found in companies,balancesheet,1045.0,73488.0,16465.0,23611.0,114609.0,43628.0,723.0,33384.0,36873.0,114609.0,,,,,,,,,,,,
1246,WIPRO,PARSE_ERROR,,,,,,,,,,,,,DQ-03,company_id not found in companies,balancesheet,1046.0,80330.0,19282.0,24893.0,125552.0,43476.0,846.0,43970.0,37260.0,125552.0,,,,,,,,,,,,
1247,VEDL,2013-03,,,,,,,,,,,,,DQ-03,company_id not found in companies,balancesheet,87.0,17388.0,4839.0,723.0,23037.0,4136.0,723.0,16059.0,2119.0,23037.0,,,,,,,,,,,,
1248,VEDL,2014-03,,,,,,,,,,,,,DQ-03,company_id not found in companies,balancesheet,296.0,72712.0,80566.0,60545.0,214120.0,87205.0,43128.0,37910.0,45877.0,214120.0,,,,,,,,,,,,
1249,VEDL,2015-03,,,,,,,,,,,,,DQ-03,company_id not found in companies,balancesheet,296.0,53579.0,77752.0,58654.0,190281.0,70108.0,38748.0,39606.0,41819.0,190281.0,,,,,,,,,,,,
1250,VEDL,2016-03,,,,,,,,,,,,,DQ-03,company_id not found in companies,balancesheet,296.0,43743.0,67778.0,80163.0,191980.0,67231.0,38461.0,53386.0,32903.0,191980.0,,,,,,,,,,,,
1251,VEDL,2017-03,,,,,,,,,,,,,DQ-03,company_id not found in companies,balancesheet,297.0,60128.0,71569.0,64952.0,196946.0,76756.0,27557.0,46962.0,45671.0,196946.0,,,,,,,,,,,,
1252,VEDL,2018-03,,,,,,,,,,,,,DQ-03,company_id not found in companies,balancesheet,372.0,62940.0,58159.0,58896.0,180367.0,80279.0,32055.0,28700.0,39333.0,180367.0,,,,,,,,,,,,
1253,VEDL,2019-03,,,,,,,,,,,,,DQ-03,company_id not found in companies,balancesheet,372.0,61925.0,66226.0,70045.0,198568.0,96397.0,24959.0,33065.0,44147.0,198568.0,,,,,,,,,,,,
1254,VEDL,2020-03,,,,,,,,,,,,,DQ-03,company_id not found in companies,balancesheet,372.0,54263.0,59187.0,66915.0,180737.0,88904.0,18585.0,24753.0,48495.0,180737.0,,,,,,,,,,,,
1255,VEDL,2021-03,,,,,,,,,,,,,DQ-03,company_id not found in companies,balancesheet,372.0,61906.0,57669.0,63549.0,183496.0,90470.0,16314.0,16660.0,60052.0,183496.0,,,,,,,,,,,,
1256,VEDL,2022-03,,,,,,,,,,,,,DQ-03,company_id not found in companies,balancesheet,372.0,65011.0,53583.0,74981.0,193947.0,93466.0,15879.0,17291.0,67311.0,193947.0,,,,,,,,,,,,
1257,VEDL,2023-03,,,,,,,,,,,,,DQ-03,company_id not found in companies,balancesheet,372.0,39051.0,80329.0,69703.0,189455.0,95744.0,19529.0,13150.0,61032.0,189455.0,,,,,,,,,,,,
1258,VEDL,2024-03,,,,,,,,,,,,,DQ-03,company_id not found in companies,balancesheet,372.0,30350.0,87706.0,69690.0,188118.0,98963.0,22889.0,11869.0,54397.0,188118.0,,,,,,,,,,,,
1259,VEDL,PARSE_ERROR,,,,,,,,,,,,,DQ-03,company_id not found in companies,balancesheet,391.0,37097.0,79808.0,87879.0,205175.0,100699.0,27719.0,12823.0,63934.0,205175.0,,,,,,,,,,,,
1285,UNITDSPR,2013-03,,,,,,,,,,,,,DQ-03,company_id not found in companies,balancesheet,126.0,4661.0,8242.0,3453.0,16483.0,7869.0,131.0,218.0,8265.0,16483.0,,,,,,,,,,,,
1286,UNITDSPR,2014-03,,,,,,,,,,,,,DQ-03,company_id not found in companies,balancesheet,145.0,2887.0,8307.0,3518.0,14858.0,5700.0,110.0,238.0,8810.0,14858.0,,,,,,,,,,,,
1287,UNITDSPR,2015-03,,,,,,,,,,,,,DQ-03,company_id not found in companies,balancesheet,145.0,514.0,4987.0,2242.0,7889.0,1921.0,114.0,216.0,5637.0,7889.0,,,,,,,,,,,,
1288,UNITDSPR,2016-03,,,,,,,,,,,,,DQ-03,company_id not found in companies,balancesheet,145.0,1489.0,4242.0,2452.0,8329.0,1887.0,282.0,77.0,6084.0,8329.0,,,,,,,,,,,,
1289,UNITDSPR,2017-03,,,,,,,,,,,,,DQ-03,company_id not found in companies,balancesheet,145.0,1640.0,4144.0,2967.0,8896.0,1917.0,199.0,0.0,6780.0,8896.0,,,,,,,,,,,,
1290,UNITDSPR,2018-03,,,,,,,,,,,,,DQ-03,company_id not found in companies,balancesheet,145.0,2274.0,3421.0,3086.0,8926.0,1791.0,102.0,0.0,7033.0,8926.0,,,,,,,,,,,,
1291,UNITDSPR,2019-03,,,,,,,,,,,,,DQ-03,company_id not found in companies,balancesheet,145.0,2945.0,2883.0,3135.0,9109.0,1841.0,118.0,25.0,7124.0,9109.0,,,,,,,,,,,,
1292,UNITDSPR,2020-03,,,,,,,,,,,,,DQ-03,company_id not found in companies,balancesheet,145.0,3583.0,2570.0,2546.0,8844.0,1956.0,121.0,22.0,6745.0,8844.0,,,,,,,,,,,,
1293,UNITDSPR,2021-03,,,,,,,,,,,,,DQ-03,company_id not found in companies,balancesheet,145.0,3974.0,1037.0,3354.0,8511.0,1893.0,97.0,0.0,6521.0,8511.0,,,,,,,,,,,,
1294,UNITDSPR,2022-03,,,,,,,,,,,,,DQ-03,company_id not found in companies,balancesheet,145.0,4808.0,605.0,3304.0,8863.0,1855.0,96.0,222.0,6690.0,8863.0,,,,,,,,,,,,
1295,UNITDSPR,2023-03,,,,,,,,,,,,,DQ-03,company_id not found in companies,balancesheet,145.0,5854.0,183.0,3534.0,9716.0,1534.0,83.0,286.0,7813.0,9716.0,,,,,,,,,,,,
1296,UNITDSPR,2024-03,,,,,,,,,,,,,DQ-03,company_id not found in companies,balancesheet,145.0,6976.0,265.0,3790.0,11176.0,1560.0,37.0,645.0,8934.0,11176.0,,,,,,,,,,,,
1297,UNITDSPR,PARSE_ERROR,,,,,,,,,,,,,DQ-03,company_id not found in companies,balancesheet,145.0,7487.0,518.0,3805.0,11955.0,1798.0,66.0,819.0,9272.0,11955.0,,,,,,,,,,,,
1298,UNIONBANK,2013-03,,,,,,,,,,,,,DQ-03,company_id not found in companies,balancesheet,597.0,16722.0,287589.0,8003.0,312912.0,2483.0,13.0,81808.0,228608.0,312912.0,,,,,,,,,,,,
1299,UNIONBANK,2014-03,,,,,,,,,,,,,DQ-03,company_id not found in companies,balancesheet,630.0,18004.0,327078.0,9300.0,355013.0,2621.0,2.0,94636.0,257753.0,355013.0,,,,,,,,,,,,
1300,UNIONBANK,2015-03,,,,,,,,,,,,,DQ-03,company_id not found in companies,balancesheet,636.0,19263.0,352618.0,11048.0,383566.0,2690.0,4.0,85818.0,295053.0,383566.0,,,,,,,,,,,,
1301,UNIONBANK,2016-03,,,,,,,,,,,,,DQ-03,company_id not found in companies,balancesheet,687.0,22361.0,374754.0,9562.0,407365.0,3939.0,13.0,90573.0,312840.0,407365.0,,,,,,,,,,,,
1302,UNIONBANK,2017-03,,,,,,,,,,,,,DQ-03,company_id not found in companies,balancesheet,687.0,23406.0,418420.0,13167.0,455681.0,3896.0,21.0,113441.0,338322.0,455681.0,,,,,,,,,,,,
1303,UNIONBANK,2018-03,,,,,,,,,,,,,DQ-03,company_id not found in companies,balancesheet,1169.0,24083.0,455969.0,9900.0,491120.0,3824.0,34.0,125485.0,361777.0,491120.0,,,,,,,,,,,,
1304,UNIONBANK,2019-03,,,,,,,,,,,,,DQ-03,company_id not found in companies,balancesheet,1763.0,25073.0,460780.0,10964.0,498581.0,3743.0,44.0,128391.0,366402.0,498581.0,,,,,,,,,,,,
1305,UNIONBANK,2020-03,,,,,,,,,,,,,DQ-03,company_id not found in companies,balancesheet,3423.0,30567.0,505150.0,16369.0,555509.0,4734.0,54.0,154251.0,396470.0,555509.0,,,,,,,,,,,,
1306,UNIONBANK,2021-03,,,,,,,,,,,,,DQ-03,company_id not found in companies,balancesheet,6407.0,58331.0,977576.0,40063.0,1082377.0,7303.0,63.0,339059.0,735952.0,1082377.0,,,,,,,,,,,,
1307,UNIONBANK,2022-03,,,,,,,,,,,,,DQ-03,company_id not found in companies,balancesheet,6835.0,64026.0,1085613.0,37292.0,1193766.0,7171.0,37.0,351839.0,834718.0,1193766.0,,,,,,,,,,,,
1308,UNIONBANK,2023-03,,,,,,,,,,,,,DQ-03,company_id not found in companies,balancesheet,6835.0,71969.0,1163059.0,46495.0,1288357.0,8826.0,22.0,343727.0,935782.0,1288357.0,,,,,,,,,,,,
1309,UNIONBANK,2024-03,,,,,,,,,,,,,DQ-03,company_id not found in companies,balancesheet,7634.0,89964.0,1251568.0,52831.0,1401996.0,9224.0,36.0,343953.0,1048783.0,1401996.0,,,,,,,,,,,,
1323,ULTRACEMCO,2013-03,,,,,,,,,,,,,DQ-03,company_id not found in companies,balancesheet,274.0,14955.0,7342.0,7010.0,29582.0,15050.0,3601.0,4709.0,6222.0,29582.0,,,,,,,,,,,,
1324,ULTRACEMCO,2014-03,,,,,,,,,,,,,DQ-03,company_id not found in companies,balancesheet,274.0,16908.0,7332.0,7671.0,32185.0,18100.0,2186.0,4862.0,7037.0,32185.0,,,,,,,,,,,,
1325,ULTRACEMCO,2015-03,,,,,,,,,,,,,DQ-03,company_id not found in companies,balancesheet,274.0,18767.0,9829.0,9183.0,38053.0,23343.0,2250.0,4500.0,7961.0,38053.0,,,,,,,,,,,,
1326,ULTRACEMCO,2016-03,,,,,,,,,,,,,DQ-03,company_id not found in companies,balancesheet,274.0,21671.0,10616.0,8631.0,41193.0,25309.0,1469.0,5095.0,9319.0,41193.0,,,,,,,,,,,,
1327,ULTRACEMCO,2017-03,,,,,,,,,,,,,DQ-03,company_id not found in companies,balancesheet,275.0,24117.0,8474.0,9343.0,42209.0,25904.0,921.0,6691.0,8693.0,42209.0,,,,,,,,,,,,
1328,ULTRACEMCO,2018-03,,,,,,,,,,,,,DQ-03,company_id not found in companies,balancesheet,275.0,26107.0,19480.0,11280.0,57141.0,39715.0,1511.0,5447.0,10468.0,57141.0,,,,,,,,,,,,
1329,ULTRACEMCO,2019-03,,,,,,,,,,,,,DQ-03,company_id not found in companies,balancesheet,275.0,33476.0,25337.0,17438.0,76525.0,56645.0,1153.0,2921.0,15806.0,76525.0,,,,,,,,,,,,
1330,ULTRACEMCO,2020-03,,,,,,,,,,,,,DQ-03,company_id not found in companies,balancesheet,289.0,38755.0,23019.0,17151.0,79214.0,57151.0,920.0,5929.0,15215.0,79214.0,,,,,,,,,,,,
1331,ULTRACEMCO,2021-03,,,,,,,,,,,,,DQ-03,company_id not found in companies,balancesheet,289.0,43886.0,21719.0,20282.0,86176.0,55412.0,1687.0,12178.0,16900.0,86176.0,,,,,,,,,,,,
1332,ULTRACEMCO,2022-03,,,,,,,,,,,,,DQ-03,company_id not found in companies,balancesheet,289.0,50147.0,11299.0,22077.0,83811.0,55488.0,4785.0,6336.0,17203.0,83811.0,,,,,,,,,,,,
1333,ULTRACEMCO,2023-03,,,,,,,,,,,,,DQ-03,company_id not found in companies,balancesheet,289.0,54036.0,11058.0,25998.0,91380.0,59579.0,4040.0,7297.0,20464.0,91380.0,,,,,,,,,,,,
1334,ULTRACEMCO,2024-03,,,,,,,,,,,,,DQ-03,company_id not found in companies,balancesheet,289.0,59939.0,11403.0,29167.0,100797.0,62878.0,6811.0,8249.0,22859.0,100797.0,,,,,,,,,,,,
1335,ULTRACEMCO,2024-09,,,,,,,,,,,,,DQ-03,company_id not found in companies,balancesheet,289.0,61076.0,16964.0,29282.0,107611.0,68042.0,6410.0,7579.0,25579.0,107611.0,,,,,,,,,,,,
253,ASIANPAINT,2013-03,,,,,,,,,,,,,DQ-02,"Duplicate (company_id, year); last occurrence retained",balancesheet,96.0,3288.0,251.0,3149.0,6784.0,2441.0,59.0,296.0,3989.0,6784.0,,,,,,,,,,,,
254,ASIANPAINT,2014-03,,,,,,,,,,,,,DQ-02,"Duplicate (company_id, year); last occurrence retained",balancesheet,96.0,3943.0,249.0,3787.0,8075.0,2562.0,72.0,1424.0,4019.0,8075.0,,,,,,,,,,,,
255,ASIANPAINT,2015-03,,,,,,,,,,,,,DQ-02,"Duplicate (company_id, year); last occurrence retained",balancesheet,96.0,4646.0,418.0,3754.0,8914.0,2660.0,196.0,1588.0,4471.0,8914.0,,,,,,,,,,,,
256,ASIANPAINT,2016-03,,,,,,,,,,,,,DQ-02,"Duplicate (company_id, year); last occurrence retained",balancesheet,96.0,6429.0,323.0,3711.0,10559.0,3416.0,107.0,2712.0,4324.0,10559.0,,,,,,,,,,,,
257,ASIANPAINT,2017-03,,,,,,,,,,,,,DQ-02,"Duplicate (company_id, year); last occurrence retained",balancesheet,96.0,7508.0,560.0,4241.0,12405.0,3304.0,258.0,2652.0,6192.0,12405.0,,,,,,,,,,,,
258,ASIANPAINT,2018-03,,,,,,,,,,,,,DQ-02,"Duplicate (company_id, year); last occurrence retained",balancesheet,96.0,8314.0,533.0,4820.0,13763.0,3732.0,1405.0,2141.0,6485.0,13763.0,,,,,,,,,,,,
259,ASIANPAINT,2019-03,,,,,,,,,,,,,DQ-02,"Duplicate (company_id, year); last occurrence retained",balancesheet,96.0,9375.0,1320.0,5459.0,16249.0,6497.0,210.0,2569.0,6974.0,16249.0,,,,,,,,,,,,
260,ASIANPAINT,2020-03,,,,,,,,,,,,,DQ-02,"Duplicate (company_id, year); last occurrence retained",balancesheet,96.0,10034.0,1118.0,4889.0,16138.0,6272.0,140.0,2019.0,7707.0,16138.0,,,,,,,,,,,,
261,ASIANPAINT,2021-03,,,,,,,,,,,,,DQ-02,"Duplicate (company_id, year); last occurrence retained",balancesheet,96.0,12710.0,1093.0,6456.0,20355.0,5859.0,183.0,4737.0,9577.0,20355.0,,,,,,,,,,,,
262,ASIANPAINT,2022-03,,,,,,,,,,,,,DQ-02,"Duplicate (company_id, year); last occurrence retained",balancesheet,96.0,13716.0,1587.0,7560.0,22958.0,5519.0,426.0,3248.0,13765.0,22958.0,,,,,,,,,,,,
263,ASIANPAINT,2023-03,,,,,,,,,,,,,DQ-02,"Duplicate (company_id, year); last occurrence retained",balancesheet,96.0,15896.0,1933.0,7854.0,25779.0,5770.0,1020.0,4262.0,14728.0,25779.0,,,,,,,,,,,,
264,ASIANPAINT,2024-03,,,,,,,,,,,,,DQ-02,"Duplicate (company_id, year); last occurrence retained",balancesheet,96.0,18632.0,2474.0,8698.0,29901.0,7147.0,2698.0,4588.0,15468.0,29901.0,,,,,,,,,,,,
265,ASIANPAINT,2024-09,,,,,,,,,,,,,DQ-02,"Duplicate (company_id, year); last occurrence retained",balancesheet,96.0,17928.0,2516.0,8934.0,29474.0,7879.0,2272.0,3695.0,15629.0,29474.0,,,,,,,,,,,,
1075,PNB,2013-03,,,,,,,,,,,,,DQ-02,"Duplicate (company_id, year); last occurrence retained",balancesheet,50.0,568.0,6695.0,342.0,7655.0,14.0,4.0,777.0,6860.0,7655.0,,,,,,,,,,,,
1076,PNB,2014-03,,,,,,,,,,,,,DQ-02,"Duplicate (company_id, year); last occurrence retained",balancesheet,66.0,868.0,10108.0,498.0,11540.0,26.0,3.0,645.0,10865.0,11540.0,,,,,,,,,,,,
1077,PNB,2015-03,,,,,,,,,,,,,DQ-02,"Duplicate (company_id, year); last occurrence retained",balancesheet,104.0,1475.0,16481.0,976.0,19035.0,40.0,18.0,1586.0,17392.0,19035.0,,,,,,,,,,,,
1078,PNB,2016-03,,,,,,,,,,,,,DQ-02,"Duplicate (company_id, year); last occurrence retained",balancesheet,127.0,2019.0,26014.0,1511.0,29671.0,58.0,4.0,1622.0,27987.0,29671.0,,,,,,,,,,,,
1079,PNB,2017-03,,,,,,,,,,,,,DQ-02,"Duplicate (company_id, year); last occurrence retained",balancesheet,166.0,5412.0,35497.0,1885.0,42960.0,58.0,2.0,3280.0,39620.0,42960.0,,,,,,,,,,,,
1080,PNB,2018-03,,,,,,,,,,,,,DQ-02,"Duplicate (company_id, year); last occurrence retained",balancesheet,167.0,6402.0,53777.0,2673.0,63018.0,255.0,10.0,2413.0,60340.0,63018.0,,,,,,,,,,,,
1081,PNB,2019-03,,,,,,,,,,,,,DQ-02,"Duplicate (company_id, year); last occurrence retained",balancesheet,167.0,7268.0,71859.0,4456.0,83750.0,102.0,5.0,4457.0,79185.0,83750.0,,,,,,,,,,,,
1082,PNB,2020-03,,,,,,,,,,,,,DQ-02,"Duplicate (company_id, year); last occurrence retained",balancesheet,168.0,7779.0,67736.0,3191.0,78874.0,250.0,4.0,2048.0,76572.0,78874.0,,,,,,,,,,,,
1083,PNB,2021-03,,,,,,,,,,,,,DQ-02,"Duplicate (company_id, year); last occurrence retained",balancesheet,168.0,8699.0,59394.0,3072.0,71333.0,181.0,2.0,2033.0,69117.0,71333.0,,,,,,,,,,,,
1084,PNB,2022-03,,,,,,,,,,,,,DQ-02,"Duplicate (company_id, year); last occurrence retained",balancesheet,169.0,9632.0,52961.0,2888.0,65649.0,150.0,4.0,3472.0,62024.0,65649.0,,,,,,,,,,,,
1085,PNB,2023-03,,,,,,,,,,,,,DQ-02,"Duplicate (company_id, year); last occurrence retained",balancesheet,169.0,10784.0,53621.0,2231.0,66805.0,146.0,3.0,3188.0,63468.0,66805.0,,,,,,,,,,,,
1086,PNB,2024-03,,,,,,,,,,,,,DQ-02,"Duplicate (company_id, year); last occurrence retained",balancesheet,260.0,14673.0,55017.0,2422.0,72371.0,206.0,15.0,4345.0,67804.0,72371.0,,,,,,,,,,,,
1087,PNB,2013-03,,,,,,,,,,,,,DQ-02,"Duplicate (company_id, year); last occurrence retained",balancesheet,50.0,568.0,6695.0,342.0,7655.0,14.0,4.0,777.0,6860.0,7655.0,,,,,,,,,,,,
1088,PNB,2014-03,,,,,,,,,,,,,DQ-02,"Duplicate (company_id, year); last occurrence retained",balancesheet,66.0,868.0,10108.0,498.0,11540.0,26.0,3.0,645.0,10865.0,11540.0,,,,,,,,,,,,
1089,PNB,2015-03,,,,,,,,,,,,,DQ-02,"Duplicate (company_id, year); last occurrence retained",balancesheet,104.0,1475.0,16481.0,976.0,19035.0,40.0,18.0,1586.0,17392.0,19035.0,,,,,,,,,,,,
1090,PNB,2016-03,,,,,,,,,,,,,DQ-02,"Duplicate (company_id, year); last occurrence retained",balancesheet,127.0,2019.0,26014.0,1511.0,29671.0,58.0,4.0,1622.0,27987.0,29671.0,,,,,,,,,,,,
1091,PNB,2017-03,,,,,,,,,,,,,DQ-02,"Duplicate (company_id, year); last occurrence retained",balancesheet,166.0,5412.0,35497.0,1885.0,42960.0,58.0,2.0,3280.0,39620.0,42960.0,,,,,,,,,,,,
1092,PNB,2018-03,,,,,,,,,,,,,DQ-02,"Duplicate (company_id, year); last occurrence retained",balancesheet,167.0,6402.0,53777.0,2673.0,63018.0,255.0,10.0,2413.0,60340.0,63018.0,,,,,,,,,,,,
1093,PNB,2019-03,,,,,,,,,,,,,DQ-02,"Duplicate (company_id, year); last occurrence retained",balancesheet,167.0,7268.0,71859.0,4456.0,83750.0,102.0,5.0,4457.0,79185.0,83750.0,,,,,,,,,,,,
1094,PNB,2020-03,,,,,,,,,,,,,DQ-02,"Duplicate (company_id, year); last occurrence retained",balancesheet,168.0,7779.0,67736.0,3191.0,78874.0,250.0,4.0,2048.0,76572.0,78874.0,,,,,,,,,,,,
1095,PNB,2021-03,,,,,,,,,,,,,DQ-02,"Duplicate (company_id, year); last occurrence retained",balancesheet,168.0,8699.0,59394.0,3072.0,71333.0,181.0,2.0,2033.0,69117.0,71333.0,,,,,,,,,,,,
1096,PNB,2022-03,,,,,,,,,,,,,DQ-02,"Duplicate (company_id, year); last occurrence retained",balancesheet,169.0,9632.0,52961.0,2888.0,65649.0,150.0,4.0,3472.0,62024.0,65649.0,,,,,,,,,,,,
1097,PNB,2023-03,,,,,,,,,,,,,DQ-02,"Duplicate (company_id, year); last occurrence retained",balancesheet,169.0,10784.0,53621.0,2231.0,66805.0,146.0,3.0,3188.0,63468.0,66805.0,,,,,,,,,,,,
1098,PNB,2024-03,,,,,,,,,,,,,DQ-02,"Duplicate (company_id, year); last occurrence retained",balancesheet,260.0,14673.0,55017.0,2422.0,72371.0,206.0,15.0,4345.0,67804.0,72371.0,,,,,,,,,,,,
1099,PNB,2013-03,,,,,,,,,,,,,DQ-02,"Duplicate (company_id, year); last occurrence retained",balancesheet,50.0,568.0,6695.0,342.0,7655.0,14.0,4.0,777.0,6860.0,7655.0,,,,,,,,,,,,
1100,PNB,2014-03,,,,,,,,,,,,,DQ-02,"Duplicate (company_id, year); last occurrence retained",balancesheet,66.0,868.0,10108.0,498.0,11540.0,26.0,3.0,645.0,10865.0,11540.0,,,,,,,,,,,,
1101,PNB,2015-03,,,,,,,,,,,,,DQ-02,"Duplicate (company_id, year); last occurrence retained",balancesheet,104.0,1475.0,16481.0,976.0,19035.0,40.0,18.0,1586.0,17392.0,19035.0,,,,,,,,,,,,
1102,PNB,2016-03,,,,,,,,,,,,,DQ-02,"Duplicate (company_id, year); last occurrence retained",balancesheet,127.0,2019.0,26014.0,1511.0,29671.0,58.0,4.0,1622.0,27987.0,29671.0,,,,,,,,,,,,
1103,PNB,2017-03,,,,,,,,,,,,,DQ-02,"Duplicate (company_id, year); last occurrence retained",balancesheet,166.0,5412.0,35497.0,1885.0,42960.0,58.0,2.0,3280.0,39620.0,42960.0,,,,,,,,,,,,
1104,PNB,2018-03,,,,,,,,,,,,,DQ-02,"Duplicate (company_id, year); last occurrence retained",balancesheet,167.0,6402.0,53777.0,2673.0,63018.0,255.0,10.0,2413.0,60340.0,63018.0,,,,,,,,,,,,
1105,PNB,2019-03,,,,,,,,,,,,,DQ-02,"Duplicate (company_id, year); last occurrence retained",balancesheet,167.0,7268.0,71859.0,4456.0,83750.0,102.0,5.0,4457.0,79185.0,83750.0,,,,,,,,,,,,
1106,PNB,2020-03,,,,,,,,,,,,,DQ-02,"Duplicate (company_id, year); last occurrence retained",balancesheet,168.0,7779.0,67736.0,3191.0,78874.0,250.0,4.0,2048.0,76572.0,78874.0,,,,,,,,,,,,
1107,PNB,2021-03,,,,,,,,,,,,,DQ-02,"Duplicate (company_id, year); last occurrence retained",balancesheet,168.0,8699.0,59394.0,3072.0,71333.0,181.0,2.0,2033.0,69117.0,71333.0,,,,,,,,,,,,
1108,PNB,2022-03,,,,,,,,,,,,,DQ-02,"Duplicate (company_id, year); last occurrence retained",balancesheet,169.0,9632.0,52961.0,2888.0,65649.0,150.0,4.0,3472.0,62024.0,65649.0,,,,,,,,,,,,
1109,PNB,2023-03,,,,,,,,,,,,,DQ-02,"Duplicate (company_id, year); last occurrence retained",balancesheet,169.0,10784.0,53621.0,2231.0,66805.0,146.0,3.0,3188.0,63468.0,66805.0,,,,,,,,,,,,
1110,PNB,2024-03,,,,,,,,,,,,,DQ-02,"Duplicate (company_id, year); last occurrence retained",balancesheet,260.0,14673.0,55017.0,2422.0,72371.0,206.0,15.0,4345.0,67804.0,72371.0,,,,,,,,,,,,
1111,PNB,2013-03,,,,,,,,,,,,,DQ-02,"Duplicate (company_id, year); last occurrence retained",balancesheet,50.0,568.0,6695.0,342.0,7655.0,14.0,4.0,777.0,6860.0,7655.0,,,,,,,,,,,,
1112,PNB,2014-03,,,,,,,,,,,,,DQ-02,"Duplicate (company_id, year); last occurrence retained",balancesheet,66.0,868.0,10108.0,498.0,11540.0,26.0,3.0,645.0,10865.0,11540.0,,,,,,,,,,,,
1113,PNB,2015-03,,,,,,,,,,,,,DQ-02,"Duplicate (company_id, year); last occurrence retained",balancesheet,104.0,1475.0,16481.0,976.0,19035.0,40.0,18.0,1586.0,17392.0,19035.0,,,,,,,,,,,,
1114,PNB,2016-03,,,,,,,,,,,,,DQ-02,"Duplicate (company_id, year); last occurrence retained",balancesheet,127.0,2019.0,26014.0,1511.0,29671.0,58.0,4.0,1622.0,27987.0,29671.0,,,,,,,,,,,,
1115,PNB,2017-03,,,,,,,,,,,,,DQ-02,"Duplicate (company_id, year); last occurrence retained",balancesheet,166.0,5412.0,35497.0,1885.0,42960.0,58.0,2.0,3280.0,39620.0,42960.0,,,,,,,,,,,,
1116,PNB,2018-03,,,,,,,,,,,,,DQ-02,"Duplicate (company_id, year); last occurrence retained",balancesheet,167.0,6402.0,53777.0,2673.0,63018.0,255.0,10.0,2413.0,60340.0,63018.0,,,,,,,,,,,,
1117,PNB,2019-03,,,,,,,,,,,,,DQ-02,"Duplicate (company_id, year); last occurrence retained",balancesheet,167.0,7268.0,71859.0,4456.0,83750.0,102.0,5.0,4457.0,79185.0,83750.0,,,,,,,,,,,,
1118,PNB,2020-03,,,,,,,,,,,,,DQ-02,"Duplicate (company_id, year); last occurrence retained",balancesheet,168.0,7779.0,67736.0,3191.0,78874.0,250.0,4.0,2048.0,76572.0,78874.0,,,,,,,,,,,,
1119,PNB,2021-03,,,,,,,,,,,,,DQ-02,"Duplicate (company_id, year); last occurrence retained",balancesheet,168.0,8699.0,59394.0,3072.0,71333.0,181.0,2.0,2033.0,69117.0,71333.0,,,,,,,,,,,,
1120,PNB,2022-03,,,,,,,,,,,,,DQ-02,"Duplicate (company_id, year); last occurrence retained",balancesheet,169.0,9632.0,52961.0,2888.0,65649.0,150.0,4.0,3472.0,62024.0,65649.0,,,,,,,,,,,,
1121,PNB,2023-03,,,,,,,,,,,,,DQ-02,"Duplicate (company_id, year); last occurrence retained",balancesheet,169.0,10784.0,53621.0,2231.0,66805.0,146.0,3.0,3188.0,63468.0,66805.0,,,,,,,,,,,,
1122,PNB,2024-03,,,,,,,,,,,,,DQ-02,"Duplicate (company_id, year); last occurrence retained",balancesheet,260.0,14673.0,55017.0,2422.0,72371.0,206.0,15.0,4345.0,67804.0,72371.0,,,,,,,,,,,,
1135,POWERGRID,2013-03,,,,,,,,,,,,,DQ-02,"Duplicate (company_id, year); last occurrence retained",balancesheet,4630.0,21773.0,69233.0,17748.0,113384.0,62568.0,35265.0,586.0,14964.0,113384.0,,,,,,,,,,,,
1136,POWERGRID,2014-03,,,,,,,,,,,,,DQ-02,"Duplicate (company_id, year); last occurrence retained",balancesheet,5232.0,29466.0,84220.0,22562.0,141480.0,74252.0,50069.0,423.0,16736.0,141480.0,,,,,,,,,,,,
1137,POWERGRID,2015-03,,,,,,,,,,,,,DQ-02,"Duplicate (company_id, year); last occurrence retained",balancesheet,5232.0,33207.0,96243.0,26102.0,160784.0,91191.0,53681.0,220.0,15693.0,160784.0,,,,,,,,,,,,
1138,POWERGRID,2016-03,,,,,,,,,,,,,DQ-02,"Duplicate (company_id, year); last occurrence retained",balancesheet,5232.0,38738.0,108545.0,26797.0,179312.0,115094.0,45611.0,919.0,17688.0,179312.0,,,,,,,,,,,,
1139,POWERGRID,2017-03,,,,,,,,,,,,,DQ-02,"Duplicate (company_id, year); last occurrence retained",balancesheet,5232.0,44634.0,118988.0,26809.0,195662.0,137678.0,38264.0,1165.0,18555.0,195662.0,,,,,,,,,,,,
1140,POWERGRID,2018-03,,,,,,,,,,,,,DQ-02,"Duplicate (company_id, year); last occurrence retained",balancesheet,5232.0,49194.0,131503.0,39425.0,225354.0,156198.0,37669.0,1224.0,30264.0,225354.0,,,,,,,,,,,,
1141,POWERGRID,2019-03,,,,,,,,,,,,,DQ-02,"Duplicate (company_id, year); last occurrence retained",balancesheet,5232.0,53857.0,146376.0,41916.0,247380.0,172740.0,37631.0,1296.0,35713.0,247380.0,,,,,,,,,,,,
1142,POWERGRID,2020-03,,,,,,,,,,,,,DQ-02,"Duplicate (company_id, year); last occurrence retained",balancesheet,5232.0,59464.0,148270.0,43706.0,256671.0,181112.0,35177.0,1431.0,38951.0,256671.0,,,,,,,,,,,,
1143,POWERGRID,2021-03,,,,,,,,,,,,,DQ-02,"Duplicate (company_id, year); last occurrence retained",balancesheet,5232.0,64704.0,143232.0,42539.0,255708.0,183726.0,24838.0,1486.0,45659.0,255708.0,,,,,,,,,,,,
1144,POWERGRID,2022-03,,,,,,,,,,,,,DQ-02,"Duplicate (company_id, year); last occurrence retained",balancesheet,6975.0,69272.0,134696.0,40008.0,250950.0,191773.0,12854.0,3788.0,42536.0,250950.0,,,,,,,,,,,,
1145,POWERGRID,2023-03,,,,,,,,,,,,,DQ-02,"Duplicate (company_id, year); last occurrence retained",balancesheet,6975.0,76051.0,128584.0,40615.0,252225.0,185437.0,13772.0,3489.0,49527.0,252225.0,,,,,,,,,,,,
1146,POWERGRID,2024-03,,,,,,,,,,,,,DQ-02,"Duplicate (company_id, year); last occurrence retained",balancesheet,9301.0,77845.0,123516.0,40168.0,250829.0,177761.0,18197.0,4163.0,50708.0,250829.0,,,,,,,,,,,,
1147,POWERGRID,2024-09,,,,,,,,,,,,,DQ-02,"Duplicate (company_id, year); last occurrence retained",balancesheet,9301.0,82760.0,122568.0,40668.0,255297.0,174178.0,23767.0,3410.0,53941.0,255297.0,,,,,,,,,,,,
1388,TECHM,2013-03,,,,,,,,,,,,,DQ-02,"Duplicate (company_id, year); last occurrence retained",balancesheet,128.0,5298.0,1380.0,2178.0,8984.0,1245.0,34.0,4099.0,3607.0,8984.0,,,,,,,,,,,,
1389,TECHM,2014-03,,,,,,,,,,,,,DQ-02,"Duplicate (company_id, year); last occurrence retained",balancesheet,234.0,8948.0,363.0,6394.0,15940.0,2594.0,266.0,1472.0,11607.0,15940.0,,,,,,,,,,,,
1390,TECHM,2015-03,,,,,,,,,,,,,DQ-02,"Duplicate (company_id, year); last occurrence retained",balancesheet,480.0,11768.0,700.0,6899.0,19848.0,4033.0,568.0,2103.0,13145.0,19848.0,,,,,,,,,,,,
1391,TECHM,2016-03,,,,,,,,,,,,,DQ-02,"Duplicate (company_id, year); last occurrence retained",balancesheet,436.0,14155.0,1091.0,6843.0,22525.0,4309.0,629.0,1297.0,16289.0,22525.0,,,,,,,,,,,,
1392,TECHM,2017-03,,,,,,,,,,,,,DQ-02,"Duplicate (company_id, year); last occurrence retained",balancesheet,439.0,15998.0,1366.0,8254.0,26057.0,6460.0,373.0,2396.0,16828.0,26057.0,,,,,,,,,,,,
1393,TECHM,2018-03,,,,,,,,,,,,,DQ-02,"Duplicate (company_id, year); last occurrence retained",balancesheet,442.0,18401.0,2397.0,9192.0,30431.0,7622.0,240.0,4841.0,17728.0,30431.0,,,,,,,,,,,,
1394,TECHM,2019-03,,,,,,,,,,,,,DQ-02,"Duplicate (company_id, year); last occurrence retained",balancesheet,444.0,19841.0,1996.0,11166.0,33446.0,7061.0,276.0,7342.0,18766.0,33446.0,,,,,,,,,,,,
1395,TECHM,2020-03,,,,,,,,,,,,,DQ-02,"Duplicate (company_id, year); last occurrence retained",balancesheet,436.0,21377.0,3670.0,11834.0,37318.0,8872.0,50.0,5848.0,22548.0,37318.0,,,,,,,,,,,,
1396,TECHM,2021-03,,,,,,,,,,,,,DQ-02,"Duplicate (company_id, year); last occurrence retained",balancesheet,437.0,24428.0,2901.0,11836.0,39602.0,9018.0,118.0,10238.0,20228.0,39602.0,,,,,,,,,,,,
1397,TECHM,2022-03,,,,,,,,,,,,,DQ-02,"Duplicate (company_id, year); last occurrence retained",balancesheet,439.0,26447.0,2618.0,14911.0,44416.0,14784.0,165.0,4884.0,24583.0,44416.0,,,,,,,,,,,,
1398,TECHM,2023-03,,,,,,,,,,,,,DQ-02,"Duplicate (company_id, year); last occurrence retained",balancesheet,440.0,27484.0,2740.0,15162.0,45827.0,14932.0,120.0,3388.0,27388.0,45827.0,,,,,,,,,,,,
1399,TECHM,2024-03,,,,,,,,,,,,,DQ-02,"Duplicate (company_id, year); last occurrence retained",balancesheet,441.0,26228.0,2537.0,13943.0,43149.0,13903.0,133.0,3238.0,25875.0,43149.0,,,,,,,,,,,,
1400,TECHM,2024-09,,,,,,,,,,,,,DQ-02,"Duplicate (company_id, year); last occurrence retained",balancesheet,442.0,26004.0,2035.0,14346.0,42827.0,13818.0,11.0,2312.0,26686.0,42827.0,,,,,,,,,,,,
189,AGTL,2018-03,,,,,,,,,,,,,DQ-03,company_id not found in companies,cashflow,,,,,,,,,,,277.0,-988.0,779.0,68.0,,,,,,,,
190,AGTL,2019-03,,,,,,,,,,,,,DQ-03,company_id not found in companies,cashflow,,,,,,,,,,,356.0,791.0,-1077.0,70.0,,,,,,,,
191,AGTL,2020-03,,,,,,,,,,,,,DQ-03,company_id not found in companies,cashflow,,,,,,,,,,,492.0,-461.0,-102.0,-71.0,,,,,,,,
192,AGTL,2021-03,,,,,,,,,,,,,DQ-03,company_id not found in companies,cashflow,,,,,,,,,,,654.0,-770.0,39.0,-78.0,,,,,,,,
193,AGTL,2022-03,,,,,,,,,,,,,DQ-03,company_id not found in companies,cashflow,,,,,,,,,,,732.0,-1133.0,422.0,21.0,,,,,,,,
194,AGTL,2023-03,,,,,,,,,,,,,DQ-03,company_id not found in companies,cashflow,,,,,,,,,,,853.0,-1167.0,295.0,-19.0,,,,,,,,
195,AGTL,2024-03,,,,,,,,,,,,,DQ-03,company_id not found in companies,cashflow,,,,,,,,,,,955.0,-752.0,-78.0,125.0,,,,,,,,
1170,ULTRACEMCO,2013-03,,,,,,,,,,,,,DQ-03,company_id not found in companies,cashflow,,,,,,,,,,,3618.0,-4362.0,715.0,-30.0,,,,,,,,
1171,ULTRACEMCO,2014-03,,,,,,,,,,,,,DQ-03,company_id not found in companies,cashflow,,,,,,,,,,,3455.0,-2342.0,-949.0,164.0,,,,,,,,
1172,ULTRACEMCO,2015-03,,,,,,,,,,,,,DQ-03,company_id not found in companies,cashflow,,,,,,,,,,,4190.0,-2144.0,-2110.0,-63.0,,,,,,,,
1173,ULTRACEMCO,2016-03,,,,,,,,,,,,,DQ-03,company_id not found in companies,cashflow,,,,,,,,,,,4526.0,-3673.0,-844.0,8.0,,,,,,,,
1174,ULTRACEMCO,2017-03,,,,,,,,,,,,,DQ-03,company_id not found in companies,cashflow,,,,,,,,,,,5005.0,-2501.0,-2535.0,-31.0,,,,,,,,
1175,ULTRACEMCO,2018-03,,,,,,,,,,,,,DQ-03,company_id not found in companies,cashflow,,,,,,,,,,,3888.0,1866.0,-5735.0,18.0,,,,,,,,
1176,ULTRACEMCO,2019-03,,,,,,,,,,,,,DQ-03,company_id not found in companies,cashflow,,,,,,,,,,,5956.0,1165.0,-6757.0,364.0,,,,,,,,
1177,ULTRACEMCO,2020-03,,,,,,,,,,,,,DQ-03,company_id not found in companies,cashflow,,,,,,,,,,,8972.0,-4192.0,-5076.0,-295.0,,,,,,,,
1178,ULTRACEMCO,2021-03,,,,,,,,,,,,,DQ-03,company_id not found in companies,cashflow,,,,,,,,,,,12500.0,-8856.0,-4356.0,-712.0,,,,,,,,
1179,ULTRACEMCO,2022-03,,,,,,,,,,,,,DQ-03,company_id not found in companies,cashflow,,,,,,,,,,,9283.0,2257.0,-12498.0,-958.0,,,,,,,,
1180,ULTRACEMCO,2023-03,,,,,,,,,,,,,DQ-03,company_id not found in companies,cashflow,,,,,,,,,,,9069.0,-7188.0,-1631.0,250.0,,,,,,,,
1181,ULTRACEMCO,2024-03,,,,,,,,,,,,,DQ-03,company_id not found in companies,cashflow,,,,,,,,,,,10898.0,-8789.0,-1926.0,183.0,,,,,,,,
1182,UNIONBANK,2013-03,,,,,,,,,,,,,DQ-03,company_id not found in companies,cashflow,,,,,,,,,,,-4245.0,-343.0,5096.0,507.0,,,,,,,,
1183,UNIONBANK,2014-03,,,,,,,,,,,,,DQ-03,company_id not found in companies,cashflow,,,,,,,,,,,2570.0,-363.0,4902.0,7109.0,,,,,,,,
1184,UNIONBANK,2015-03,,,,,,,,,,,,,DQ-03,company_id not found in companies,cashflow,,,,,,,,,,,-3567.0,-318.0,3168.0,-718.0,,,,,,,,
1185,UNIONBANK,2016-03,,,,,,,,,,,,,DQ-03,company_id not found in companies,cashflow,,,,,,,,,,,81.0,-9.0,-2.0,70.0,,,,,,,,
1186,UNIONBANK,2017-03,,,,,,,,,,,,,DQ-03,company_id not found in companies,cashflow,,,,,,,,,,,-6624.0,-280.0,10194.0,3289.0,,,,,,,,
1187,UNIONBANK,2018-03,,,,,,,,,,,,,DQ-03,company_id not found in companies,cashflow,,,,,,,,,,,6097.0,-315.0,10792.0,16574.0,,,,,,,,
1188,UNIONBANK,2019-03,,,,,,,,,,,,,DQ-03,company_id not found in companies,cashflow,,,,,,,,,,,-7778.0,-297.0,1758.0,-6317.0,,,,,,,,
1189,UNIONBANK,2020-03,,,,,,,,,,,,,DQ-03,company_id not found in companies,cashflow,,,,,,,,,,,-77.0,-4.0,201.0,121.0,,,,,,,,
1190,UNIONBANK,2021-03,,,,,,,,,,,,,DQ-03,company_id not found in companies,cashflow,,,,,,,,,,,20527.0,-601.0,-18861.0,1066.0,,,,,,,,
1191,UNIONBANK,2022-03,,,,,,,,,,,,,DQ-03,company_id not found in companies,cashflow,,,,,,,,,,,36339.0,-558.0,-786.0,34995.0,,,,,,,,
1192,UNIONBANK,2023-03,,,,,,,,,,,,,DQ-03,company_id not found in companies,cashflow,,,,,,,,,,,6056.0,-2561.0,-10654.0,-7159.0,,,,,,,,
1193,UNIONBANK,2024-03,,,,,,,,,,,,,DQ-03,company_id not found in companies,cashflow,,,,,,,,,,,19930.0,-1394.0,-11489.0,7047.0,,,,,,,,
1194,UNITDSPR,2013-03,,,,,,,,,,,,,DQ-03,company_id not found in companies,cashflow,,,,,,,,,,,1969.0,-1121.0,-992.0,-145.0,,,,,,,,
1195,UNITDSPR,2014-03,,,,,,,,,,,,,DQ-03,company_id not found in companies,cashflow,,,,,,,,,,,-552.0,-252.0,1235.0,431.0,,,,,,,,
1196,UNITDSPR,2015-03,,,,,,,,,,,,,DQ-03,company_id not found in companies,cashflow,,,,,,,,,,,-196.0,3855.0,-4002.0,-343.0,,,,,,,,
1197,UNITDSPR,2016-03,,,,,,,,,,,,,DQ-03,company_id not found in companies,cashflow,,,,,,,,,,,283.0,733.0,-1155.0,-139.0,,,,,,,,
1198,UNITDSPR,2017-03,,,,,,,,,,,,,DQ-03,company_id not found in companies,cashflow,,,,,,,,,,,647.0,-227.0,-475.0,-56.0,,,,,,,,
1199,UNITDSPR,2018-03,,,,,,,,,,,,,DQ-03,company_id not found in companies,cashflow,,,,,,,,,,,925.0,104.0,-966.0,63.0,,,,,,,,
1200,UNITDSPR,2019-03,,,,,,,,,,,,,DQ-03,company_id not found in companies,cashflow,,,,,,,,,,,948.0,-66.0,-808.0,74.0,,,,,,,,
1201,UNITDSPR,2020-03,,,,,,,,,,,,,DQ-03,company_id not found in companies,cashflow,,,,,,,,,,,783.0,-194.0,-740.0,-150.0,,,,,,,,
1202,UNITDSPR,2021-03,,,,,,,,,,,,,DQ-03,company_id not found in companies,cashflow,,,,,,,,,,,1818.0,-99.0,-1707.0,12.0,,,,,,,,
1203,UNITDSPR,2022-03,,,,,,,,,,,,,DQ-03,company_id not found in companies,cashflow,,,,,,,,,,,977.0,-313.0,-688.0,-23.0,,,,,,,,
1204,UNITDSPR,2023-03,,,,,,,,,,,,,DQ-03,company_id not found in companies,cashflow,,,,,,,,,,,615.0,-55.0,-500.0,60.0,,,,,,,,
1205,UNITDSPR,2024-03,,,,,,,,,,,,,DQ-03,company_id not found in companies,cashflow,,,,,,,,,,,1118.0,226.0,-407.0,937.0,,,,,,,,
1206,VBL,2012-12,,,,,,,,,,,,,DQ-03,company_id not found in companies,cashflow,,,,,,,,,,,280.0,-507.0,229.0,3.0,,,,,,,,
1207,VBL,2013-12,,,,,,,,,,,,,DQ-03,company_id not found in companies,cashflow,,,,,,,,,,,297.0,-574.0,274.0,-2.0,,,,,,,,
1208,VBL,2014-12,,,,,,,,,,,,,DQ-03,company_id not found in companies,cashflow,,,,,,,,,,,431.0,-500.0,58.0,-11.0,,,,,,,,
1209,VBL,2015-12,,,,,,,,,,,,,DQ-03,company_id not found in companies,cashflow,,,,,,,,,,,555.0,-300.0,-236.0,19.0,,,,,,,,
1210,VBL,2016-12,,,,,,,,,,,,,DQ-03,company_id not found in companies,cashflow,,,,,,,,,,,826.0,-1048.0,230.0,8.0,,,,,,,,
1211,VBL,2017-12,,,,,,,,,,,,,DQ-03,company_id not found in companies,cashflow,,,,,,,,,,,620.0,-746.0,159.0,32.0,,,,,,,,
1212,VBL,2018-12,,,,,,,,,,,,,DQ-03,company_id not found in companies,cashflow,,,,,,,,,,,1000.0,-937.0,-84.0,-22.0,,,,,,,,
1213,VBL,2019-12,,,,,,,,,,,,,DQ-03,company_id not found in companies,cashflow,,,,,,,,,,,1308.0,-2320.0,1107.0,95.0,,,,,,,,
1214,VBL,2020-12,,,,,,,,,,,,,DQ-03,company_id not found in companies,cashflow,,,,,,,,,,,1012.0,-472.0,-574.0,-33.0,,,,,,,,
1215,VBL,2021-12,,,,,,,,,,,,,DQ-03,company_id not found in companies,cashflow,,,,,,,,,,,1231.0,-1008.0,-178.0,46.0,,,,,,,,
1216,VBL,2022-12,,,,,,,,,,,,,DQ-03,company_id not found in companies,cashflow,,,,,,,,,,,1790.0,-1769.0,-18.0,4.0,,,,,,,,
1217,VBL,2023-12,,,,,,,,,,,,,DQ-03,company_id not found in companies,cashflow,,,,,,,,,,,2391.0,-3288.0,985.0,88.0,,,,,,,,
1218,VEDL,2013-03,,,,,,,,,,,,,DQ-03,company_id not found in companies,cashflow,,,,,,,,,,,22.0,-311.0,238.0,-51.0,,,,,,,,
1219,VEDL,2014-03,,,,,,,,,,,,,DQ-03,company_id not found in companies,cashflow,,,,,,,,,,,15601.0,-2890.0,-5052.0,7659.0,,,,,,,,
1220,VEDL,2015-03,,,,,,,,,,,,,DQ-03,company_id not found in companies,cashflow,,,,,,,,,,,17805.0,-4133.0,-13956.0,-284.0,,,,,,,,
1221,VEDL,2016-03,,,,,,,,,,,,,DQ-03,company_id not found in companies,cashflow,,,,,,,,,,,20377.0,-7868.0,-11303.0,1206.0,,,,,,,,
1222,VEDL,2017-03,,,,,,,,,,,,,DQ-03,company_id not found in companies,cashflow,,,,,,,,,,,18083.0,2681.0,-12425.0,8339.0,,,,,,,,
1223,VEDL,2018-03,,,,,,,,,,,,,DQ-03,company_id not found in companies,cashflow,,,,,,,,,,,17366.0,15480.0,-39255.0,-6409.0,,,,,,,,
1224,VEDL,2019-03,,,,,,,,,,,,,DQ-03,company_id not found in companies,cashflow,,,,,,,,,,,23754.0,-10594.0,-10242.0,2918.0,,,,,,,,
1225,VEDL,2020-03,,,,,,,,,,,,,DQ-03,company_id not found in companies,cashflow,,,,,,,,,,,19300.0,-5925.0,-15547.0,-2172.0,,,,,,,,
1226,VEDL,2021-03,,,,,,,,,,,,,DQ-03,company_id not found in companies,cashflow,,,,,,,,,,,23980.0,-6678.0,-17565.0,-263.0,,,,,,,,
1227,VEDL,2022-03,,,,,,,,,,,,,DQ-03,company_id not found in companies,cashflow,,,,,,,,,,,34963.0,-2243.0,-28903.0,3817.0,,,,,,,,
1228,VEDL,2023-03,,,,,,,,,,,,,DQ-03,company_id not found in companies,cashflow,,,,,,,,,,,33065.0,-668.0,-34142.0,-1745.0,,,,,,,,
1229,VEDL,2024-03,,,,,,,,,,,,,DQ-03,company_id not found in companies,cashflow,,,,,,,,,,,35654.0,-13676.0,-26092.0,-4114.0,,,,,,,,
1230,WIPRO,2013-03,,,,,,,,,,,,,DQ-03,company_id not found in companies,cashflow,,,,,,,,,,,6394.0,-4536.0,-1140.0,717.0,,,,,,,,
1231,WIPRO,2014-03,,,,,,,,,,,,,DQ-03,company_id not found in companies,cashflow,,,,,,,,,,,6790.0,-284.0,-3570.0,2936.0,,,,,,,,
1232,WIPRO,2015-03,,,,,,,,,,,,,DQ-03,company_id not found in companies,cashflow,,,,,,,,,,,7840.0,-2537.0,-830.0,4474.0,,,,,,,,
1233,WIPRO,2016-03,,,,,,,,,,,,,DQ-03,company_id not found in companies,cashflow,,,,,,,,,,,7887.0,-13761.0,-159.0,-6032.0,,,,,,,,
1234,WIPRO,2017-03,,,,,,,,,,,,,DQ-03,company_id not found in companies,cashflow,,,,,,,,,,,9277.0,-11770.0,-2275.0,-4767.0,,,,,,,,
1235,WIPRO,2018-03,,,,,,,,,,,,,DQ-03,company_id not found in companies,cashflow,,,,,,,,,,,8423.0,3595.0,-12998.0,-979.0,,,,,,,,
1236,WIPRO,2019-03,,,,,,,,,,,,,DQ-03,company_id not found in companies,cashflow,,,,,,,,,,,11632.0,5065.0,-4937.0,11760.0,,,,,,,,
1237,WIPRO,2020-03,,,,,,,,,,,,,DQ-03,company_id not found in companies,cashflow,,,,,,,,,,,10064.0,3593.0,-15100.0,-1442.0,,,,,,,,
1238,WIPRO,2021-03,,,,,,,,,,,,,DQ-03,company_id not found in companies,cashflow,,,,,,,,,,,14755.0,685.0,-12884.0,2556.0,,,,,,,,
1239,WIPRO,2022-03,,,,,,,,,,,,,DQ-03,company_id not found in companies,cashflow,,,,,,,,,,,11080.0,-22321.0,4659.0,-6583.0,,,,,,,,
1240,WIPRO,2023-03,,,,,,,,,,,,,DQ-03,company_id not found in companies,cashflow,,,,,,,,,,,13060.0,-8169.0,-6088.0,-1197.0,,,,,,,,
1241,WIPRO,2024-03,,,,,,,,,,,,,DQ-03,company_id not found in companies,cashflow,,,,,,,,,,,17622.0,1144.0,-18257.0,509.0,,,,,,,,
1242,ZOMATO,2020-03,,,,,,,,,,,,,DQ-03,company_id not found in companies,cashflow,,,,,,,,,,,-2144.0,1740.0,359.0,-45.0,,,,,,,,
1243,ZOMATO,2021-03,,,,,,,,,,,,,DQ-03,company_id not found in companies,cashflow,,,,,,,,,,,-1018.0,-5245.0,6402.0,139.0,,,,,,,,
1244,ZOMATO,2022-03,,,,,,,,,,,,,DQ-03,company_id not found in companies,cashflow,,,,,,,,,,,-693.0,-7971.0,8750.0,86.0,,,,,,,,
1245,ZOMATO,2023-03,,,,,,,,,,,,,DQ-03,company_id not found in companies,cashflow,,,,,,,,,,,-844.0,797.0,-127.0,-174.0,,,,,,,,
1246,ZOMATO,2024-03,,,,,,,,,,,,,DQ-03,company_id not found in companies,cashflow,,,,,,,,,,,646.0,-348.0,-207.0,91.0,,,,,,,,
1247,ZYDUSLIFE,2013-03,,,,,,,,,,,,,DQ-03,company_id not found in companies,cashflow,,,,,,,,,,,603.0,-682.0,286.0,207.0,,,,,,,,
1248,ZYDUSLIFE,2014-03,,,,,,,,,,,,,DQ-03,company_id not found in companies,cashflow,,,,,,,,,,,903.0,-438.0,-529.0,-64.0,,,,,,,,
1249,ZYDUSLIFE,2015-03,,,,,,,,,,,,,DQ-03,company_id not found in companies,cashflow,,,,,,,,,,,994.0,-465.0,-351.0,178.0,,,,,,,,
1250,ZYDUSLIFE,2016-03,,,,,,,,,,,,,DQ-03,company_id not found in companies,cashflow,,,,,,,,,,,1894.0,-860.0,-935.0,99.0,,,,,,,,
1251,ZYDUSLIFE,2017-03,,,,,,,,,,,,,DQ-03,company_id not found in companies,cashflow,,,,,,,,,,,1312.0,-2872.0,2316.0,756.0,,,,,,,,
1252,ZYDUSLIFE,2018-03,,,,,,,,,,,,,DQ-03,company_id not found in companies,cashflow,,,,,,,,,,,919.0,-974.0,52.0,-3.0,,,,,,,,
1253,ZYDUSLIFE,2019-03,,,,,,,,,,,,,DQ-03,company_id not found in companies,cashflow,,,,,,,,,,,1282.0,-3977.0,1885.0,-811.0,,,,,,,,
1254,ZYDUSLIFE,2020-03,,,,,,,,,,,,,DQ-03,company_id not found in companies,cashflow,,,,,,,,,,,2932.0,-1004.0,-1528.0,399.0,,,,,,,,
1255,ZYDUSLIFE,2021-03,,,,,,,,,,,,,DQ-03,company_id not found in companies,cashflow,,,,,,,,,,,3294.0,-837.0,-2548.0,-90.0,,,,,,,,
1256,ZYDUSLIFE,2022-03,,,,,,,,,,,,,DQ-03,company_id not found in companies,cashflow,,,,,,,,,,,2104.0,-1018.0,-868.0,219.0,,,,,,,,
1257,ZYDUSLIFE,2023-03,,,,,,,,,,,,,DQ-03,company_id not found in companies,cashflow,,,,,,,,,,,2689.0,1542.0,-4400.0,-170.0,,,,,,,,
1258,ZYDUSLIFE,2024-03,,,,,,,,,,,,,DQ-03,company_id not found in companies,cashflow,,,,,,,,,,,3228.0,-1492.0,-1810.0,-75.0,,,,,,,,
37,TCS,2013-03,,,,,,,,,,,,,DQ-02,"Duplicate (company_id, year); last occurrence retained",cashflow,,,,,,,,,,,11615.0,-6038.0,-5729.0,-152.0,,,,,,,,
38,TCS,2014-03,,,,,,,,,,,,,DQ-02,"Duplicate (company_id, year); last occurrence retained",cashflow,,,,,,,,,,,14751.0,-9452.0,-5673.0,-374.0,,,,,,,,
39,TCS,2015-03,,,,,,,,,,,,,DQ-02,"Duplicate (company_id, year); last occurrence retained",cashflow,,,,,,,,,,,19369.0,-1807.0,-17168.0,394.0,,,,,,,,
40,TCS,2016-03,,,,,,,,,,,,,DQ-02,"Duplicate (company_id, year); last occurrence retained",cashflow,,,,,,,,,,,19109.0,-5010.0,-9666.0,4433.0,,,,,,,,
41,TCS,2017-03,,,,,,,,,,,,,DQ-02,"Duplicate (company_id, year); last occurrence retained",cashflow,,,,,,,,,,,25223.0,-16895.0,-11026.0,-2698.0,,,,,,,,
42,TCS,2018-03,,,,,,,,,,,,,DQ-02,"Duplicate (company_id, year); last occurrence retained",cashflow,,,,,,,,,,,25067.0,3104.0,-26885.0,1286.0,,,,,,,,
43,TCS,2019-03,,,,,,,,,,,,,DQ-02,"Duplicate (company_id, year); last occurrence retained",cashflow,,,,,,,,,,,28593.0,1645.0,-27897.0,2341.0,,,,,,,,
44,TCS,2020-03,,,,,,,,,,,,,DQ-02,"Duplicate (company_id, year); last occurrence retained",cashflow,,,,,,,,,,,32369.0,8968.0,-39915.0,1422.0,,,,,,,,
45,TCS,2021-03,,,,,,,,,,,,,DQ-02,"Duplicate (company_id, year); last occurrence retained",cashflow,,,,,,,,,,,38802.0,-7956.0,-32634.0,-1788.0,,,,,,,,
46,TCS,2022-03,,,,,,,,,,,,,DQ-02,"Duplicate (company_id, year); last occurrence retained",cashflow,,,,,,,,,,,39949.0,-738.0,-33581.0,5630.0,,,,,,,,
47,TCS,2023-03,,,,,,,,,,,,,DQ-02,"Duplicate (company_id, year); last occurrence retained",cashflow,,,,,,,,,,,41965.0,548.0,-47878.0,-5365.0,,,,,,,,
48,TCS,2024-03,,,,,,,,,,,,,DQ-02,"Duplicate (company_id, year); last occurrence retained",cashflow,,,,,,,,,,,44338.0,6091.0,-48536.0,1893.0,,,,,,,,
62,ABB,2014-03,,,,,,,,,,,,,DQ-02,"Duplicate (company_id, year); last occurrence retained",cashflow,,,,,,,,,,,155.0,-144.0,-42.0,-31.0,,,,,,,,
63,ABB,2015-03,,,,,,,,,,,,,DQ-02,"Duplicate (company_id, year); last occurrence retained",cashflow,,,,,,,,,,,215.0,-187.0,-58.0,-30.0,,,,,,,,
64,ABB,2016-03,,,,,,,,,,,,,DQ-02,"Duplicate (company_id, year); last occurrence retained",cashflow,,,,,,,,,,,249.0,-77.0,-80.0,91.0,,,,,,,,
65,ABB,2017-03,,,,,,,,,,,,,DQ-02,"Duplicate (company_id, year); last occurrence retained",cashflow,,,,,,,,,,,307.0,-155.0,-90.0,62.0,,,,,,,,
66,ABB,2018-03,,,,,,,,,,,,,DQ-02,"Duplicate (company_id, year); last occurrence retained",cashflow,,,,,,,,,,,153.0,-215.0,-102.0,-165.0,,,,,,,,
67,ABB,2019-03,,,,,,,,,,,,,DQ-02,"Duplicate (company_id, year); last occurrence retained",cashflow,,,,,,,,,,,499.0,-257.0,-143.0,99.0,,,,,,,,
68,ABB,2020-03,,,,,,,,,,,,,DQ-02,"Duplicate (company_id, year); last occurrence retained",cashflow,,,,,,,,,,,626.0,-401.0,-217.0,8.0,,,,,,,,
69,ABB,2021-03,,,,,,,,,,,,,DQ-02,"Duplicate (company_id, year); last occurrence retained",cashflow,,,,,,,,,,,727.0,-72.0,-582.0,73.0,,,,,,,,
70,ABB,2022-03,,,,,,,,,,,,,DQ-02,"Duplicate (company_id, year); last occurrence retained",cashflow,,,,,,,,,,,948.0,-396.0,-637.0,-86.0,,,,,,,,
71,ABB,2023-03,,,,,,,,,,,,,DQ-02,"Duplicate (company_id, year); last occurrence retained",cashflow,,,,,,,,,,,893.0,-148.0,-639.0,107.0,,,,,,,,
72,ABB,2024-03,,,,,,,,,,,,,DQ-02,"Duplicate (company_id, year); last occurrence retained",cashflow,,,,,,,,,,,1213.0,-416.0,-745.0,52.0,,,,,,,,
208,BAJAJ-AUTO,2013-03,,,,,,,,,,,,,DQ-02,"Duplicate (company_id, year); last occurrence retained",cashflow,,,,,,,,,,,2218.0,-1394.0,-1445.0,-621.0,,,,,,,,
209,BAJAJ-AUTO,2014-03,,,,,,,,,,,,,DQ-02,"Duplicate (company_id, year); last occurrence retained",cashflow,,,,,,,,,,,3502.0,-2072.0,-1496.0,-66.0,,,,,,,,
210,BAJAJ-AUTO,2015-03,,,,,,,,,,,,,DQ-02,"Duplicate (company_id, year); last occurrence retained",cashflow,,,,,,,,,,,2114.0,-380.0,-1644.0,90.0,,,,,,,,
211,BAJAJ-AUTO,2016-03,,,,,,,,,,,,,DQ-02,"Duplicate (company_id, year); last occurrence retained",cashflow,,,,,,,,,,,3690.0,-68.0,-3384.0,238.0,,,,,,,,
212,BAJAJ-AUTO,2017-03,,,,,,,,,,,,,DQ-02,"Duplicate (company_id, year); last occurrence retained",cashflow,,,,,,,,,,,3267.0,-3610.0,-190.0,-532.0,,,,,,,,
213,BAJAJ-AUTO,2018-03,,,,,,,,,,,,,DQ-02,"Duplicate (company_id, year); last occurrence retained",cashflow,,,,,,,,,,,4328.0,-1954.0,-1885.0,488.0,,,,,,,,
214,BAJAJ-AUTO,2019-03,,,,,,,,,,,,,DQ-02,"Duplicate (company_id, year); last occurrence retained",cashflow,,,,,,,,,,,2487.0,-273.0,-2074.0,140.0,,,,,,,,
215,BAJAJ-AUTO,2020-03,,,,,,,,,,,,,DQ-02,"Duplicate (company_id, year); last occurrence retained",cashflow,,,,,,,,,,,3850.0,1766.0,-6247.0,-630.0,,,,,,,,
216,BAJAJ-AUTO,2021-03,,,,,,,,,,,,,DQ-02,"Duplicate (company_id, year); last occurrence retained",cashflow,,,,,,,,,,,3120.0,-2869.0,-20.0,231.0,,,,,,,,
217,BAJAJ-AUTO,2022-03,,,,,,,,,,,,,DQ-02,"Duplicate (company_id, year); last occurrence retained",cashflow,,,,,,,,,,,4197.0,276.0,-4056.0,417.0,,,,,,,,
218,BAJAJ-AUTO,2023-03,,,,,,,,,,,,,DQ-02,"Duplicate (company_id, year); last occurrence retained",cashflow,,,,,,,,,,,5277.0,1211.0,-7181.0,-692.0,,,,,,,,
219,BAJAJ-AUTO,2024-03,,,,,,,,,,,,,DQ-02,"Duplicate (company_id, year); last occurrence retained",cashflow,,,,,,,,,,,6558.0,-72.0,-6167.0,319.0,,,,,,,,
17,WIPRO,,,,,,,,,,,,,,DQ-03,company_id not found in companies,analysis,,,,,,,,,,,,,,,10 Years:     8%,10 Years:          3%,    10 Years:     12%,10 Years:        18%,,,,
18,WIPRO,,,,,,,,,,,,,,DQ-03,company_id not found in companies,analysis,,,,,,,,,,,,,,,5 Years:       9%,5 Years:            4%,      5 Years:     20%,5 Years:          17%,,,,
19,WIPRO,,,,,,,,,,,,,,DQ-03,company_id not found in companies,analysis,,,,,,,,,,,,,,,3 Years:      13%,3 Years:            0%,      3 Years:      -1%,3 Years:          17%,,,,
20,WIPRO,,,,,,,,,,,,,,DQ-03,company_id not found in companies,analysis,,,,,,,,,,,,,,,TTM:           -3%,TTM:                 1%,      1 Year:       39%,Last Year:       14%,,,,
1458,ULTRACEMCO,,,,,,,,,,,,,,DQ-03,company_id not found in companies,documents,,,,,,,,,,,,,,,,,,,2024-03,https://www.bseindia.com/xml-data/corpfiling/AttachHis/954d56a4-0b0e-405d-b877-e7696fef9fb8.pdf,,
1459,ULTRACEMCO,,,,,,,,,,,,,,DQ-03,company_id not found in companies,documents,,,,,,,,,,,,,,,,,,,2023-03,https://www.bseindia.com/xml-data/corpfiling/AttachHis//26a2922a-4386-4819-a739-01f0196834a6.pdf,,
1460,ULTRACEMCO,,,,,,,,,,,,,,DQ-03,company_id not found in companies,documents,,,,,,,,,,,,,,,,,,,2022-03,https://www.bseindia.com/bseplus/AnnualReport/532538/73874532538.pdf,,
1461,ULTRACEMCO,,,,,,,,,,,,,,DQ-03,company_id not found in companies,documents,,,,,,,,,,,,,,,,,,,2021-03,https://www.bseindia.com/bseplus/AnnualReport/532538/69096532538.pdf,,
1462,ULTRACEMCO,,,,,,,,,,,,,,DQ-03,company_id not found in companies,documents,,,,,,,,,,,,,,,,,,,2020-03,https://www.bseindia.com/bseplus/AnnualReport/532538/5325380320.pdf,,
1463,ULTRACEMCO,,,,,,,,,,,,,,DQ-03,company_id not found in companies,documents,,,,,,,,,,,,,,,,,,,2019-03,https://www.bseindia.com/bseplus/AnnualReport/532538/5325380319.pdf,,
1464,ULTRACEMCO,,,,,,,,,,,,,,DQ-03,company_id not found in companies,documents,,,,,,,,,,,,,,,,,,,2018-03,https://www.bseindia.com/bseplus/AnnualReport/532538/5325380318.pdf,,
1465,ULTRACEMCO,,,,,,,,,,,,,,DQ-03,company_id not found in companies,documents,,,,,,,,,,,,,,,,,,,2017-03,https://www.bseindia.com/bseplus/AnnualReport/532538/5325380317.pdf,,
1466,ULTRACEMCO,,,,,,,,,,,,,,DQ-03,company_id not found in companies,documents,,,,,,,,,,,,,,,,,,,2016-03,https://www.bseindia.com/bseplus/AnnualReport/532538/5325380316.pdf,,
1467,ULTRACEMCO,,,,,,,,,,,,,,DQ-03,company_id not found in companies,documents,,,,,,,,,,,,,,,,,,,2015-03,https://www.bseindia.com/bseplus/AnnualReport/532538/5325380315.pdf,,
1468,ULTRACEMCO,,,,,,,,,,,,,,DQ-03,company_id not found in companies,documents,,,,,,,,,,,,,,,,,,,2014-03,https://www.bseindia.com/bseplus/AnnualReport/532538/5325380314.pdf,,
1469,ULTRACEMCO,,,,,,,,,,,,,,DQ-03,company_id not found in companies,documents,,,,,,,,,,,,,,,,,,,2013-03,https://www.bseindia.com/bseplus/AnnualReport/532538/5325380313.pdf,,
1470,ULTRACEMCO,,,,,,,,,,,,,,DQ-03,company_id not found in companies,documents,,,,,,,,,,,,,,,,,,,2012-03,https://www.bseindia.com/bseplus/AnnualReport/532538/5325380312.pdf,,
1471,ULTRACEMCO,,,,,,,,,,,,,,DQ-03,company_id not found in companies,documents,,,,,,,,,,,,,,,,,,,2011-03,Null,,
1472,ULTRACEMCO,,,,,,,,,,,,,,DQ-03,company_id not found in companies,documents,,,,,,,,,,,,,,,,,,,2010-03,Null,,
1473,ULTRACEMCO,,,,,,,,,,,,,,DQ-03,company_id not found in companies,documents,,,,,,,,,,,,,,,,,,,2009-03,Null,,
1474,UNIONBANK,,,,,,,,,,,,,,DQ-03,company_id not found in companies,documents,,,,,,,,,,,,,,,,,,,2024-03,https://www.bseindia.com/xml-data/corpfiling/AttachHis/a59b26ca-8c5f-424f-ae8d-27c1b78e35f3.pdf,,
1475,UNIONBANK,,,,,,,,,,,,,,DQ-03,company_id not found in companies,documents,,,,,,,,,,,,,,,,,,,2023-03,https://www.bseindia.com/xml-data/corpfiling/AttachHis//083844e2-7459-4598-a74d-1254dc28b4bc.pdf,,
1476,UNIONBANK,,,,,,,,,,,,,,DQ-03,company_id not found in companies,documents,,,,,,,,,,,,,,,,,,,2022-03,https://www.bseindia.com/bseplus/AnnualReport/532477/73178532477.pdf,,
1477,UNIONBANK,,,,,,,,,,,,,,DQ-03,company_id not found in companies,documents,,,,,,,,,,,,,,,,,,,2021-03,https://www.bseindia.com/bseplus/AnnualReport/532477/68848532477.pdf,,
1478,UNIONBANK,,,,,,,,,,,,,,DQ-03,company_id not found in companies,documents,,,,,,,,,,,,,,,,,,,2020-03,https://www.bseindia.com/bseplus/AnnualReport/532477/5324770320.pdf,,
1479,UNIONBANK,,,,,,,,,,,,,,DQ-03,company_id not found in companies,documents,,,,,,,,,,,,,,,,,,,2019-03,https://www.bseindia.com/bseplus/AnnualReport/532477/5324770319.pdf,,
1480,UNIONBANK,,,,,,,,,,,,,,DQ-03,company_id not found in companies,documents,,,,,,,,,,,,,,,,,,,2018-03,https://www.bseindia.com/bseplus/AnnualReport/532477/5324770318.pdf,,
1481,UNIONBANK,,,,,,,,,,,,,,DQ-03,company_id not found in companies,documents,,,,,,,,,,,,,,,,,,,2017-03,https://www.bseindia.com/bseplus/AnnualReport/532477/5324770317.pdf,,
1482,UNIONBANK,,,,,,,,,,,,,,DQ-03,company_id not found in companies,documents,,,,,,,,,,,,,,,,,,,2016-03,https://www.bseindia.com/bseplus/AnnualReport/532477/5324770316.pdf,,
1483,UNIONBANK,,,,,,,,,,,,,,DQ-03,company_id not found in companies,documents,,,,,,,,,,,,,,,,,,,2015-03,https://www.bseindia.com/bseplus/AnnualReport/532477/5324770315.pdf,,
1484,UNIONBANK,,,,,,,,,,,,,,DQ-03,company_id not found in companies,documents,,,,,,,,,,,,,,,,,,,2014-03,https://www.bseindia.com/bseplus/AnnualReport/532477/5324770314.pdf,,
1485,UNIONBANK,,,,,,,,,,,,,,DQ-03,company_id not found in companies,documents,,,,,,,,,,,,,,,,,,,2013-03,https://www.bseindia.com/bseplus/AnnualReport/532477/5324770313.pdf,,
1486,UNIONBANK,,,,,,,,,,,,,,DQ-03,company_id not found in companies,documents,,,,,,,,,,,,,,,,,,,2012-03,https://www.bseindia.com/bseplus/AnnualReport/532477/5324770312.pdf,,
1487,UNIONBANK,,,,,,,,,,,,,,DQ-03,company_id not found in companies,documents,,,,,,,,,,,,,,,,,,,2011-03,https://www.bseindia.com/bseplus/AnnualReport/532477/5324770311.pdf,,
1488,UNIONBANK,,,,,,,,,,,,,,DQ-03,company_id not found in companies,documents,,,,,,,,,,,,,,,,,,,2010-03,Null,,
1489,UNIONBANK,,,,,,,,,,,,,,DQ-03,company_id not found in companies,documents,,,,,,,,,,,,,,,,,,,2009-03,Null,,
1490,UNITDSPR,,,,,,,,,,,,,,DQ-03,company_id not found in companies,documents,,,,,,,,,,,,,,,,,,,2024-03,https://www.bseindia.com/xml-data/corpfiling/AttachHis/5a3fca91-db50-4b8f-b441-b923f2fa20a5.pdf,,
1491,UNITDSPR,,,,,,,,,,,,,,DQ-03,company_id not found in companies,documents,,,,,,,,,,,,,,,,,,,2023-03,https://www.bseindia.com/xml-data/corpfiling/AttachHis//a9f48c17-7320-41cd-8732-3fa67c480f1e.pdf,,
1492,UNITDSPR,,,,,,,,,,,,,,DQ-03,company_id not found in companies,documents,,,,,,,,,,,,,,,,,,,2022-03,https://www.bseindia.com/bseplus/AnnualReport/532432/73716532432.pdf,,
1493,UNITDSPR,,,,,,,,,,,,,,DQ-03,company_id not found in companies,documents,,,,,,,,,,,,,,,,,,,2021-03,https://www.bseindia.com/bseplus/AnnualReport/532432/69199532432.pdf,,
1494,UNITDSPR,,,,,,,,,,,,,,DQ-03,company_id not found in companies,documents,,,,,,,,,,,,,,,,,,,2020-03,https://www.bseindia.com/bseplus/AnnualReport/532432/5324320320.pdf,,
1495,UNITDSPR,,,,,,,,,,,,,,DQ-03,company_id not found in companies,documents,,,,,,,,,,,,,,,,,,,2019-03,https://www.bseindia.com/bseplus/AnnualReport/532432/5324320319.pdf,,
1496,UNITDSPR,,,,,,,,,,,,,,DQ-03,company_id not found in companies,documents,,,,,,,,,,,,,,,,,,,2018-03,https://www.bseindia.com/bseplus/AnnualReport/532432/5324320318.pdf,,
1497,UNITDSPR,,,,,,,,,,,,,,DQ-03,company_id not found in companies,documents,,,,,,,,,,,,,,,,,,,2017-03,https://www.bseindia.com/bseplus/AnnualReport/532432/5324320317.pdf,,
1498,UNITDSPR,,,,,,,,,,,,,,DQ-03,company_id not found in companies,documents,,,,,,,,,,,,,,,,,,,2016-03,https://www.bseindia.com/bseplus/AnnualReport/532432/5324320316.pdf,,
1499,UNITDSPR,,,,,,,,,,,,,,DQ-03,company_id not found in companies,documents,,,,,,,,,,,,,,,,,,,2015-03,https://www.bseindia.com/bseplus/AnnualReport/532432/5324320315.pdf,,
1500,UNITDSPR,,,,,,,,,,,,,,DQ-03,company_id not found in companies,documents,,,,,,,,,,,,,,,,,,,2014-03,https://www.bseindia.com/bseplus/AnnualReport/532432/5324320314.pdf,,
1501,UNITDSPR,,,,,,,,,,,,,,DQ-03,company_id not found in companies,documents,,,,,,,,,,,,,,,,,,,2013-03,https://www.bseindia.com/bseplus/AnnualReport/532432/5324320313.pdf,,
1502,UNITDSPR,,,,,,,,,,,,,,DQ-03,company_id not found in companies,documents,,,,,,,,,,,,,,,,,,,2012-03,https://www.bseindia.com/bseplus/AnnualReport/532432/5324320312.pdf,,
1503,UNITDSPR,,,,,,,,,,,,,,DQ-03,company_id not found in companies,documents,,,,,,,,,,,,,,,,,,,2011-03,Null,,
1504,UNITDSPR,,,,,,,,,,,,,,DQ-03,company_id not found in companies,documents,,,,,,,,,,,,,,,,,,,2010-03,Null,,
1505,UNITDSPR,,,,,,,,,,,,,,DQ-03,company_id not found in companies,documents,,,,,,,,,,,,,,,,,,,2009-03,Null,,
1506,VBL,,,,,,,,,,,,,,DQ-03,company_id not found in companies,documents,,,,,,,,,,,,,,,,,,,2024-03,Null,,
1507,VBL,,,,,,,,,,,,,,DQ-03,company_id not found in companies,documents,,,,,,,,,,,,,,,,,,,2023-03,https://www.bseindia.com/xml-data/corpfiling/AttachHis/2a9652ba-0b38-432b-8e1c-04a3c6a60cfd.pdf,,
1508,VBL,,,,,,,,,,,,,,DQ-03,company_id not found in companies,documents,,,,,,,,,,,,,,,,,,,2022-03,https://www.bseindia.com/xml-data/corpfiling/AttachHis//357821ff-40cf-4624-82fa-1c19624da856.pdf,,
1509,VBL,,,,,,,,,,,,,,DQ-03,company_id not found in companies,documents,,,,,,,,,,,,,,,,,,,2021-03,https://www.bseindia.com/bseplus/AnnualReport/540180/72941540180.pdf,,
1510,VBL,,,,,,,,,,,,,,DQ-03,company_id not found in companies,documents,,,,,,,,,,,,,,,,,,,2020-03,https://www.bseindia.com/bseplus/AnnualReport/540180/68364540180.pdf,,
1511,VBL,,,,,,,,,,,,,,DQ-03,company_id not found in companies,documents,,,,,,,,,,,,,,,,,,,2019-03,https://www.bseindia.com/bseplus/AnnualReport/540180/5401801219.pdf,,
1512,VBL,,,,,,,,,,,,,,DQ-03,company_id not found in companies,documents,,,,,,,,,,,,,,,,,,,2018-03,https://www.bseindia.com/bseplus/AnnualReport/540180/5401801218.pdf,,
1513,VBL,,,,,,,,,,,,,,DQ-03,company_id not found in companies,documents,,,,,,,,,,,,,,,,,,,2017-03,https://www.bseindia.com/bseplus/AnnualReport/540180/5401801217.pdf,,
1514,VBL,,,,,,,,,,,,,,DQ-03,company_id not found in companies,documents,,,,,,,,,,,,,,,,,,,2016-03,https://www.bseindia.com/bseplus/AnnualReport/540180/5401801216.pdf,,
1515,VBL,,,,,,,,,,,,,,DQ-03,company_id not found in companies,documents,,,,,,,,,,,,,,,,,,,2015-03,Null,,
1516,VBL,,,,,,,,,,,,,,DQ-03,company_id not found in companies,documents,,,,,,,,,,,,,,,,,,,2014-03,Null,,
1517,VBL,,,,,,,,,,,,,,DQ-03,company_id not found in companies,documents,,,,,,,,,,,,,,,,,,,2013-03,Null,,
1518,VBL,,,,,,,,,,,,,,DQ-03,company_id not found in companies,documents,,,,,,,,,,,,,,,,,,,2012-03,Null,,
1519,VBL,,,,,,,,,,,,,,DQ-03,company_id not found in companies,documents,,,,,,,,,,,,,,,,,,,2011-03,Null,,
1520,VBL,,,,,,,,,,,,,,DQ-03,company_id not found in companies,documents,,,,,,,,,,,,,,,,,,,2010-03,Null,,
1521,VBL,,,,,,,,,,,,,,DQ-03,company_id not found in companies,documents,,,,,,,,,,,,,,,,,,,2009-03,Null,,
1522,VEDL,,,,,,,,,,,,,,DQ-03,company_id not found in companies,documents,,,,,,,,,,,,,,,,,,,2024-03,https://www.bseindia.com/xml-data/corpfiling/AttachHis/d4d3e3bc-fe5a-4184-b181-b5455d60f11a.pdf,,
1523,VEDL,,,,,,,,,,,,,,DQ-03,company_id not found in companies,documents,,,,,,,,,,,,,,,,,,,2023-03,https://www.bseindia.com/xml-data/corpfiling/AttachHis//a04c4068-5204-4adb-8611-f12be2663d7d.pdf,,
1524,VEDL,,,,,,,,,,,,,,DQ-03,company_id not found in companies,documents,,,,,,,,,,,,,,,,,,,2022-03,https://www.bseindia.com/bseplus/AnnualReport/500295/73739500295.pdf,,
1525,VEDL,,,,,,,,,,,,,,DQ-03,company_id not found in companies,documents,,,,,,,,,,,,,,,,,,,2021-03,https://www.bseindia.com/bseplus/AnnualReport/500295/68971500295_28_09_21.pdf,,
1526,VEDL,,,,,,,,,,,,,,DQ-03,company_id not found in companies,documents,,,,,,,,,,,,,,,,,,,2020-03,https://www.bseindia.com/bseplus/AnnualReport/500295/66998500295.pdf,,
1527,VEDL,,,,,,,,,,,,,,DQ-03,company_id not found in companies,documents,,,,,,,,,,,,,,,,,,,2019-03,https://www.bseindia.com/bseplus/AnnualReport/500295/5002950319.pdf,,
1528,VEDL,,,,,,,,,,,,,,DQ-03,company_id not found in companies,documents,,,,,,,,,,,,,,,,,,,2018-03,https://www.bseindia.com/bseplus/AnnualReport/500295/5002950318.pdf,,
1529,VEDL,,,,,,,,,,,,,,DQ-03,company_id not found in companies,documents,,,,,,,,,,,,,,,,,,,2017-03,https://www.bseindia.com/bseplus/AnnualReport/500295/5002950317.pdf,,
1530,VEDL,,,,,,,,,,,,,,DQ-03,company_id not found in companies,documents,,,,,,,,,,,,,,,,,,,2016-03,https://www.bseindia.com/bseplus/AnnualReport/500295/5002950316.pdf,,
1531,VEDL,,,,,,,,,,,,,,DQ-03,company_id not found in companies,documents,,,,,,,,,,,,,,,,,,,2015-03,https://www.bseindia.com/bseplus/AnnualReport/500295/5002950315.pdf,,
1532,VEDL,,,,,,,,,,,,,,DQ-03,company_id not found in companies,documents,,,,,,,,,,,,,,,,,,,2014-03,https://www.bseindia.com/bseplus/AnnualReport/500295/5002950312.pdf,,
1533,VEDL,,,,,,,,,,,,,,DQ-03,company_id not found in companies,documents,,,,,,,,,,,,,,,,,,,2013-03,https://www.bseindia.com/bseplus/AnnualReport/500295/5002950312.pdf,,
1534,VEDL,,,,,,,,,,,,,,DQ-03,company_id not found in companies,documents,,,,,,,,,,,,,,,,,,,2012-03,https://www.bseindia.com/bseplus/AnnualReport/500295/5002950312.pdf,,
1535,VEDL,,,,,,,,,,,,,,DQ-03,company_id not found in companies,documents,,,,,,,,,,,,,,,,,,,2011-03,https://www.bseindia.com/bseplus/AnnualReport/500295/5002950311.pdf,,
1536,VEDL,,,,,,,,,,,,,,DQ-03,company_id not found in companies,documents,,,,,,,,,,,,,,,,,,,2010-03,Null,,
1537,VEDL,,,,,,,,,,,,,,DQ-03,company_id not found in companies,documents,,,,,,,,,,,,,,,,,,,2009-03,Null,,
1538,WIPRO,,,,,,,,,,,,,,DQ-03,company_id not found in companies,documents,,,,,,,,,,,,,,,,,,,2024-03,https://www.bseindia.com/xml-data/corpfiling/AttachHis/53cec073-5278-4dcd-9066-2fd101023af5.pdf,,
1539,WIPRO,,,,,,,,,,,,,,DQ-03,company_id not found in companies,documents,,,,,,,,,,,,,,,,,,,2023-03,https://www.bseindia.com/xml-data/corpfiling/AttachHis//ea6ff555-0162-4acf-98b2-0ef7a7a26699.pdf,,
1540,WIPRO,,,,,,,,,,,,,,DQ-03,company_id not found in companies,documents,,,,,,,,,,,,,,,,,,,2022-03,https://www.bseindia.com/bseplus/AnnualReport/507685/73311507685.pdf,,
1541,WIPRO,,,,,,,,,,,,,,DQ-03,company_id not found in companies,documents,,,,,,,,,,,,,,,,,,,2021-03,https://www.bseindia.com/bseplus/AnnualReport/507685/68597507685.pdf,,
1542,WIPRO,,,,,,,,,,,,,,DQ-03,company_id not found in companies,documents,,,,,,,,,,,,,,,,,,,2020-03,https://www.bseindia.com/bseplus/AnnualReport/507685/5076850320.pdf,,
1543,WIPRO,,,,,,,,,,,,,,DQ-03,company_id not found in companies,documents,,,,,,,,,,,,,,,,,,,2019-03,https://www.bseindia.com/bseplus/AnnualReport/507685/5076850319.pdf,,
1544,WIPRO,,,,,,,,,,,,,,DQ-03,company_id not found in companies,documents,,,,,,,,,,,,,,,,,,,2018-03,https://www.bseindia.com/bseplus/AnnualReport/507685/5076850318.pdf,,
1545,WIPRO,,,,,,,,,,,,,,DQ-03,company_id not found in companies,documents,,,,,,,,,,,,,,,,,,,2017-03,https://www.bseindia.com/bseplus/AnnualReport/507685/5076850317.pdf,,
1546,WIPRO,,,,,,,,,,,,,,DQ-03,company_id not found in companies,documents,,,,,,,,,,,,,,,,,,,2016-03,https://www.bseindia.com/bseplus/AnnualReport/507685/5076850316.pdf,,
1547,WIPRO,,,,,,,,,,,,,,DQ-03,company_id not found in companies,documents,,,,,,,,,,,,,,,,,,,2015-03,https://www.bseindia.com/bseplus/AnnualReport/507685/5076850315.pdf,,
1548,WIPRO,,,,,,,,,,,,,,DQ-03,company_id not found in companies,documents,,,,,,,,,,,,,,,,,,,2014-03,https://www.bseindia.com/bseplus/AnnualReport/507685/5076850314.pdf,,
1549,WIPRO,,,,,,,,,,,,,,DQ-03,company_id not found in companies,documents,,,,,,,,,,,,,,,,,,,2013-03,https://www.bseindia.com/bseplus/AnnualReport/507685/5076850313.pdf,,
1550,WIPRO,,,,,,,,,,,,,,DQ-03,company_id not found in companies,documents,,,,,,,,,,,,,,,,,,,2012-03,https://www.bseindia.com/bseplus/AnnualReport/507685/5076850312.pdf,,
1551,WIPRO,,,,,,,,,,,,,,DQ-03,company_id not found in companies,documents,,,,,,,,,,,,,,,,,,,2011-03,https://www.bseindia.com/bseplus/AnnualReport/507685/5076850311.pdf,,
1552,WIPRO,,,,,,,,,,,,,,DQ-03,company_id not found in companies,documents,,,,,,,,,,,,,,,,,,,2010-03,Null,,
1553,WIPRO,,,,,,,,,,,,,,DQ-03,company_id not found in companies,documents,,,,,,,,,,,,,,,,,,,2009-03,Null,,
1554,ZOMATO,,,,,,,,,,,,,,DQ-03,company_id not found in companies,documents,,,,,,,,,,,,,,,,,,,2024-03,https://www.bseindia.com/xml-data/corpfiling/AttachHis/629bfe24-4e55-4b14-957e-8c8bc5828ff0.pdf,,
1555,ZOMATO,,,,,,,,,,,,,,DQ-03,company_id not found in companies,documents,,,,,,,,,,,,,,,,,,,2023-03,https://www.bseindia.com/xml-data/corpfiling/AttachHis/0e0e9b68-2d04-41bf-9f59-fb539e330baf.pdf,,
1556,ZOMATO,,,,,,,,,,,,,,DQ-03,company_id not found in companies,documents,,,,,,,,,,,,,,,,,,,2022-03,https://www.bseindia.com/bseplus/AnnualReport/543320/74160543320.pdf,,
1557,ZOMATO,,,,,,,,,,,,,,DQ-03,company_id not found in companies,documents,,,,,,,,,,,,,,,,,,,2021-03,Null,,
1558,ZOMATO,,,,,,,,,,,,,,DQ-03,company_id not found in companies,documents,,,,,,,,,,,,,,,,,,,2020-03,Null,,
1559,ZOMATO,,,,,,,,,,,,,,DQ-03,company_id not found in companies,documents,,,,,,,,,,,,,,,,,,,2019-03,Null,,
1560,ZOMATO,,,,,,,,,,,,,,DQ-03,company_id not found in companies,documents,,,,,,,,,,,,,,,,,,,2018-03,Null,,
1561,ZOMATO,,,,,,,,,,,,,,DQ-03,company_id not found in companies,documents,,,,,,,,,,,,,,,,,,,2017-03,Null,,
1562,ZOMATO,,,,,,,,,,,,,,DQ-03,company_id not found in companies,documents,,,,,,,,,,,,,,,,,,,2016-03,Null,,
1563,ZOMATO,,,,,,,,,,,,,,DQ-03,company_id not found in companies,documents,,,,,,,,,,,,,,,,,,,2015-03,Null,,
1564,ZOMATO,,,,,,,,,,,,,,DQ-03,company_id not found in companies,documents,,,,,,,,,,,,,,,,,,,2014-03,Null,,
1565,ZOMATO,,,,,,,,,,,,,,DQ-03,company_id not found in companies,documents,,,,,,,,,,,,,,,,,,,2013-03,Null,,
1566,ZOMATO,,,,,,,,,,,,,,DQ-03,company_id not found in companies,documents,,,,,,,,,,,,,,,,,,,2012-03,Null,,
1567,ZOMATO,,,,,,,,,,,,,,DQ-03,company_id not found in companies,documents,,,,,,,,,,,,,,,,,,,2011-03,Null,,
1568,ZOMATO,,,,,,,,,,,,,,DQ-03,company_id not found in companies,documents,,,,,,,,,,,,,,,,,,,2010-03,Null,,
1569,ZOMATO,,,,,,,,,,,,,,DQ-03,company_id not found in companies,documents,,,,,,,,,,,,,,,,,,,2009-03,Null,,
1570,ZYDUSLIFE,,,,,,,,,,,,,,DQ-03,company_id not found in companies,documents,,,,,,,,,,,,,,,,,,,2024-03,https://www.bseindia.com/xml-data/corpfiling/AttachHis/cb20386b-4a53-40b3-a9fb-dc63f99696f3.pdf,,
1571,ZYDUSLIFE,,,,,,,,,,,,,,DQ-03,company_id not found in companies,documents,,,,,,,,,,,,,,,,,,,2023-03,https://www.bseindia.com/xml-data/corpfiling/AttachHis//fca8fc8e-6400-47eb-bbbe-1eaefff703d4.pdf,,
1572,ZYDUSLIFE,,,,,,,,,,,,,,DQ-03,company_id not found in companies,documents,,,,,,,,,,,,,,,,,,,2022-03,https://www.bseindia.com/bseplus/AnnualReport/532321/73737532321.pdf,,
1573,ZYDUSLIFE,,,,,,,,,,,,,,DQ-03,company_id not found in companies,documents,,,,,,,,,,,,,,,,,,,2021-03,https://www.bseindia.com/bseplus/AnnualReport/532321/68976532321.pdf,,
1574,ZYDUSLIFE,,,,,,,,,,,,,,DQ-03,company_id not found in companies,documents,,,,,,,,,,,,,,,,,,,2020-03,https://www.bseindia.com/bseplus/AnnualReport/532321/5323210320.pdf,,
1575,ZYDUSLIFE,,,,,,,,,,,,,,DQ-03,company_id not found in companies,documents,,,,,,,,,,,,,,,,,,,2019-03,https://www.bseindia.com/bseplus/AnnualReport/532321/5323210319.pdf,,
1576,ZYDUSLIFE,,,,,,,,,,,,,,DQ-03,company_id not found in companies,documents,,,,,,,,,,,,,,,,,,,2018-03,https://www.bseindia.com/bseplus/AnnualReport/532321/5323210318.pdf,,
1577,ZYDUSLIFE,,,,,,,,,,,,,,DQ-03,company_id not found in companies,documents,,,,,,,,,,,,,,,,,,,2017-03,https://www.bseindia.com/bseplus/AnnualReport/532321/5323210317.pdf,,
1578,ZYDUSLIFE,,,,,,,,,,,,,,DQ-03,company_id not found in companies,documents,,,,,,,,,,,,,,,,,,,2016-03,https://www.bseindia.com/bseplus/AnnualReport/532321/5323210316.pdf,,
1579,ZYDUSLIFE,,,,,,,,,,,,,,DQ-03,company_id not found in companies,documents,,,,,,,,,,,,,,,,,,,2015-03,https://www.bseindia.com/bseplus/AnnualReport/532321/5323210315.pdf,,
1580,ZYDUSLIFE,,,,,,,,,,,,,,DQ-03,company_id not found in companies,documents,,,,,,,,,,,,,,,,,,,2014-03,https://www.bseindia.com/bseplus/AnnualReport/532321/5323210314.pdf,,
1581,ZYDUSLIFE,,,,,,,,,,,,,,DQ-03,company_id not found in companies,documents,,,,,,,,,,,,,,,,,,,2013-03,https://www.bseindia.com/bseplus/AnnualReport/532321/5323210313.pdf,,
1582,ZYDUSLIFE,,,,,,,,,,,,,,DQ-03,company_id not found in companies,documents,,,,,,,,,,,,,,,,,,,2012-03,https://www.bseindia.com/bseplus/AnnualReport/532321/5323210312.pdf,,
1583,ZYDUSLIFE,,,,,,,,,,,,,,DQ-03,company_id not found in companies,documents,,,,,,,,,,,,,,,,,,,2011-03,https://www.bseindia.com/bseplus/AnnualReport/532321/5323210311.pdf,,
1584,ZYDUSLIFE,,,,,,,,,,,,,,DQ-03,company_id not found in companies,documents,,,,,,,,,,,,,,,,,,,2010-03,Null,,
1585,ZYDUSLIFE,,,,,,,,,,,,,,DQ-03,company_id not found in companies,documents,,,,,,,,,,,,,,,,,,,2009-03,Null,,
12,WIPRO,,,,,,,,,,,,,,DQ-03,company_id not found in companies,prosandcons,,,,,,,,,,,,,,,,,,,,,,The company has delivered a poor sales growth of 8.75% over past five years.
13,WIPRO,,,,,,,,,,,,,,DQ-03,company_id not found in companies,prosandcons,,,,,,,,,,,,,,,,,,,,,,Dividend payout has been low at 12.2% of profits over last 3 years
